timestamp;address;pdu_type_code;pdu_type_name;length_bytes;rssi_dbm;channel;uuid;major;minor;tx_power_dbm;raw_hex;source_field;device_id;canonical_uuid;calibrated_rssi_dbm;received_power_w;received_power_nw;airtime_us;frame_energy_j;frame_energy_nj;alert_level;alert_metric_name;alert_metric_value
1784755769.934716;45:15:84:e0:59:c0;0;ADV_IND;36;-62.0;38;00112233-4455-6677-8899-aabbccddeeff;20993;12289;-56;021500112233445566778899aabbccddeeff52013001c8;btcommon.eir_ad.entry.data;Appareil_001;00112233-4455-6677-8899-aabbccddeeff;-62.0;6.309573444801942e-10;0.6309573444801942;368.0;2.321923027687115e-13;0.0002321923027687115;ORANGE;RSSI;-62.0
1784755769.961086;45:15:84:e0:59:c0;0;ADV_IND;36;-70.0;39;00112233-4455-6677-8899-aabbccddeeff;20993;12289;-56;021500112233445566778899aabbccddeeff52013001c8;btcommon.eir_ad.entry.data;Appareil_001;00112233-4455-6677-8899-aabbccddeeff;-70.0;1e-10;0.1;368.0;3.68e-14;3.68e-05;ORANGE;RSSI;-70.0
1784755770.214178;45:15:84:e0:59:c0;0;ADV_IND;36;-61.0;38;00112233-4455-6677-8899-aabbccddeeff;20993;12289;-56;021500112233445566778899aabbccddeeff52013001c8;btcommon.eir_ad.entry.data;Appareil_001;00112233-4455-6677-8899-aabbccddeeff;-61.0;7.943282347242822e-10;0.7943282347242822;368.0;2.9231279037853586e-13;0.00029231279037853587;ORANGE;RSSI;-61.0
1784755770.245307;45:15:84:e0:59:c0;0;ADV_IND;36;-70.0;39;00112233-4455-6677-8899-aabbccddeeff;20993;12289;-56;021500112233445566778899aabbccddeeff52013001c8;btcommon.eir_ad.entry.data;Appareil_001;00112233-4455-6677-8899-aabbccddeeff;-70.0;1e-10;0.1;368.0;3.68e-14;3.68e-05;ORANGE;RSSI;-70.0
1784755770.571253;45:15:84:e0:59:c0;0;ADV_IND;36;-61.0;38;00112233-4455-6677-8899-aabbccddeeff;20993;12289;-56;021500112233445566778899aabbccddeeff52013001c8;btcommon.eir_ad.entry.data;Appareil_001;00112233-4455-6677-8899-aabbccddeeff;-61.0;7.943282347242822e-10;0.7943282347242822;368.0;2.9231279037853586e-13;0.00029231279037853587;ORANGE;RSSI;-61.0
1784755770.607975;45:15:84:e0:59:c0;0;ADV_IND;36;-70.0;39;00112233-4455-6677-8899-aabbccddeeff;20993;12289;-56;021500112233445566778899aabbccddeeff52013001c8;btcommon.eir_ad.entry.data;Appareil_001;00112233-4455-6677-8899-aabbccddeeff;-70.0;1e-10;0.1;368.0;3.68e-14;3.68e-05;ORANGE;RSSI;-70.0
1784755770.795037;45:15:84:e0:59:c0;0;ADV_IND;36;-62.0;38;00112233-4455-6677-8899-aabbccddeeff;20993;12289;-56;021500112233445566778899aabbccddeeff52013001c8;btcommon.eir_ad.entry.data;Appareil_001;00112233-4455-6677-8899-aabbccddeeff;-62.0;6.309573444801942e-10;0.6309573444801942;368.0;2.321923027687115e-13;0.0002321923027687115;ORANGE;RSSI;-62.0
1784755770.82158;45:15:84:e0:59:c0;0;ADV_IND;36;-70.0;39;00112233-4455-6677-8899-aabbccddeeff;20993;12289;-56;021500112233445566778899aabbccddeeff52013001c8;btcommon.eir_ad.entry.data;Appareil_001;00112233-4455-6677-8899-aabbccddeeff;-70.0;1e-10;0.1;368.0;3.68e-14;3.68e-05;ORANGE;RSSI;-70.0
1784755771.080406;45:15:84:e0:59:c0;0;ADV_IND;36;-62.0;38;00112233-4455-6677-8899-aabbccddeeff;20993;12289;-56;021500112233445566778899aabbccddeeff52013001c8;btcommon.eir_ad.entry.data;Appareil_001;00112233-4455-6677-8899-aabbccddeeff;-62.0;6.309573444801942e-10;0.6309573444801942;368.0;2.321923027687115e-13;0.0002321923027687115;ORANGE;RSSI;-62.0
1784755771.112385;45:15:84:e0:59:c0;0;ADV_IND;36;-70.0;39;00112233-4455-6677-8899-aabbccddeeff;20993;12289;-56;021500112233445566778899aabbccddeeff52013001c8;btcommon.eir_ad.entry.data;Appareil_001;00112233-4455-6677-8899-aabbccddeeff;-70.0;1e-10;0.1;368.0;3.68e-14;3.68e-05;ORANGE;RSSI;-70.0
1784755771.390798;45:15:84:e0:59:c0;0;ADV_IND;36;-63.0;37;00112233-4455-6677-8899-aabbccddeeff;20993;12289;-56;021500112233445566778899aabbccddeeff52013001c8;btcommon.eir_ad.entry.data;Appareil_001;00112233-4455-6677-8899-aabbccddeeff;-63.0;5.011872336272714e-10;0.5011872336272715;368.0;1.8443690197483588e-13;0.00018443690197483587;ORANGE;RSSI;-63.0
1784755771.417424;45:15:84:e0:59:c0;0;ADV_IND;36;-62.0;38;00112233-4455-6677-8899-aabbccddeeff;20993;12289;-56;021500112233445566778899aabbccddeeff52013001c8;btcommon.eir_ad.entry.data;Appareil_001;00112233-4455-6677-8899-aabbccddeeff;-62.0;6.309573444801942e-10;0.6309573444801942;368.0;2.321923027687115e-13;0.0002321923027687115;ORANGE;RSSI;-62.0
1784755771.449166;45:15:84:e0:59:c0;0;ADV_IND;36;-70.0;39;00112233-4455-6677-8899-aabbccddeeff;20993;12289;-56;021500112233445566778899aabbccddeeff52013001c8;btcommon.eir_ad.entry.data;Appareil_001;00112233-4455-6677-8899-aabbccddeeff;-70.0;1e-10;0.1;368.0;3.68e-14;3.68e-05;ORANGE;RSSI;-70.0
1784755771.929491;45:15:84:e0:59:c0;0;ADV_IND;36;-63.0;38;00112233-4455-6677-8899-aabbccddeeff;20993;12289;-56;021500112233445566778899aabbccddeeff52013001c8;btcommon.eir_ad.entry.data;Appareil_001;00112233-4455-6677-8899-aabbccddeeff;-63.0;5.011872336272714e-10;0.5011872336272715;368.0;1.8443690197483588e-13;0.00018443690197483587;ORANGE;RSSI;-63.0
1784755771.950875;45:15:84:e0:59:c0;0;ADV_IND;36;-72.0;39;00112233-4455-6677-8899-aabbccddeeff;20993;12289;-56;021500112233445566778899aabbccddeeff52013001c8;btcommon.eir_ad.entry.data;Appareil_001;00112233-4455-6677-8899-aabbccddeeff;-72.0;6.309573444801942e-11;0.06309573444801943;368.0;2.3219230276871145e-14;2.3219230276871145e-05;VERT;RSSI;-72.0
1784755772.79254;45:15:84:e0:59:c0;0;ADV_IND;36;-64.0;38;00112233-4455-6677-8899-aabbccddeeff;20993;12289;-56;021500112233445566778899aabbccddeeff52013001c8;btcommon.eir_ad.entry.data;Appareil_001;00112233-4455-6677-8899-aabbccddeeff;-64.0;3.9810717055349694e-10;0.3981071705534969;368.0;1.4650343876368686e-13;0.00014650343876368684;ORANGE;RSSI;-64.0
1784755772.819056;45:15:84:e0:59:c0;0;ADV_IND;36;-66.0;39;00112233-4455-6677-8899-aabbccddeeff;20993;12289;-56;021500112233445566778899aabbccddeeff52013001c8;btcommon.eir_ad.entry.data;Appareil_001;00112233-4455-6677-8899-aabbccddeeff;-66.0;2.511886431509582e-10;0.2511886431509582;368.0;9.243742067955261e-14;9.24374206795526e-05;ORANGE;RSSI;-66.0
1784755773.078382;45:15:84:e0:59:c0;0;ADV_IND;36;-66.0;38;00112233-4455-6677-8899-aabbccddeeff;20993;12289;-56;021500112233445566778899aabbccddeeff52013001c8;btcommon.eir_ad.entry.data;Appareil_001;00112233-4455-6677-8899-aabbccddeeff;-66.0;2.511886431509582e-10;0.2511886431509582;368.0;9.243742067955261e-14;9.24374206795526e-05;ORANGE;RSSI;-66.0
1784755773.099653;45:15:84:e0:59:c0;0;ADV_IND;36;-66.0;39;00112233-4455-6677-8899-aabbccddeeff;20993;12289;-56;021500112233445566778899aabbccddeeff52013001c8;btcommon.eir_ad.entry.data;Appareil_001;00112233-4455-6677-8899-aabbccddeeff;-66.0;2.511886431509582e-10;0.2511886431509582;368.0;9.243742067955261e-14;9.24374206795526e-05;ORANGE;RSSI;-66.0
1784755773.388321;45:15:84:e0:59:c0;0;ADV_IND;36;-69.0;38;00112233-4455-6677-8899-aabbccddeeff;20993;12289;-56;021500112233445566778899aabbccddeeff52013001c8;btcommon.eir_ad.entry.data;Appareil_001;00112233-4455-6677-8899-aabbccddeeff;-69.0;1.2589254117941662e-10;0.12589254117941662;368.0;4.6328455154025316e-14;4.632845515402532e-05;ORANGE;RSSI;-69.0
1784755773.419701;45:15:84:e0:59:c0;0;ADV_IND;36;-71.0;39;00112233-4455-6677-8899-aabbccddeeff;20993;12289;-56;021500112233445566778899aabbccddeeff52013001c8;btcommon.eir_ad.entry.data;Appareil_001;00112233-4455-6677-8899-aabbccddeeff;-71.0;7.943282347242822e-11;0.07943282347242822;368.0;2.923127903785358e-14;2.9231279037853582e-05;VERT;RSSI;-71.0
1784755773.958555;45:15:84:e0:59:c0;0;ADV_IND;36;-64.0;38;00112233-4455-6677-8899-aabbccddeeff;20993;12289;-56;021500112233445566778899aabbccddeeff52013001c8;btcommon.eir_ad.entry.data;Appareil_001;00112233-4455-6677-8899-aabbccddeeff;-64.0;3.9810717055349694e-10;0.3981071705534969;368.0;1.4650343876368686e-13;0.00014650343876368684;ORANGE;RSSI;-64.0
1784755773.984707;45:15:84:e0:59:c0;0;ADV_IND;36;-66.0;39;00112233-4455-6677-8899-aabbccddeeff;20993;12289;-56;021500112233445566778899aabbccddeeff52013001c8;btcommon.eir_ad.entry.data;Appareil_001;00112233-4455-6677-8899-aabbccddeeff;-66.0;2.511886431509582e-10;0.2511886431509582;368.0;9.243742067955261e-14;9.24374206795526e-05;ORANGE;RSSI;-66.0
1784755774.20282;45:15:84:e0:59:c0;0;ADV_IND;36;-58.0;37;00112233-4455-6677-8899-aabbccddeeff;20993;12289;-56;021500112233445566778899aabbccddeeff52013001c8;btcommon.eir_ad.entry.data;Appareil_001;00112233-4455-6677-8899-aabbccddeeff;-58.0;1.584893192461111e-09;1.584893192461111;368.0;5.832406948256888e-13;0.0005832406948256888;ROUGE;RSSI;-58.0
1784755774.244529;45:15:84:e0:59:c0;0;ADV_IND;36;-59.0;38;00112233-4455-6677-8899-aabbccddeeff;20993;12289;-56;021500112233445566778899aabbccddeeff52013001c8;btcommon.eir_ad.entry.data;Appareil_001;00112233-4455-6677-8899-aabbccddeeff;-59.0;1.2589254117941663e-09;1.2589254117941662;368.0;4.632845515402531e-13;0.00046328455154025314;ROUGE;RSSI;-59.0
1784755774.265976;45:15:84:e0:59:c0;0;ADV_IND;36;-68.0;39;00112233-4455-6677-8899-aabbccddeeff;20993;12289;-56;021500112233445566778899aabbccddeeff52013001c8;btcommon.eir_ad.entry.data;Appareil_001;00112233-4455-6677-8899-aabbccddeeff;-68.0;1.584893192461111e-10;0.1584893192461111;368.0;5.832406948256888e-14;5.8324069482568874e-05;ORANGE;RSSI;-68.0
1784755774.826054;45:15:84:e0:59:c0;0;ADV_IND;36;-58.0;38;00112233-4455-6677-8899-aabbccddeeff;20993;12289;-56;021500112233445566778899aabbccddeeff52013001c8;btcommon.eir_ad.entry.data;Appareil_001;00112233-4455-6677-8899-aabbccddeeff;-58.0;1.584893192461111e-09;1.584893192461111;368.0;5.832406948256888e-13;0.0005832406948256888;ROUGE;RSSI;-58.0
1784755774.858359;45:15:84:e0:59:c0;0;ADV_IND;36;-62.0;39;00112233-4455-6677-8899-aabbccddeeff;20993;12289;-56;021500112233445566778899aabbccddeeff52013001c8;btcommon.eir_ad.entry.data;Appareil_001;00112233-4455-6677-8899-aabbccddeeff;-62.0;6.309573444801942e-10;0.6309573444801942;368.0;2.321923027687115e-13;0.0002321923027687115;ORANGE;RSSI;-62.0
1784755775.380561;45:15:84:e0:59:c0;0;ADV_IND;36;-58.0;38;00112233-4455-6677-8899-aabbccddeeff;20993;12289;-56;021500112233445566778899aabbccddeeff52013001c8;btcommon.eir_ad.entry.data;Appareil_001;00112233-4455-6677-8899-aabbccddeeff;-58.0;1.584893192461111e-09;1.584893192461111;368.0;5.832406948256888e-13;0.0005832406948256888;ROUGE;RSSI;-58.0
1784755775.412694;45:15:84:e0:59:c0;0;ADV_IND;36;-62.0;39;00112233-4455-6677-8899-aabbccddeeff;20993;12289;-56;021500112233445566778899aabbccddeeff52013001c8;btcommon.eir_ad.entry.data;Appareil_001;00112233-4455-6677-8899-aabbccddeeff;-62.0;6.309573444801942e-10;0.6309573444801942;368.0;2.321923027687115e-13;0.0002321923027687115;ORANGE;RSSI;-62.0
1784755776.239664;45:15:84:e0:59:c0;0;ADV_IND;36;-58.0;38;00112233-4455-6677-8899-aabbccddeeff;20993;12289;-56;021500112233445566778899aabbccddeeff52013001c8;btcommon.eir_ad.entry.data;Appareil_001;00112233-4455-6677-8899-aabbccddeeff;-58.0;1.584893192461111e-09;1.584893192461111;368.0;5.832406948256888e-13;0.0005832406948256888;ROUGE;RSSI;-58.0
1784755776.265901;45:15:84:e0:59:c0;0;ADV_IND;36;-60.0;39;00112233-4455-6677-8899-aabbccddeeff;20993;12289;-56;021500112233445566778899aabbccddeeff52013001c8;btcommon.eir_ad.entry.data;Appareil_001;00112233-4455-6677-8899-aabbccddeeff;-60.0;1e-09;1.0;368.0;3.68e-13;0.000368;ROUGE;RSSI;-60.0
1784755776.565241;45:15:84:e0:59:c0;0;ADV_IND;36;-57.0;38;00112233-4455-6677-8899-aabbccddeeff;20993;12289;-56;021500112233445566778899aabbccddeeff52013001c8;btcommon.eir_ad.entry.data;Appareil_001;00112233-4455-6677-8899-aabbccddeeff;-57.0;1.9952623149688828e-09;1.9952623149688828;368.0;7.342565319085488e-13;0.0007342565319085489;ROUGE;RSSI;-57.0
1784755776.581638;45:15:84:e0:59:c0;0;ADV_IND;36;-60.0;39;00112233-4455-6677-8899-aabbccddeeff;20993;12289;-56;021500112233445566778899aabbccddeeff52013001c8;btcommon.eir_ad.entry.data;Appareil_001;00112233-4455-6677-8899-aabbccddeeff;-60.0;1e-09;1.0;368.0;3.68e-13;0.000368;ROUGE;RSSI;-60.0
1784755777.10794;45:15:84:e0:59:c0;0;ADV_IND;36;-59.0;37;00112233-4455-6677-8899-aabbccddeeff;20993;12289;-56;021500112233445566778899aabbccddeeff52013001c8;btcommon.eir_ad.entry.data;Appareil_001;00112233-4455-6677-8899-aabbccddeeff;-59.0;1.2589254117941663e-09;1.2589254117941662;368.0;4.632845515402531e-13;0.00046328455154025314;ROUGE;RSSI;-59.0
1784755777.140118;45:15:84:e0:59:c0;0;ADV_IND;36;-58.0;38;00112233-4455-6677-8899-aabbccddeeff;20993;12289;-56;021500112233445566778899aabbccddeeff52013001c8;btcommon.eir_ad.entry.data;Appareil_001;00112233-4455-6677-8899-aabbccddeeff;-58.0;1.584893192461111e-09;1.584893192461111;368.0;5.832406948256888e-13;0.0005832406948256888;ROUGE;RSSI;-58.0
1784755777.161577;45:15:84:e0:59:c0;0;ADV_IND;36;-59.0;39;00112233-4455-6677-8899-aabbccddeeff;20993;12289;-56;021500112233445566778899aabbccddeeff52013001c8;btcommon.eir_ad.entry.data;Appareil_001;00112233-4455-6677-8899-aabbccddeeff;-59.0;1.2589254117941663e-09;1.2589254117941662;368.0;4.632845515402531e-13;0.00046328455154025314;ROUGE;RSSI;-59.0
1784755777.661698;45:15:84:e0:59:c0;0;ADV_IND;36;-68.0;38;00112233-4455-6677-8899-aabbccddeeff;20993;12289;-56;021500112233445566778899aabbccddeeff52013001c8;btcommon.eir_ad.entry.data;Appareil_001;00112233-4455-6677-8899-aabbccddeeff;-68.0;1.584893192461111e-10;0.1584893192461111;368.0;5.832406948256888e-14;5.8324069482568874e-05;ORANGE;RSSI;-68.0
1784755777.688015;45:15:84:e0:59:c0;0;ADV_IND;36;-66.0;39;00112233-4455-6677-8899-aabbccddeeff;20993;12289;-56;021500112233445566778899aabbccddeeff52013001c8;btcommon.eir_ad.entry.data;Appareil_001;00112233-4455-6677-8899-aabbccddeeff;-66.0;2.511886431509582e-10;0.2511886431509582;368.0;9.243742067955261e-14;9.24374206795526e-05;ORANGE;RSSI;-66.0
1784755777.946752;45:15:84:e0:59:c0;0;ADV_IND;36;-67.0;38;00112233-4455-6677-8899-aabbccddeeff;20993;12289;-56;021500112233445566778899aabbccddeeff52013001c8;btcommon.eir_ad.entry.data;Appareil_001;00112233-4455-6677-8899-aabbccddeeff;-67.0;1.9952623149688828e-10;0.19952623149688828;368.0;7.342565319085489e-14;7.342565319085489e-05;ORANGE;RSSI;-67.0
1784755777.972972;45:15:84:e0:59:c0;0;ADV_IND;36;-64.0;39;00112233-4455-6677-8899-aabbccddeeff;20993;12289;-56;021500112233445566778899aabbccddeeff52013001c8;btcommon.eir_ad.entry.data;Appareil_001;00112233-4455-6677-8899-aabbccddeeff;-64.0;3.9810717055349694e-10;0.3981071705534969;368.0;1.4650343876368686e-13;0.00014650343876368684;ORANGE;RSSI;-64.0
1784755778.504624;45:15:84:e0:59:c0;0;ADV_IND;36;-71.0;38;00112233-4455-6677-8899-aabbccddeeff;20993;12289;-56;021500112233445566778899aabbccddeeff52013001c8;btcommon.eir_ad.entry.data;Appareil_001;00112233-4455-6677-8899-aabbccddeeff;-71.0;7.943282347242822e-11;0.07943282347242822;368.0;2.923127903785358e-14;2.9231279037853582e-05;VERT;RSSI;-71.0
1784755778.531192;45:15:84:e0:59:c0;0;ADV_IND;36;-79.0;39;00112233-4455-6677-8899-aabbccddeeff;20993;12289;-56;021500112233445566778899aabbccddeeff52013001c8;btcommon.eir_ad.entry.data;Appareil_001;00112233-4455-6677-8899-aabbccddeeff;-79.0;1.2589254117941662e-11;0.012589254117941661;368.0;4.632845515402531e-15;4.632845515402531e-06;VERT;RSSI;-79.0
1784755778.807116;45:15:84:e0:59:c0;0;ADV_IND;36;-70.0;38;00112233-4455-6677-8899-aabbccddeeff;20993;12289;-56;021500112233445566778899aabbccddeeff52013001c8;btcommon.eir_ad.entry.data;Appareil_001;00112233-4455-6677-8899-aabbccddeeff;-70.0;1e-10;0.1;368.0;3.68e-14;3.68e-05;ORANGE;RSSI;-70.0
1784755779.378179;45:15:84:e0:59:c0;0;ADV_IND;36;-71.0;38;00112233-4455-6677-8899-aabbccddeeff;20993;12289;-56;021500112233445566778899aabbccddeeff52013001c8;btcommon.eir_ad.entry.data;Appareil_001;00112233-4455-6677-8899-aabbccddeeff;-71.0;7.943282347242822e-11;0.07943282347242822;368.0;2.923127903785358e-14;2.9231279037853582e-05;VERT;RSSI;-71.0
1784755779.404953;45:15:84:e0:59:c0;0;ADV_IND;36;-68.0;39;00112233-4455-6677-8899-aabbccddeeff;20993;12289;-56;021500112233445566778899aabbccddeeff52013001c8;btcommon.eir_ad.entry.data;Appareil_001;00112233-4455-6677-8899-aabbccddeeff;-68.0;1.584893192461111e-10;0.1584893192461111;368.0;5.832406948256888e-14;5.8324069482568874e-05;ORANGE;RSSI;-68.0
1784755779.66088;45:15:84:e0:59:c0;0;ADV_IND;36;-70.0;38;00112233-4455-6677-8899-aabbccddeeff;20993;12289;-56;021500112233445566778899aabbccddeeff52013001c8;btcommon.eir_ad.entry.data;Appareil_001;00112233-4455-6677-8899-aabbccddeeff;-70.0;1e-10;0.1;368.0;3.68e-14;3.68e-05;ORANGE;RSSI;-70.0
1784755779.683792;45:15:84:e0:59:c0;0;ADV_IND;36;-68.0;39;00112233-4455-6677-8899-aabbccddeeff;20993;12289;-56;021500112233445566778899aabbccddeeff52013001c8;btcommon.eir_ad.entry.data;Appareil_001;00112233-4455-6677-8899-aabbccddeeff;-68.0;1.584893192461111e-10;0.1584893192461111;368.0;5.832406948256888e-14;5.8324069482568874e-05;ORANGE;RSSI;-68.0
1784755779.961877;45:15:84:e0:59:c0;0;ADV_IND;36;-67.0;39;00112233-4455-6677-8899-aabbccddeeff;20993;12289;-56;021500112233445566778899aabbccddeeff52013001c8;btcommon.eir_ad.entry.data;Appareil_001;00112233-4455-6677-8899-aabbccddeeff;-67.0;1.9952623149688828e-10;0.19952623149688828;368.0;7.342565319085489e-14;7.342565319085489e-05;ORANGE;RSSI;-67.0
1784755780.257374;45:15:84:e0:59:c0;0;ADV_IND;36;-67.0;39;00112233-4455-6677-8899-aabbccddeeff;20993;12289;-56;021500112233445566778899aabbccddeeff52013001c8;btcommon.eir_ad.entry.data;Appareil_001;00112233-4455-6677-8899-aabbccddeeff;-67.0;1.9952623149688828e-10;0.19952623149688828;368.0;7.342565319085489e-14;7.342565319085489e-05;ORANGE;RSSI;-67.0
1784755780.822237;45:15:84:e0:59:c0;0;ADV_IND;36;-62.0;39;00112233-4455-6677-8899-aabbccddeeff;20993;12289;-56;021500112233445566778899aabbccddeeff52013001c8;btcommon.eir_ad.entry.data;Appareil_001;00112233-4455-6677-8899-aabbccddeeff;-62.0;6.309573444801942e-10;0.6309573444801942;368.0;2.321923027687115e-13;0.0002321923027687115;ORANGE;RSSI;-62.0
1784755781.385889;45:15:84:e0:59:c0;0;ADV_IND;36;-61.0;38;00112233-4455-6677-8899-aabbccddeeff;20993;12289;-56;021500112233445566778899aabbccddeeff52013001c8;btcommon.eir_ad.entry.data;Appareil_001;00112233-4455-6677-8899-aabbccddeeff;-61.0;7.943282347242822e-10;0.7943282347242822;368.0;2.9231279037853586e-13;0.00029231279037853587;ORANGE;RSSI;-61.0
1784755781.417294;45:15:84:e0:59:c0;0;ADV_IND;36;-67.0;39;00112233-4455-6677-8899-aabbccddeeff;20993;12289;-56;021500112233445566778899aabbccddeeff52013001c8;btcommon.eir_ad.entry.data;Appareil_001;00112233-4455-6677-8899-aabbccddeeff;-67.0;1.9952623149688828e-10;0.19952623149688828;368.0;7.342565319085489e-14;7.342565319085489e-05;ORANGE;RSSI;-67.0
1784755781.661864;45:15:84:e0:59:c0;0;ADV_IND;36;-62.0;38;00112233-4455-6677-8899-aabbccddeeff;20993;12289;-56;021500112233445566778899aabbccddeeff52013001c8;btcommon.eir_ad.entry.data;Appareil_001;00112233-4455-6677-8899-aabbccddeeff;-62.0;6.309573444801942e-10;0.6309573444801942;368.0;2.321923027687115e-13;0.0002321923027687115;ORANGE;RSSI;-62.0
1784755781.703467;45:15:84:e0:59:c0;0;ADV_IND;36;-72.0;39;00112233-4455-6677-8899-aabbccddeeff;20993;12289;-56;021500112233445566778899aabbccddeeff52013001c8;btcommon.eir_ad.entry.data;Appareil_001;00112233-4455-6677-8899-aabbccddeeff;-72.0;6.309573444801942e-11;0.06309573444801943;368.0;2.3219230276871145e-14;2.3219230276871145e-05;VERT;RSSI;-72.0
1784755781.961134;45:15:84:e0:59:c0;0;ADV_IND;36;-62.0;38;00112233-4455-6677-8899-aabbccddeeff;20993;12289;-56;021500112233445566778899aabbccddeeff52013001c8;btcommon.eir_ad.entry.data;Appareil_001;00112233-4455-6677-8899-aabbccddeeff;-62.0;6.309573444801942e-10;0.6309573444801942;368.0;2.321923027687115e-13;0.0002321923027687115;ORANGE;RSSI;-62.0
1784755781.992645;45:15:84:e0:59:c0;0;ADV_IND;36;-64.0;39;00112233-4455-6677-8899-aabbccddeeff;20993;12289;-56;021500112233445566778899aabbccddeeff52013001c8;btcommon.eir_ad.entry.data;Appareil_001;00112233-4455-6677-8899-aabbccddeeff;-64.0;3.9810717055349694e-10;0.3981071705534969;368.0;1.4650343876368686e-13;0.00014650343876368684;ORANGE;RSSI;-64.0
1784755782.54809;45:15:84:e0:59:c0;0;ADV_IND;36;-55.0;38;00112233-4455-6677-8899-aabbccddeeff;20993;12289;-56;021500112233445566778899aabbccddeeff52013001c8;btcommon.eir_ad.entry.data;Appareil_001;00112233-4455-6677-8899-aabbccddeeff;-55.0;3.1622776601683795e-09;3.1622776601683795;368.0;1.1637181789419635e-12;0.0011637181789419635;ROUGE;RSSI;-55.0
1784755782.564331;45:15:84:e0:59:c0;0;ADV_IND;36;-56.0;39;00112233-4455-6677-8899-aabbccddeeff;20993;12289;-56;021500112233445566778899aabbccddeeff52013001c8;btcommon.eir_ad.entry.data;Appareil_001;00112233-4455-6677-8899-aabbccddeeff;-56.0;2.511886431509582e-09;2.511886431509582;368.0;9.24374206795526e-13;0.0009243742067955261;ROUGE;RSSI;-56.0
1784755782.813395;45:15:84:e0:59:c0;0;ADV_IND;36;-57.0;38;00112233-4455-6677-8899-aabbccddeeff;20993;12289;-56;021500112233445566778899aabbccddeeff52013001c8;btcommon.eir_ad.entry.data;Appareil_001;00112233-4455-6677-8899-aabbccddeeff;-57.0;1.9952623149688828e-09;1.9952623149688828;368.0;7.342565319085488e-13;0.0007342565319085489;ROUGE;RSSI;-57.0
1784755782.850353;45:15:84:e0:59:c0;0;ADV_IND;36;-57.0;39;00112233-4455-6677-8899-aabbccddeeff;20993;12289;-56;021500112233445566778899aabbccddeeff52013001c8;btcommon.eir_ad.entry.data;Appareil_001;00112233-4455-6677-8899-aabbccddeeff;-57.0;1.9952623149688828e-09;1.9952623149688828;368.0;7.342565319085488e-13;0.0007342565319085489;ROUGE;RSSI;-57.0
1784755783.10633;45:15:84:e0:59:c0;0;ADV_IND;36;-62.0;38;00112233-4455-6677-8899-aabbccddeeff;20993;12289;-56;021500112233445566778899aabbccddeeff52013001c8;btcommon.eir_ad.entry.data;Appareil_001;00112233-4455-6677-8899-aabbccddeeff;-62.0;6.309573444801942e-10;0.6309573444801942;368.0;2.321923027687115e-13;0.0002321923027687115;ORANGE;RSSI;-62.0
1784755783.122884;45:15:84:e0:59:c0;0;ADV_IND;36;-61.0;39;00112233-4455-528f-948f-e6c2eb1eca92;65425;29492;82;0215001122334455528f948fe6c2eb1eca92ff91733452;btcommon.eir_ad.entry.data;Appareil_001;00112233-4455-6677-8899-aabbccddeeff;-61.0;7.943282347242822e-10;0.7943282347242822;368.0;2.9231279037853586e-13;0.00029231279037853587;ORANGE;RSSI;-61.0
1784755783.679353;45:15:84:e0:59:c0;0;ADV_IND;36;-66.0;38;00112233-4455-6677-8899-aabbccddeeff;20993;12289;-56;021500112233445566778899aabbccddeeff52013001c8;btcommon.eir_ad.entry.data;Appareil_001;00112233-4455-6677-8899-aabbccddeeff;-66.0;2.511886431509582e-10;0.2511886431509582;368.0;9.243742067955261e-14;9.24374206795526e-05;ORANGE;RSSI;-66.0
1784755783.7012;45:15:84:e0:59:c0;0;ADV_IND;36;-65.0;39;00112233-4455-6677-8899-aabbccddeeff;20993;12289;-56;021500112233445566778899aabbccddeeff52013001c8;btcommon.eir_ad.entry.data;Appareil_001;00112233-4455-6677-8899-aabbccddeeff;-65.0;3.1622776601683795e-10;0.31622776601683794;368.0;1.1637181789419636e-13;0.00011637181789419637;ORANGE;RSSI;-65.0
1784755783.964774;45:15:84:e0:59:c0;0;ADV_IND;36;-64.0;38;00112233-4455-6677-8899-aabbccddeeff;20993;12289;-56;021500112233445566778899aabbccddeeff52013001c8;btcommon.eir_ad.entry.data;Appareil_001;00112233-4455-6677-8899-aabbccddeeff;-64.0;3.9810717055349694e-10;0.3981071705534969;368.0;1.4650343876368686e-13;0.00014650343876368684;ORANGE;RSSI;-64.0
1784755784.006665;45:15:84:e0:59:c0;0;ADV_IND;36;-64.0;39;00112233-4455-6677-8899-aabbccddeeff;20993;12289;-56;021500112233445566778899aabbccddeeff52013001c8;btcommon.eir_ad.entry.data;Appareil_001;00112233-4455-6677-8899-aabbccddeeff;-64.0;3.9810717055349694e-10;0.3981071705534969;368.0;1.4650343876368686e-13;0.00014650343876368684;ORANGE;RSSI;-64.0
1784755784.249827;45:15:84:e0:59:c0;0;ADV_IND;36;-58.0;38;00112233-4455-6677-8899-aabbccddeeff;20993;12289;-56;021500112233445566778899aabbccddeeff52013001c8;btcommon.eir_ad.entry.data;Appareil_001;00112233-4455-6677-8899-aabbccddeeff;-58.0;1.584893192461111e-09;1.584893192461111;368.0;5.832406948256888e-13;0.0005832406948256888;ROUGE;RSSI;-58.0
1784755784.281318;45:15:84:e0:59:c0;0;ADV_IND;36;-60.0;39;00112233-4455-6677-8899-aabbccddeeff;20993;12289;-56;021500112233445566778899aabbccddeeff52013001c8;btcommon.eir_ad.entry.data;Appareil_001;00112233-4455-6677-8899-aabbccddeeff;-60.0;1e-09;1.0;368.0;3.68e-13;0.000368;ROUGE;RSSI;-60.0
1784755784.53757;45:15:84:e0:59:c0;0;ADV_IND;36;-58.0;38;00112233-4455-6677-8899-aabbccddeeff;20993;12289;-56;021500112233445566778899aabbccddeeff52013001c8;btcommon.eir_ad.entry.data;Appareil_001;00112233-4455-6677-8899-aabbccddeeff;-58.0;1.584893192461111e-09;1.584893192461111;368.0;5.832406948256888e-13;0.0005832406948256888;ROUGE;RSSI;-58.0
1784755784.579134;45:15:84:e0:59:c0;0;ADV_IND;36;-60.0;39;00112233-4455-6677-8899-aabbccddeeff;20993;12289;-56;021500112233445566778899aabbccddeeff52013001c8;btcommon.eir_ad.entry.data;Appareil_001;00112233-4455-6677-8899-aabbccddeeff;-60.0;1e-09;1.0;368.0;3.68e-13;0.000368;ROUGE;RSSI;-60.0
1784755784.857097;45:15:84:e0:59:c0;0;ADV_IND;36;-59.0;39;00112233-4455-6677-8899-aabbccddeeff;20993;12289;-56;021500112233445566778899aabbccddeeff52013001c8;btcommon.eir_ad.entry.data;Appareil_001;00112233-4455-6677-8899-aabbccddeeff;-59.0;1.2589254117941663e-09;1.2589254117941662;368.0;4.632845515402531e-13;0.00046328455154025314;ROUGE;RSSI;-59.0
1784755785.104192;45:15:84:e0:59:c0;0;ADV_IND;36;-58.0;38;00112233-4455-6677-8899-aabbccddeeff;20993;12289;-56;021500112233445566778899aabbccddeeff52013001c8;btcommon.eir_ad.entry.data;Appareil_001;00112233-4455-6677-8899-aabbccddeeff;-58.0;1.584893192461111e-09;1.584893192461111;368.0;5.832406948256888e-13;0.0005832406948256888;ROUGE;RSSI;-58.0
1784755785.125467;45:15:84:e0:59:c0;0;ADV_IND;36;-59.0;39;00112233-4455-6677-8899-aabbccddeeff;20993;12289;-56;021500112233445566778899aabbccddeeff52013001c8;btcommon.eir_ad.entry.data;Appareil_001;00112233-4455-6677-8899-aabbccddeeff;-59.0;1.2589254117941663e-09;1.2589254117941662;368.0;4.632845515402531e-13;0.00046328455154025314;ROUGE;RSSI;-59.0
1784755785.391273;45:15:84:e0:59:c0;0;ADV_IND;36;-58.0;38;00112233-4455-6677-8899-aabbccddeeff;20993;12289;-56;021500112233445566778899aabbccddeeff52013001c8;btcommon.eir_ad.entry.data;Appareil_001;00112233-4455-6677-8899-aabbccddeeff;-58.0;1.584893192461111e-09;1.584893192461111;368.0;5.832406948256888e-13;0.0005832406948256888;ROUGE;RSSI;-58.0
1784755785.426746;45:15:84:e0:59:c0;0;ADV_IND;36;-59.0;39;00112233-4455-6677-8899-aabbccddeeff;20993;12289;-56;021500112233445566778899aabbccddeeff52013001c8;btcommon.eir_ad.entry.data;Appareil_001;00112233-4455-6677-8899-aabbccddeeff;-59.0;1.2589254117941663e-09;1.2589254117941662;368.0;4.632845515402531e-13;0.00046328455154025314;ROUGE;RSSI;-59.0
1784755785.683707;45:15:84:e0:59:c0;0;ADV_IND;36;-59.0;37;00112233-4455-6677-8899-aabbccddeeff;20993;12289;-56;021500112233445566778899aabbccddeeff52013001c8;btcommon.eir_ad.entry.data;Appareil_001;00112233-4455-6677-8899-aabbccddeeff;-59.0;1.2589254117941663e-09;1.2589254117941662;368.0;4.632845515402531e-13;0.00046328455154025314;ROUGE;RSSI;-59.0
1784755785.714934;45:15:84:e0:59:c0;0;ADV_IND;36;-58.0;38;00112233-4455-6677-8899-aabbccddeeff;20993;12289;-56;021500112233445566778899aabbccddeeff52013001c8;btcommon.eir_ad.entry.data;Appareil_001;00112233-4455-6677-8899-aabbccddeeff;-58.0;1.584893192461111e-09;1.584893192461111;368.0;5.832406948256888e-13;0.0005832406948256888;ROUGE;RSSI;-58.0
1784755785.746642;45:15:84:e0:59:c0;0;ADV_IND;36;-59.0;39;00112233-4455-6677-8899-aabbccddeeff;20993;12289;-56;021500112233445566778899aabbccddeeff52013001c8;btcommon.eir_ad.entry.data;Appareil_001;00112233-4455-6677-8899-aabbccddeeff;-59.0;1.2589254117941663e-09;1.2589254117941662;368.0;4.632845515402531e-13;0.00046328455154025314;ROUGE;RSSI;-59.0
1784755785.952161;45:15:84:e0:59:c0;0;ADV_IND;36;-58.0;38;00112233-4455-6677-8899-aabbccddeeff;20993;12289;-56;021500112233445566778899aabbccddeeff52013001c8;btcommon.eir_ad.entry.data;Appareil_001;00112233-4455-6677-8899-aabbccddeeff;-58.0;1.584893192461111e-09;1.584893192461111;368.0;5.832406948256888e-13;0.0005832406948256888;ROUGE;RSSI;-58.0
1784755785.973295;45:15:84:e0:59:c0;0;ADV_IND;36;-59.0;39;00112233-4455-6677-8899-aabbccddeeff;20993;12289;-56;021500112233445566778899aabbccddeeff52013001c8;btcommon.eir_ad.entry.data;Appareil_001;00112233-4455-6677-8899-aabbccddeeff;-59.0;1.2589254117941663e-09;1.2589254117941662;368.0;4.632845515402531e-13;0.00046328455154025314;ROUGE;RSSI;-59.0
1784755786.257301;45:15:84:e0:59:c0;0;ADV_IND;36;-58.0;38;00112233-4455-6677-8899-aabbccddeeff;20993;12289;-56;021500112233445566778899aabbccddeeff52013001c8;btcommon.eir_ad.entry.data;Appareil_001;00112233-4455-6677-8899-aabbccddeeff;-58.0;1.584893192461111e-09;1.584893192461111;368.0;5.832406948256888e-13;0.0005832406948256888;ROUGE;RSSI;-58.0
1784755786.293735;45:15:84:e0:59:c0;0;ADV_IND;36;-58.0;39;00112233-4455-6677-8899-aabbccddeeff;20993;12289;-56;021500112233445566778899aabbccddeeff52013001c8;btcommon.eir_ad.entry.data;Appareil_001;00112233-4455-6677-8899-aabbccddeeff;-58.0;1.584893192461111e-09;1.584893192461111;368.0;5.832406948256888e-13;0.0005832406948256888;ROUGE;RSSI;-58.0
1784755786.536249;45:15:84:e0:59:c0;0;ADV_IND;36;-58.0;38;00112233-4455-6677-8899-aabbccddeeff;20993;12289;-56;021500112233445566778899aabbccddeeff52013001c8;btcommon.eir_ad.entry.data;Appareil_001;00112233-4455-6677-8899-aabbccddeeff;-58.0;1.584893192461111e-09;1.584893192461111;368.0;5.832406948256888e-13;0.0005832406948256888;ROUGE;RSSI;-58.0
1784755786.567688;45:15:84:e0:59:c0;0;ADV_IND;36;-59.0;39;00112233-4455-6677-8899-aabbccddeeff;20993;12289;-56;021500112233445566778899aabbccddeeff52013001c8;btcommon.eir_ad.entry.data;Appareil_001;00112233-4455-6677-8899-aabbccddeeff;-59.0;1.2589254117941663e-09;1.2589254117941662;368.0;4.632845515402531e-13;0.00046328455154025314;ROUGE;RSSI;-59.0
1784755786.837909;45:15:84:e0:59:c0;0;ADV_IND;36;-58.0;38;00112233-4455-6677-8899-aabbccddeeff;20993;12289;-56;021500112233445566778899aabbccddeeff52013001c8;btcommon.eir_ad.entry.data;Appareil_001;00112233-4455-6677-8899-aabbccddeeff;-58.0;1.584893192461111e-09;1.584893192461111;368.0;5.832406948256888e-13;0.0005832406948256888;ROUGE;RSSI;-58.0
1784755786.86416;45:15:84:e0:59:c0;0;ADV_IND;36;-59.0;39;00112233-4455-6677-8899-aabbccddeeff;20993;12289;-56;021500112233445566778899aabbccddeeff52013001c8;btcommon.eir_ad.entry.data;Appareil_001;00112233-4455-6677-8899-aabbccddeeff;-59.0;1.2589254117941663e-09;1.2589254117941662;368.0;4.632845515402531e-13;0.00046328455154025314;ROUGE;RSSI;-59.0
1784755787.109898;45:15:84:e0:59:c0;0;ADV_IND;36;-58.0;38;00112233-4455-6677-8899-aabbccddeeff;20993;12289;-56;021500112233445566778899aabbccddeeff52013001c8;btcommon.eir_ad.entry.data;Appareil_001;00112233-4455-6677-8899-aabbccddeeff;-58.0;1.584893192461111e-09;1.584893192461111;368.0;5.832406948256888e-13;0.0005832406948256888;ROUGE;RSSI;-58.0
1784755787.393105;45:15:84:e0:59:c0;0;ADV_IND;36;-58.0;38;00112233-4455-6677-8899-aabbccddeeff;20993;12289;-56;021500112233445566778899aabbccddeeff52013001c8;btcommon.eir_ad.entry.data;Appareil_001;00112233-4455-6677-8899-aabbccddeeff;-58.0;1.584893192461111e-09;1.584893192461111;368.0;5.832406948256888e-13;0.0005832406948256888;ROUGE;RSSI;-58.0
1784755787.43472;45:15:84:e0:59:c0;0;ADV_IND;36;-59.0;39;00112233-4455-6677-8899-aabbccddeeff;20993;12289;-56;021500112233445566778899aabbccddeeff52013001c8;btcommon.eir_ad.entry.data;Appareil_001;00112233-4455-6677-8899-aabbccddeeff;-59.0;1.2589254117941663e-09;1.2589254117941662;368.0;4.632845515402531e-13;0.00046328455154025314;ROUGE;RSSI;-59.0
1784755787.961724;45:15:84:e0:59:c0;0;ADV_IND;36;-58.0;38;00112233-4455-6677-8899-aabbccddeeff;20993;12289;-56;021500112233445566778899aabbccddeeff52013001c8;btcommon.eir_ad.entry.data;Appareil_001;00112233-4455-6677-8899-aabbccddeeff;-58.0;1.584893192461111e-09;1.584893192461111;368.0;5.832406948256888e-13;0.0005832406948256888;ROUGE;RSSI;-58.0
1784755787.993506;45:15:84:e0:59:c0;0;ADV_IND;36;-59.0;39;00112233-4455-6677-8899-aabbccddeeff;20993;12289;-56;021500112233445566778899aabbccddeeff52013001c8;btcommon.eir_ad.entry.data;Appareil_001;00112233-4455-6677-8899-aabbccddeeff;-59.0;1.2589254117941663e-09;1.2589254117941662;368.0;4.632845515402531e-13;0.00046328455154025314;ROUGE;RSSI;-59.0
1784755788.246696;45:15:84:e0:59:c0;0;ADV_IND;36;-58.0;38;00112233-4455-6677-8899-aabbccddeeff;20993;12289;-56;021500112233445566778899aabbccddeeff52013001c8;btcommon.eir_ad.entry.data;Appareil_001;00112233-4455-6677-8899-aabbccddeeff;-58.0;1.584893192461111e-09;1.584893192461111;368.0;5.832406948256888e-13;0.0005832406948256888;ROUGE;RSSI;-58.0
1784755788.288203;45:15:84:e0:59:c0;0;ADV_IND;36;-59.0;39;00112233-4455-6677-8899-aabbccddeeff;20993;12289;-56;021500112233445566778899aabbccddeeff52013001c8;btcommon.eir_ad.entry.data;Appareil_001;00112233-4455-6677-8899-aabbccddeeff;-59.0;1.2589254117941663e-09;1.2589254117941662;368.0;4.632845515402531e-13;0.00046328455154025314;ROUGE;RSSI;-59.0
1784755788.8;45:15:84:e0:59:c0;0;ADV_IND;36;-58.0;38;00112233-4455-6677-8899-aabbccddeeff;20993;12289;-56;021500112233445566778899aabbccddeeff52013001c8;btcommon.eir_ad.entry.data;Appareil_001;00112233-4455-6677-8899-aabbccddeeff;-58.0;1.584893192461111e-09;1.584893192461111;368.0;5.832406948256888e-13;0.0005832406948256888;ROUGE;RSSI;-58.0
1784755788.821697;45:15:84:e0:59:c0;0;ADV_IND;36;-58.0;39;00112233-4455-6677-8899-aabbccddeeff;20993;12289;-56;021500112233445566778899aabbccddeeff52013001c8;btcommon.eir_ad.entry.data;Appareil_001;00112233-4455-6677-8899-aabbccddeeff;-58.0;1.584893192461111e-09;1.584893192461111;368.0;5.832406948256888e-13;0.0005832406948256888;ROUGE;RSSI;-58.0
1784755789.088632;45:15:84:e0:59:c0;0;ADV_IND;36;-58.0;38;00112233-4455-6677-8899-aabbccddeeff;20993;12289;-56;021500112233445566778899aabbccddeeff52013001c8;btcommon.eir_ad.entry.data;Appareil_001;00112233-4455-6677-8899-aabbccddeeff;-58.0;1.584893192461111e-09;1.584893192461111;368.0;5.832406948256888e-13;0.0005832406948256888;ROUGE;RSSI;-58.0
1784755789.12063;45:15:84:e0:59:c0;0;ADV_IND;36;-58.0;39;00112233-4455-6677-8899-aabbccddeeff;20993;12289;-56;021500112233445566778899aabbccddeeff52013001c8;btcommon.eir_ad.entry.data;Appareil_001;00112233-4455-6677-8899-aabbccddeeff;-58.0;1.584893192461111e-09;1.584893192461111;368.0;5.832406948256888e-13;0.0005832406948256888;ROUGE;RSSI;-58.0
1784755789.374012;45:15:84:e0:59:c0;0;ADV_IND;36;-58.0;38;00112233-4455-6677-8899-aabbccddeeff;20993;12289;-56;021500112233445566778899aabbccddeeff52013001c8;btcommon.eir_ad.entry.data;Appareil_001;00112233-4455-6677-8899-aabbccddeeff;-58.0;1.584893192461111e-09;1.584893192461111;368.0;5.832406948256888e-13;0.0005832406948256888;ROUGE;RSSI;-58.0
1784755789.3951;45:15:84:e0:59:c0;0;ADV_IND;36;-58.0;39;00112233-4455-6677-8899-aabbccddeeff;20993;12289;-56;021500112233445566778899aabbccddeeff52013001c8;btcommon.eir_ad.entry.data;Appareil_001;00112233-4455-6677-8899-aabbccddeeff;-58.0;1.584893192461111e-09;1.584893192461111;368.0;5.832406948256888e-13;0.0005832406948256888;ROUGE;RSSI;-58.0
1784755789.664601;45:15:84:e0:59:c0;0;ADV_IND;36;-60.0;38;00112233-4455-6677-8899-aabbccddeeff;20993;12289;-56;021500112233445566778899aabbccddeeff52013001c8;btcommon.eir_ad.entry.data;Appareil_001;00112233-4455-6677-8899-aabbccddeeff;-60.0;1e-09;1.0;368.0;3.68e-13;0.000368;ROUGE;RSSI;-60.0
1784755789.700995;45:15:84:e0:59:c0;0;ADV_IND;36;-62.0;39;00112233-4455-6677-8899-aabbccddeeff;20993;12289;-56;021500112233445566778899aabbccddeeff52013001c8;btcommon.eir_ad.entry.data;Appareil_001;00112233-4455-6677-8899-aabbccddeeff;-62.0;6.309573444801942e-10;0.6309573444801942;368.0;2.321923027687115e-13;0.0002321923027687115;ORANGE;RSSI;-62.0
1784755790.261269;45:15:84:e0:59:c0;0;ADV_IND;36;-68.0;38;00112233-4455-6677-8899-aabbccddeeff;20993;12289;-56;021500112233445566778899aabbccddeeff52013001c8;btcommon.eir_ad.entry.data;Appareil_001;00112233-4455-6677-8899-aabbccddeeff;-68.0;1.584893192461111e-10;0.1584893192461111;368.0;5.832406948256888e-14;5.8324069482568874e-05;ORANGE;RSSI;-68.0
1784755790.292763;45:15:84:e0:59:c0;0;ADV_IND;36;-62.0;39;00112233-4455-6677-8899-aabbccddeeff;20993;12289;-56;021500112233445566778899aabbccddeeff52013001c8;btcommon.eir_ad.entry.data;Appareil_001;00112233-4455-6677-8899-aabbccddeeff;-62.0;6.309573444801942e-10;0.6309573444801942;368.0;2.321923027687115e-13;0.0002321923027687115;ORANGE;RSSI;-62.0
1784755790.532037;45:15:84:e0:59:c0;0;ADV_IND;36;-64.0;38;00112233-4455-6677-8899-aabbccddeeff;20993;12289;-56;021500112233445566778899aabbccddeeff52013001c8;btcommon.eir_ad.entry.data;Appareil_001;00112233-4455-6677-8899-aabbccddeeff;-64.0;3.9810717055349694e-10;0.3981071705534969;368.0;1.4650343876368686e-13;0.00014650343876368684;ORANGE;RSSI;-64.0
1784755790.553662;45:15:84:e0:59:c0;0;ADV_IND;36;-63.0;39;00112233-4455-6677-8899-aabbccddeeff;20993;12289;-56;021500112233445566778899aabbccddeeff52013001c8;btcommon.eir_ad.entry.data;Appareil_001;00112233-4455-6677-8899-aabbccddeeff;-63.0;5.011872336272714e-10;0.5011872336272715;368.0;1.8443690197483588e-13;0.00018443690197483587;ORANGE;RSSI;-63.0
1784755790.814459;45:15:84:e0:59:c0;0;ADV_IND;36;-69.0;37;00112233-4455-6677-8899-aabbccddeeff;20993;12289;-56;021500112233445566778899aabbccddeeff52013001c8;btcommon.eir_ad.entry.data;Appareil_001;00112233-4455-6677-8899-aabbccddeeff;-69.0;1.2589254117941662e-10;0.12589254117941662;368.0;4.6328455154025316e-14;4.632845515402532e-05;ORANGE;RSSI;-69.0
1784755790.846086;45:15:84:e0:59:c0;0;ADV_IND;36;-70.0;38;00112233-4455-6677-8899-aabbccddeeff;20993;12289;-56;021500112233445566778899aabbccddeeff52013001c8;btcommon.eir_ad.entry.data;Appareil_001;00112233-4455-6677-8899-aabbccddeeff;-70.0;1e-10;0.1;368.0;3.68e-14;3.68e-05;ORANGE;RSSI;-70.0
1784755790.873106;45:15:84:e0:59:c0;0;ADV_IND;36;-67.0;39;00112233-4455-6677-8899-aabbccddeeff;20993;12289;-56;021500112233445566778899aabbccddeeff52013001c8;btcommon.eir_ad.entry.data;Appareil_001;00112233-4455-6677-8899-aabbccddeeff;-67.0;1.9952623149688828e-10;0.19952623149688828;368.0;7.342565319085489e-14;7.342565319085489e-05;ORANGE;RSSI;-67.0
1784755791.428091;45:15:84:e0:59:c0;0;ADV_IND;36;-64.0;39;00112233-4455-6677-8899-aabbccddeeff;20993;12289;-56;021500112233445566778899aabbccddeeff52013001c8;btcommon.eir_ad.entry.data;Appareil_001;00112233-4455-6677-8899-aabbccddeeff;-64.0;3.9810717055349694e-10;0.3981071705534969;368.0;1.4650343876368686e-13;0.00014650343876368684;ORANGE;RSSI;-64.0
1784755791.734018;45:15:84:e0:59:c0;0;ADV_IND;36;-68.0;38;00112233-4455-6677-8899-aabbccddeeff;20993;12289;-56;021500112233445566778899aabbccddeeff52013001c8;btcommon.eir_ad.entry.data;Appareil_001;00112233-4455-6677-8899-aabbccddeeff;-68.0;1.584893192461111e-10;0.1584893192461111;368.0;5.832406948256888e-14;5.8324069482568874e-05;ORANGE;RSSI;-68.0
1784755791.760568;45:15:84:e0:59:c0;0;ADV_IND;36;-66.0;39;00112233-4455-6677-8899-aabbccddeeff;20993;12289;-56;021500112233445566778899aabbccddeeff52013001c8;btcommon.eir_ad.entry.data;Appareil_001;00112233-4455-6677-8899-aabbccddeeff;-66.0;2.511886431509582e-10;0.2511886431509582;368.0;9.243742067955261e-14;9.24374206795526e-05;ORANGE;RSSI;-66.0
1784755791.966594;45:15:84:e0:59:c0;0;ADV_IND;36;-64.0;38;00112233-4455-6677-8899-aabbccddeeff;20993;12289;-56;021500112233445566778899aabbccddeeff52013001c8;btcommon.eir_ad.entry.data;Appareil_001;00112233-4455-6677-8899-aabbccddeeff;-64.0;3.9810717055349694e-10;0.3981071705534969;368.0;1.4650343876368686e-13;0.00014650343876368684;ORANGE;RSSI;-64.0
1784755791.998396;45:15:84:e0:59:c0;0;ADV_IND;36;-68.0;39;00112233-4455-6677-8899-aabbccddeeff;20993;12289;-56;021500112233445566778899aabbccddeeff52013001c8;btcommon.eir_ad.entry.data;Appareil_001;00112233-4455-6677-8899-aabbccddeeff;-68.0;1.584893192461111e-10;0.1584893192461111;368.0;5.832406948256888e-14;5.8324069482568874e-05;ORANGE;RSSI;-68.0
1784755792.250297;45:15:84:e0:59:c0;0;ADV_IND;36;-66.0;38;00112233-4455-6677-8899-aabbccddeeff;20993;12289;-56;021500112233445566778899aabbccddeeff52013001c8;btcommon.eir_ad.entry.data;Appareil_001;00112233-4455-6677-8899-aabbccddeeff;-66.0;2.511886431509582e-10;0.2511886431509582;368.0;9.243742067955261e-14;9.24374206795526e-05;ORANGE;RSSI;-66.0
1784755792.281646;45:15:84:e0:59:c0;0;ADV_IND;36;-66.0;39;00112233-4455-6677-8899-aabbccddeeff;20993;12289;-56;021500112233445566778899aabbccddeeff52013001c8;btcommon.eir_ad.entry.data;Appareil_001;00112233-4455-6677-8899-aabbccddeeff;-66.0;2.511886431509582e-10;0.2511886431509582;368.0;9.243742067955261e-14;9.24374206795526e-05;ORANGE;RSSI;-66.0
1784755792.580221;45:15:84:e0:59:c0;0;ADV_IND;36;-87.0;39;00112233-4455-6677-8899-aabbccddeeff;20993;12289;-56;021500112233445566778899aabbccddeeff52013001c8;btcommon.eir_ad.entry.data;Appareil_001;00112233-4455-6677-8899-aabbccddeeff;-87.0;1.9952623149688827e-12;0.001995262314968883;368.0;7.342565319085488e-16;7.342565319085488e-07;VERT;RSSI;-87.0
1784755792.827671;45:15:84:e0:59:c0;0;ADV_IND;36;-66.0;38;00112233-4455-6677-8899-aabbccddeeff;20993;12289;-56;021500112233445566778899aabbccddeeff52013001c8;btcommon.eir_ad.entry.data;Appareil_001;00112233-4455-6677-8899-aabbccddeeff;-66.0;2.511886431509582e-10;0.2511886431509582;368.0;9.243742067955261e-14;9.24374206795526e-05;ORANGE;RSSI;-66.0
1784755792.859121;45:15:84:e0:59:c0;0;ADV_IND;36;-84.0;39;00112233-4455-6677-8899-aabbccddeeff;20993;12289;-56;021500112233445566778899aabbccddeeff52013001c8;btcommon.eir_ad.entry.data;Appareil_001;00112233-4455-6677-8899-aabbccddeeff;-84.0;3.9810717055349695e-12;0.003981071705534969;368.0;1.4650343876368688e-15;1.465034387636869e-06;VERT;RSSI;-84.0
1784755793.115921;45:15:84:e0:59:c0;0;ADV_IND;36;-63.0;38;00112233-4455-6677-8899-aabbccddeeff;20993;12289;-56;021500112233445566778899aabbccddeeff52013001c8;btcommon.eir_ad.entry.data;Appareil_001;00112233-4455-6677-8899-aabbccddeeff;-63.0;5.011872336272714e-10;0.5011872336272715;368.0;1.8443690197483588e-13;0.00018443690197483587;ORANGE;RSSI;-63.0
1784755793.137164;45:15:84:e0:59:c0;0;ADV_IND;36;-69.0;39;00112233-4455-6677-8899-aabbccddeeff;20993;12289;-56;021500112233445566778899aabbccddeeff52013001c8;btcommon.eir_ad.entry.data;Appareil_001;00112233-4455-6677-8899-aabbccddeeff;-69.0;1.2589254117941662e-10;0.12589254117941662;368.0;4.6328455154025316e-14;4.632845515402532e-05;ORANGE;RSSI;-69.0
1784755793.96844;45:15:84:e0:59:c0;0;ADV_IND;36;-64.0;38;00112233-4455-6677-8899-aabbccddeeff;20993;12289;-56;021500112233445566778899aabbccddeeff52013001c8;btcommon.eir_ad.entry.data;Appareil_001;00112233-4455-6677-8899-aabbccddeeff;-64.0;3.9810717055349694e-10;0.3981071705534969;368.0;1.4650343876368686e-13;0.00014650343876368684;ORANGE;RSSI;-64.0
1784755794.004895;45:15:84:e0:59:c0;0;ADV_IND;36;-66.0;39;00112233-4455-6677-8899-aabbccddeeff;20993;12289;-56;021500112233445566778899aabbccddeeff52013001c8;btcommon.eir_ad.entry.data;Appareil_001;00112233-4455-6677-8899-aabbccddeeff;-66.0;2.511886431509582e-10;0.2511886431509582;368.0;9.243742067955261e-14;9.24374206795526e-05;ORANGE;RSSI;-66.0
1784755794.538097;45:15:84:e0:59:c0;0;ADV_IND;36;-64.0;38;00112233-4455-6677-8899-aabbccddeeff;20993;12289;-56;021500112233445566778899aabbccddeeff52013001c8;btcommon.eir_ad.entry.data;Appareil_001;00112233-4455-6677-8899-aabbccddeeff;-64.0;3.9810717055349694e-10;0.3981071705534969;368.0;1.4650343876368686e-13;0.00014650343876368684;ORANGE;RSSI;-64.0
1784755794.564927;45:15:84:e0:59:c0;0;ADV_IND;36;-65.0;39;00112233-4455-6677-8899-aabbccddeeff;20993;12289;-56;021500112233445566778899aabbccddeeff52013001c8;btcommon.eir_ad.entry.data;Appareil_001;00112233-4455-6677-8899-aabbccddeeff;-65.0;3.1622776601683795e-10;0.31622776601683794;368.0;1.1637181789419636e-13;0.00011637181789419637;ORANGE;RSSI;-65.0
1784755794.844449;45:15:84:e0:59:c0;0;ADV_IND;36;-66.0;38;00112233-4455-6677-8899-aabbccddeeff;20993;12289;-56;021500112233445566778899aabbccddeeff52013001c8;btcommon.eir_ad.entry.data;Appareil_001;00112233-4455-6677-8899-aabbccddeeff;-66.0;2.511886431509582e-10;0.2511886431509582;368.0;9.243742067955261e-14;9.24374206795526e-05;ORANGE;RSSI;-66.0
1784755794.871095;45:15:84:e0:59:c0;0;ADV_IND;36;-69.0;39;00112233-4455-6677-8899-aabbccddeeff;20993;12289;-56;021500112233445566778899aabbccddeeff52013001c8;btcommon.eir_ad.entry.data;Appareil_001;00112233-4455-6677-8899-aabbccddeeff;-69.0;1.2589254117941662e-10;0.12589254117941662;368.0;4.6328455154025316e-14;4.632845515402532e-05;ORANGE;RSSI;-69.0
1784755795.121843;45:15:84:e0:59:c0;0;ADV_IND;36;-68.0;38;00112233-4455-6677-8899-aabbccddeeff;20993;12289;-56;021500112233445566778899aabbccddeeff52013001c8;btcommon.eir_ad.entry.data;Appareil_001;00112233-4455-6677-8899-aabbccddeeff;-68.0;1.584893192461111e-10;0.1584893192461111;368.0;5.832406948256888e-14;5.8324069482568874e-05;ORANGE;RSSI;-68.0
1784755795.158825;45:15:84:e0:59:c0;0;ADV_IND;36;-64.0;39;00112233-4455-6677-8899-aabbccddeeff;20993;12289;-56;021500112233445566778899aabbccddeeff52013001c8;btcommon.eir_ad.entry.data;Appareil_001;00112233-4455-6677-8899-aabbccddeeff;-64.0;3.9810717055349694e-10;0.3981071705534969;368.0;1.4650343876368686e-13;0.00014650343876368684;ORANGE;RSSI;-64.0
1784755795.42699;45:15:84:e0:59:c0;0;ADV_IND;36;-68.0;38;00112233-4455-6677-8899-aabbccddeeff;20993;12289;-56;021500112233445566778899aabbccddeeff52013001c8;btcommon.eir_ad.entry.data;Appareil_001;00112233-4455-6677-8899-aabbccddeeff;-68.0;1.584893192461111e-10;0.1584893192461111;368.0;5.832406948256888e-14;5.8324069482568874e-05;ORANGE;RSSI;-68.0
1784755795.463504;45:15:84:e0:59:c0;0;ADV_IND;36;-66.0;39;00112233-4455-6677-8899-aabbccddeeff;20993;12289;-56;021500112233445566778899aabbccddeeff52013001c8;btcommon.eir_ad.entry.data;Appareil_001;00112233-4455-6677-8899-aabbccddeeff;-66.0;2.511886431509582e-10;0.2511886431509582;368.0;9.243742067955261e-14;9.24374206795526e-05;ORANGE;RSSI;-66.0
1784755795.706961;45:15:84:e0:59:c0;0;ADV_IND;36;-66.0;37;00112233-4455-6677-8899-aabbccddeeff;20993;12289;-56;021500112233445566778899aabbccddeeff52013001c8;btcommon.eir_ad.entry.data;Appareil_001;00112233-4455-6677-8899-aabbccddeeff;-66.0;2.511886431509582e-10;0.2511886431509582;368.0;9.243742067955261e-14;9.24374206795526e-05;ORANGE;RSSI;-66.0
1784755795.728814;45:15:84:e0:59:c0;0;ADV_IND;36;-66.0;38;00112233-4455-6677-8899-aabbccddeeff;20993;12289;-56;021500112233445566778899aabbccddeeff52013001c8;btcommon.eir_ad.entry.data;Appareil_001;00112233-4455-6677-8899-aabbccddeeff;-66.0;2.511886431509582e-10;0.2511886431509582;368.0;9.243742067955261e-14;9.24374206795526e-05;ORANGE;RSSI;-66.0
1784755795.760629;45:15:84:e0:59:c0;0;ADV_IND;36;-72.0;39;00112233-4455-6677-8899-aabbccddeeff;20993;12289;-56;021500112233445566778899aabbccddeeff52013001c8;btcommon.eir_ad.entry.data;Appareil_001;00112233-4455-6677-8899-aabbccddeeff;-72.0;6.309573444801942e-11;0.06309573444801943;368.0;2.3219230276871145e-14;2.3219230276871145e-05;VERT;RSSI;-72.0
1784755795.993957;45:15:84:e0:59:c0;0;ADV_IND;36;-68.0;37;00112233-4455-6677-8899-aabbccddeeff;20993;12289;-56;021500112233445566778899aabbccddeeff52013001c8;btcommon.eir_ad.entry.data;Appareil_001;00112233-4455-6677-8899-aabbccddeeff;-68.0;1.584893192461111e-10;0.1584893192461111;368.0;5.832406948256888e-14;5.8324069482568874e-05;ORANGE;RSSI;-68.0
1784755796.015165;45:15:84:e0:59:c0;0;ADV_IND;36;-68.0;38;00112233-4455-6677-8899-aabbccddeeff;20993;12289;-56;021500112233445566778899aabbccddeeff52013001c8;btcommon.eir_ad.entry.data;Appareil_001;00112233-4455-6677-8899-aabbccddeeff;-68.0;1.584893192461111e-10;0.1584893192461111;368.0;5.832406948256888e-14;5.8324069482568874e-05;ORANGE;RSSI;-68.0
1784755796.041256;45:15:84:e0:59:c0;0;ADV_IND;36;-75.0;39;00112233-4455-6677-8899-aabbccddeeff;20993;12289;-56;021500112233445566778899aabbccddeeff52013001c8;btcommon.eir_ad.entry.data;Appareil_001;00112233-4455-6677-8899-aabbccddeeff;-75.0;3.1622776601683794e-11;0.03162277660168379;368.0;1.1637181789419636e-14;1.1637181789419635e-05;VERT;RSSI;-75.0
1784755796.288558;45:15:84:e0:59:c0;0;ADV_IND;36;-70.0;37;00112233-4455-6677-8899-aabbccddeeff;20993;12289;-56;021500112233445566778899aabbccddeeff52013001c8;btcommon.eir_ad.entry.data;Appareil_001;00112233-4455-6677-8899-aabbccddeeff;-70.0;1e-10;0.1;368.0;3.68e-14;3.68e-05;ORANGE;RSSI;-70.0
1784755796.320838;45:15:84:e0:59:c0;0;ADV_IND;36;-67.0;38;00112233-4455-6677-8899-aabbccddeeff;20993;12289;-56;021500112233445566778899aabbccddeeff52013001c8;btcommon.eir_ad.entry.data;Appareil_001;00112233-4455-6677-8899-aabbccddeeff;-67.0;1.9952623149688828e-10;0.19952623149688828;368.0;7.342565319085489e-14;7.342565319085489e-05;ORANGE;RSSI;-67.0
1784755796.328039;45:15:84:e0:59:c0;0;ADV_IND;36;-75.0;39;00112233-4455-6677-8899-aabbccddeeff;20993;12289;-56;021500112233445566778899aabbccddeeff52013001c8;btcommon.eir_ad.entry.data;Appareil_001;00112233-4455-6677-8899-aabbccddeeff;-75.0;3.1622776601683794e-11;0.03162277660168379;368.0;1.1637181789419636e-14;1.1637181789419635e-05;VERT;RSSI;-75.0
1784755796.63471;45:15:84:e0:59:c0;0;ADV_IND;36;-80.0;37;00112233-4455-6677-8899-aabbccddeeff;20993;12289;-56;021500112233445566778899aabbccddeeff52013001c8;btcommon.eir_ad.entry.data;Appareil_001;00112233-4455-6677-8899-aabbccddeeff;-80.0;1e-11;0.01;368.0;3.68e-15;3.68e-06;VERT;RSSI;-80.0
1784755797.104927;45:15:84:e0:59:c0;0;ADV_IND;36;-87.0;39;00112233-4455-6677-8899-aabbccddeeff;20993;12289;-56;021500112233445566778899aabbccddeeff52013001c8;btcommon.eir_ad.entry.data;Appareil_001;00112233-4455-6677-8899-aabbccddeeff;-87.0;1.9952623149688827e-12;0.001995262314968883;368.0;7.342565319085488e-16;7.342565319085488e-07;VERT;RSSI;-87.0
1784755801.138077;45:15:87:e0:59:c0;0;ADV_IND;36;-87.0;38;00112233-4455-6677-8899-aabbccddeeff;20993;12289;-56;021500112233445566778899aabbccddeeff52013001c8;btcommon.eir_ad.entry.data;Appareil_001;00112233-4455-6677-8899-aabbccddeeff;-87.0;1.9952623149688827e-12;0.001995262314968883;368.0;7.342565319085488e-16;7.342565319085488e-07;VERT;RSSI;-87.0
1784755801.713304;45:15:84:e0:59:c0;0;ADV_IND;36;-77.0;37;00112233-4455-6677-8899-aabbccddeeff;20993;12289;-56;021500112233445566778899aabbccddeeff52013001c8;btcommon.eir_ad.entry.data;Appareil_001;00112233-4455-6677-8899-aabbccddeeff;-77.0;1.9952623149688828e-11;0.01995262314968883;368.0;7.342565319085488e-15;7.342565319085488e-06;VERT;RSSI;-77.0
1784755802.004669;45:15:84:e0:5d:c0;0;ADV_IND;36;-71.0;38;00112233-4455-6677-8899-aafbccddeeff;20993;12289;-56;021500112233445566778899aafbccddeeff52013001c8;btcommon.eir_ad.entry.data;Appareil_002;00112233-4455-6677-8899-aafbccddeeff;-71.0;7.943282347242822e-11;0.07943282347242822;368.0;2.923127903785358e-14;2.9231279037853582e-05;VERT;RSSI;-71.0
1784755802.035846;45:15:84:e0:59:c0;0;ADV_IND;36;-77.0;39;00112233-4455-6677-8899-aabbccddeeff;20993;12289;-56;021500112233445566778899aabbccddeeff52013001c8;btcommon.eir_ad.entry.data;Appareil_001;00112233-4455-6677-8899-aabbccddeeff;-77.0;1.9952623149688828e-11;0.01995262314968883;368.0;7.342565319085488e-15;7.342565319085488e-06;VERT;RSSI;-77.0
1784755802.287296;45:15:84:e0:59:c0;0;ADV_IND;36;-71.0;38;00112233-4455-6677-8899-aabbccddeeff;20993;12289;-56;021500112233445566778899aabbccddeeff52013001c8;btcommon.eir_ad.entry.data;Appareil_001;00112233-4455-6677-8899-aabbccddeeff;-71.0;7.943282347242822e-11;0.07943282347242822;368.0;2.923127903785358e-14;2.9231279037853582e-05;VERT;RSSI;-71.0
1784755802.314121;45:15:84:e0:59:c0;0;ADV_IND;36;-76.0;39;00112233-4455-6677-8899-aabbccddeeff;20993;12289;-56;021500112233445566778899aabbccddeeff52013001c8;btcommon.eir_ad.entry.data;Appareil_001;00112233-4455-6677-8899-aabbccddeeff;-76.0;2.5118864315095823e-11;0.025118864315095822;368.0;9.243742067955263e-15;9.243742067955264e-06;VERT;RSSI;-76.0
1784755802.563684;45:15:84:e0:59:c0;0;ADV_IND;36;-72.0;37;00112233-4455-6677-8899-aabbccddeeff;20993;12289;-56;021500112233445566778899aabbccddeeff52013001c8;btcommon.eir_ad.entry.data;Appareil_001;00112233-4455-6677-8899-aabbccddeeff;-72.0;6.309573444801942e-11;0.06309573444801943;368.0;2.3219230276871145e-14;2.3219230276871145e-05;VERT;RSSI;-72.0
1784755802.595026;45:15:84:e0:59:c0;0;ADV_IND;36;-66.0;38;00112233-4455-6677-8899-aabbccddeeff;20993;12289;-56;021500112233445566778899aabbccddeeff52013001c8;btcommon.eir_ad.entry.data;Appareil_001;00112233-4455-6677-8899-aabbccddeeff;-66.0;2.511886431509582e-10;0.2511886431509582;368.0;9.243742067955261e-14;9.24374206795526e-05;ORANGE;RSSI;-66.0
1784755802.627021;45:15:84:e0:59:c0;0;ADV_IND;36;-65.0;39;00112233-4455-6677-8899-aabbccddeeff;20993;12289;-56;021500112233445566778899aabbccddeeff52013001c8;btcommon.eir_ad.entry.data;Appareil_001;00112233-4455-6677-8899-aabbccddeeff;-65.0;3.1622776601683795e-10;0.31622776601683794;368.0;1.1637181789419636e-13;0.00011637181789419637;ORANGE;RSSI;-65.0
1784755803.169456;45:15:84:e0:59:c0;0;ADV_IND;36;-77.0;37;00112233-4455-6677-8899-aabbccddeeff;20993;12289;-56;021500112233445566778899aabbccddeeff52013001c8;btcommon.eir_ad.entry.data;Appareil_001;00112233-4455-6677-8899-aabbccddeeff;-77.0;1.9952623149688828e-11;0.01995262314968883;368.0;7.342565319085488e-15;7.342565319085488e-06;VERT;RSSI;-77.0
1784755803.484154;45:15:84:e0:59:c0;0;ADV_IND;36;-72.0;37;00112233-4455-6677-8899-aabbccddeeff;20993;12289;-56;021500112233445566778899aabbccddeeff52013001c8;btcommon.eir_ad.entry.data;Appareil_001;00112233-4455-6677-8899-aabbccddeeff;-72.0;6.309573444801942e-11;0.06309573444801943;368.0;2.3219230276871145e-14;2.3219230276871145e-05;VERT;RSSI;-72.0
1784755803.731785;45:15:84:e0:59:c0;0;ADV_IND;36;-66.0;38;00112233-4455-6677-8899-aabbccddeeff;20993;12289;-56;021500112233445566778899aabbccddeeff52013001c8;btcommon.eir_ad.entry.data;Appareil_001;00112233-4455-6677-8899-aabbccddeeff;-66.0;2.511886431509582e-10;0.2511886431509582;368.0;9.243742067955261e-14;9.24374206795526e-05;ORANGE;RSSI;-66.0
1784755803.75893;45:15:84:e0:59:c0;0;ADV_IND;36;-84.0;39;00112233-4455-6677-8899-aabbccddeeff;20993;12289;-56;021500112233445566778899aabbccddeeff52013001c8;btcommon.eir_ad.entry.data;Appareil_001;00112233-4455-6677-8899-aabbccddeeff;-84.0;3.9810717055349695e-12;0.003981071705534969;368.0;1.4650343876368688e-15;1.465034387636869e-06;VERT;RSSI;-84.0
1784755803.991878;45:15:84:e0:59:c0;0;ADV_IND;36;-64.0;38;00112233-4455-6677-8899-aabbccddeeff;20993;12289;-56;021500112233445566778899aabbccddeeff52013001c8;btcommon.eir_ad.entry.data;Appareil_001;00112233-4455-6677-8899-aabbccddeeff;-64.0;3.9810717055349694e-10;0.3981071705534969;368.0;1.4650343876368686e-13;0.00014650343876368684;ORANGE;RSSI;-64.0
1784755804.018266;45:15:84:e0:59:c0;0;ADV_IND;36;-66.0;39;00112233-4455-6677-8899-aabbccddeeff;20993;12289;-56;021500112233445566778899aabbccddeeff52013001c8;btcommon.eir_ad.entry.data;Appareil_001;00112233-4455-6677-8899-aabbccddeeff;-66.0;2.511886431509582e-10;0.2511886431509582;368.0;9.243742067955261e-14;9.24374206795526e-05;ORANGE;RSSI;-66.0
1784755804.296845;45:15:84:e0:59:c0;0;ADV_IND;36;-66.0;37;00112233-4455-6677-8899-aabbccddeeff;20993;12289;-56;021500112233445566778899aabbccddeeff52013001c8;btcommon.eir_ad.entry.data;Appareil_001;00112233-4455-6677-8899-aabbccddeeff;-66.0;2.511886431509582e-10;0.2511886431509582;368.0;9.243742067955261e-14;9.24374206795526e-05;ORANGE;RSSI;-66.0
1784755804.580883;45:15:84:e0:59:c0;0;ADV_IND;36;-68.0;38;00112233-4455-6677-8899-aabbccddeeff;20993;12289;-56;021500112233445566778899aabbccddeeff52013001c8;btcommon.eir_ad.entry.data;Appareil_001;00112233-4455-6677-8899-aabbccddeeff;-68.0;1.584893192461111e-10;0.1584893192461111;368.0;5.832406948256888e-14;5.8324069482568874e-05;ORANGE;RSSI;-68.0
1784755804.607198;45:15:84:e0:59:c0;0;ADV_IND;36;-74.0;39;00112233-4455-6677-8899-aabbccddeeff;20993;12289;-56;021500112233445566778899aabbccddeeff52013001c8;btcommon.eir_ad.entry.data;Appareil_001;00112233-4455-6677-8899-aabbccddeeff;-74.0;3.9810717055349695e-11;0.03981071705534969;368.0;1.4650343876368688e-14;1.4650343876368689e-05;VERT;RSSI;-74.0
1784755805.177846;45:15:84:e0:59:c0;0;ADV_IND;36;-67.0;39;00112233-4455-6677-8899-aabbccddeeff;20993;12289;-56;021500112233445566778899aabbccddeeff52013001c8;btcommon.eir_ad.entry.data;Appareil_001;00112233-4455-6677-8899-aabbccddeeff;-67.0;1.9952623149688828e-10;0.19952623149688828;368.0;7.342565319085489e-14;7.342565319085489e-05;ORANGE;RSSI;-67.0
1784755805.735502;45:15:84:e0:59:c0;0;ADV_IND;36;-68.0;38;00112233-4455-6677-8899-aabbccddeeff;20993;12289;-56;021500112233445566778899aabbccddeeff52013001c8;btcommon.eir_ad.entry.data;Appareil_001;00112233-4455-6677-8899-aabbccddeeff;-68.0;1.584893192461111e-10;0.1584893192461111;368.0;5.832406948256888e-14;5.8324069482568874e-05;ORANGE;RSSI;-68.0
1784755805.767229;45:15:84:e0:59:c0;0;ADV_IND;36;-75.0;39;00112233-4455-6677-8899-aabbccddeeff;20993;12289;-56;021500112233445566778899aabbccddeeff52013001c8;btcommon.eir_ad.entry.data;Appareil_001;00112233-4455-6677-8899-aabbccddeeff;-75.0;3.1622776601683794e-11;0.03162277660168379;368.0;1.1637181789419636e-14;1.1637181789419635e-05;VERT;RSSI;-75.0
1784755806.017584;45:15:84:e0:59:c0;0;ADV_IND;36;-68.0;38;00112233-4455-6677-8899-aabbccddeeff;20993;12289;-56;021500112233445566778899aabbccddeeff52013001c8;btcommon.eir_ad.entry.data;Appareil_001;00112233-4455-6677-8899-aabbccddeeff;-68.0;1.584893192461111e-10;0.1584893192461111;368.0;5.832406948256888e-14;5.8324069482568874e-05;ORANGE;RSSI;-68.0
1784755806.048996;45:15:84:e0:59:c0;0;ADV_IND;36;-71.0;39;00112233-4455-6677-8899-aabbccddeeff;20993;12289;-56;021500112233445566778899aabbccddeeff52013001c8;btcommon.eir_ad.entry.data;Appareil_001;00112233-4455-6677-8899-aabbccddeeff;-71.0;7.943282347242822e-11;0.07943282347242822;368.0;2.923127903785358e-14;2.9231279037853582e-05;VERT;RSSI;-71.0
1784755806.335865;45:15:84:e0:59:c0;0;ADV_IND;36;-65.0;38;00112233-4455-6677-8899-aabbccddeeff;20993;12289;-56;021500112233445566778899aabbccddeeff52013001c8;btcommon.eir_ad.entry.data;Appareil_001;00112233-4455-6677-8899-aabbccddeeff;-65.0;3.1622776601683795e-10;0.31622776601683794;368.0;1.1637181789419636e-13;0.00011637181789419637;ORANGE;RSSI;-65.0
1784755806.584768;45:15:84:e0:59:c0;0;ADV_IND;36;-64.0;38;00112233-4455-6677-8899-aabbccddeeff;20993;12289;-56;021500112233445566778899aabbccddeeff52013001c8;btcommon.eir_ad.entry.data;Appareil_001;00112233-4455-6677-8899-aabbccddeeff;-64.0;3.9810717055349694e-10;0.3981071705534969;368.0;1.4650343876368686e-13;0.00014650343876368684;ORANGE;RSSI;-64.0
1784755806.611099;45:15:84:e0:59:c0;0;ADV_IND;36;-64.0;39;00112233-4455-6677-8899-aabbccddeeff;20993;12289;-56;021500112233445566778899aabbccddeeff52013001c8;btcommon.eir_ad.entry.data;Appareil_001;00112233-4455-6677-8899-aabbccddeeff;-64.0;3.9810717055349694e-10;0.3981071705534969;368.0;1.4650343876368686e-13;0.00014650343876368684;ORANGE;RSSI;-64.0
1784755807.13097;45:15:84:e0:59:c0;0;ADV_IND;36;-62.0;38;00112233-4455-6677-8899-aabbccddeeff;20993;12289;-56;021500112233445566778899aabbccddeeff52013001c8;btcommon.eir_ad.entry.data;Appareil_001;00112233-4455-6677-8899-aabbccddeeff;-62.0;6.309573444801942e-10;0.6309573444801942;368.0;2.321923027687115e-13;0.0002321923027687115;ORANGE;RSSI;-62.0
1784755807.163574;45:15:84:e0:59:c0;0;ADV_IND;36;-75.0;39;00112233-4455-6677-8899-8aaa9bc68e12;63369;28168;55;0215001122334455667788998aaa9bc68e12f7896e0837;btcommon.eir_ad.entry.data;Appareil_001;00112233-4455-6677-8899-aabbccddeeff;-75.0;3.1622776601683794e-11;0.03162277660168379;368.0;1.1637181789419636e-14;1.1637181789419635e-05;VERT;RSSI;-75.0
1784755807.426644;45:15:84:e0:59:c0;0;ADV_IND;36;-62.0;38;00112233-4455-6677-8899-aabbccddeeff;20993;12289;-56;021500112233445566778899aabbccddeeff52013001c8;btcommon.eir_ad.entry.data;Appareil_001;00112233-4455-6677-8899-aabbccddeeff;-62.0;6.309573444801942e-10;0.6309573444801942;368.0;2.321923027687115e-13;0.0002321923027687115;ORANGE;RSSI;-62.0
1784755807.463534;45:15:84:e0:59:c0;0;ADV_IND;36;-63.0;39;00112233-4455-6677-8899-aabbccddeeff;20993;12289;-56;021500112233445566778899aabbccddeeff52013001c8;btcommon.eir_ad.entry.data;Appareil_001;00112233-4455-6677-8899-aabbccddeeff;-63.0;5.011872336272714e-10;0.5011872336272715;368.0;1.8443690197483588e-13;0.00018443690197483587;ORANGE;RSSI;-63.0
1784755807.707296;45:15:84:e0:59:c0;0;ADV_IND;36;-62.0;38;00112233-4455-6677-8899-aabbccddeeff;20993;12289;-56;021500112233445566778899aabbccddeeff52013001c8;btcommon.eir_ad.entry.data;Appareil_001;00112233-4455-6677-8899-aabbccddeeff;-62.0;6.309573444801942e-10;0.6309573444801942;368.0;2.321923027687115e-13;0.0002321923027687115;ORANGE;RSSI;-62.0
1784755807.733419;45:15:84:e0:59:c0;0;ADV_IND;36;-66.0;39;00112233-4455-6677-8899-aabbccddeeff;20993;12289;-56;021500112233445566778899aabbccddeeff52013001c8;btcommon.eir_ad.entry.data;Appareil_001;00112233-4455-6677-8899-aabbccddeeff;-66.0;2.511886431509582e-10;0.2511886431509582;368.0;9.243742067955261e-14;9.24374206795526e-05;ORANGE;RSSI;-66.0
1784755808.017764;45:15:84:e0:59:c0;0;ADV_IND;36;-70.0;37;00112233-4455-6677-8899-aabbccddeeff;20993;12289;-56;021500112233445566778899aabbccddeeff52013001c8;btcommon.eir_ad.entry.data;Appareil_001;00112233-4455-6677-8899-aabbccddeeff;-70.0;1e-10;0.1;368.0;3.68e-14;3.68e-05;ORANGE;RSSI;-70.0
1784755808.400104;45:15:84:e0:59:c0;0;ADV_IND;36;-68.0;37;00112233-4455-6677-8899-aabbccddeeff;20993;12289;-56;021500112233445566778899aabbccddeeff52013001c8;btcommon.eir_ad.entry.data;Appareil_001;00112233-4455-6677-8899-aabbccddeeff;-68.0;1.584893192461111e-10;0.1584893192461111;368.0;5.832406948256888e-14;5.8324069482568874e-05;ORANGE;RSSI;-68.0
1784755808.416387;45:15:84:e0:59:c0;0;ADV_IND;36;-64.0;38;00112233-4455-6677-8899-aabbccddeeff;20993;12289;-56;021500112233445566778899aabbccddeeff52013001c8;btcommon.eir_ad.entry.data;Appareil_001;00112233-4455-6677-8899-aabbccddeeff;-64.0;3.9810717055349694e-10;0.3981071705534969;368.0;1.4650343876368686e-13;0.00014650343876368684;ORANGE;RSSI;-64.0
1784755808.442616;45:15:84:e0:59:c0;0;ADV_IND;36;-70.0;39;00112233-4455-6677-8899-aabbccddeeff;20993;12289;-56;021500112233445566778899aabbccddeeff52013001c8;btcommon.eir_ad.entry.data;Appareil_001;00112233-4455-6677-8899-aabbccddeeff;-70.0;1e-10;0.1;368.0;3.68e-14;3.68e-05;ORANGE;RSSI;-70.0
1784755808.583653;45:15:88:e0:59:c0;0;ADV_IND;36;-68.0;38;00112233-4455-6677-8899-aabbccddeeff;20993;12289;-56;021500112233445566778899aabbccddeeff52013001c8;btcommon.eir_ad.entry.data;Appareil_001;00112233-4455-6677-8899-aabbccddeeff;-68.0;1.584893192461111e-10;0.1584893192461111;368.0;5.832406948256888e-14;5.8324069482568874e-05;ORANGE;RSSI;-68.0
1784755808.615955;45:15:84:e0:59:c0;0;ADV_IND;36;-68.0;39;00112233-4455-6677-8899-aabbccddeeff;20993;12289;-56;021500112233445566778899aabbccddeeff52013001c8;btcommon.eir_ad.entry.data;Appareil_001;00112233-4455-6677-8899-aabbccddeeff;-68.0;1.584893192461111e-10;0.1584893192461111;368.0;5.832406948256888e-14;5.8324069482568874e-05;ORANGE;RSSI;-68.0
1784755808.921389;45:15:84:e0:59:c0;0;ADV_IND;36;-65.0;37;00112233-4455-6677-8899-aabbccddeeff;20993;12289;-56;021500112233445566778899aabbccddeeff52013001c8;btcommon.eir_ad.entry.data;Appareil_001;00112233-4455-6677-8899-aabbccddeeff;-65.0;3.1622776601683795e-10;0.31622776601683794;368.0;1.1637181789419636e-13;0.00011637181789419637;ORANGE;RSSI;-65.0
1784755808.947756;45:15:84:e0:59:c0;0;ADV_IND;36;-60.0;38;00112233-4455-6677-8899-aabbccddeeff;20993;12289;-56;021500112233445566778899aabbccddeeff52013001c8;btcommon.eir_ad.entry.data;Appareil_001;00112233-4455-6677-8899-aabbccddeeff;-60.0;1e-09;1.0;368.0;3.68e-13;0.000368;ROUGE;RSSI;-60.0
1784755808.984321;45:15:84:e0:59:c0;0;ADV_IND;36;-66.0;39;00112233-4455-6677-8899-aabbccddeeff;20993;12289;-56;021500112233445566778899aabbccddeeff52013001c8;btcommon.eir_ad.entry.data;Appareil_001;00112233-4455-6677-8899-aabbccddeeff;-66.0;2.511886431509582e-10;0.2511886431509582;368.0;9.243742067955261e-14;9.24374206795526e-05;ORANGE;RSSI;-66.0
1784755809.160048;45:15:84:e0:59:c0;0;ADV_IND;36;-64.0;39;00112233-4455-6677-8899-aabbccddeeff;20993;12289;-56;021500112233445566778899aabbccddeeff52013001c8;btcommon.eir_ad.entry.data;Appareil_001;00112233-4455-6677-8899-aabbccddeeff;-64.0;3.9810717055349694e-10;0.3981071705534969;368.0;1.4650343876368686e-13;0.00014650343876368684;ORANGE;RSSI;-64.0
1784755809.724639;45:15:84:e0:59:c0;0;ADV_IND;36;-60.0;38;00112233-4455-6677-8899-aabbccddeeff;20993;12289;-56;021500112233445566778899aabbccddeeff52013001c8;btcommon.eir_ad.entry.data;Appareil_001;00112233-4455-6677-8899-aabbccddeeff;-60.0;1e-09;1.0;368.0;3.68e-13;0.000368;ROUGE;RSSI;-60.0
1784755809.995175;45:15:84:e0:59:c0;0;ADV_IND;36;-62.0;38;00112233-4455-6677-8899-aabbccddeeff;20993;12289;-56;021500112233445566778899aabbccddeeff52013001c8;btcommon.eir_ad.entry.data;Appareil_001;00112233-4455-6677-8899-aabbccddeeff;-62.0;6.309573444801942e-10;0.6309573444801942;368.0;2.321923027687115e-13;0.0002321923027687115;ORANGE;RSSI;-62.0
1784755810.031598;45:15:84:e0:59:c0;0;ADV_IND;36;-64.0;39;00112233-4455-6677-8899-aabbccddeeff;20993;12289;-56;021500112233445566778899aabbccddeeff52013001c8;btcommon.eir_ad.entry.data;Appareil_001;00112233-4455-6677-8899-aabbccddeeff;-64.0;3.9810717055349694e-10;0.3981071705534969;368.0;1.4650343876368686e-13;0.00014650343876368684;ORANGE;RSSI;-64.0
1784755810.305804;45:15:84:e0:59:c0;0;ADV_IND;36;-53.0;37;00112233-4455-6677-8899-aabbccddeeff;20993;12289;-56;021500112233445566778899aabbccddeeff52013001c8;btcommon.eir_ad.entry.data;Appareil_001;00112233-4455-6677-8899-aabbccddeeff;-53.0;5.011872336272715e-09;5.011872336272715;368.0;1.8443690197483587e-12;0.0018443690197483588;ROUGE;RSSI;-53.0
1784755810.357767;45:15:84:e0:59:c0;0;ADV_IND;36;-52.0;38;00112233-4455-6677-8899-aabbccddeeff;20993;12289;-56;021500112233445566778899aabbccddeeff52013001c8;btcommon.eir_ad.entry.data;Appareil_001;00112233-4455-6677-8899-aabbccddeeff;-52.0;6.309573444801943e-09;6.309573444801943;368.0;2.321923027687115e-12;0.0023219230276871152;ROUGE;RSSI;-52.0
1784755810.40051;45:15:84:e0:59:c0;0;ADV_IND;36;-55.0;39;00112233-4455-6677-8899-aabbccddeeff;20993;12289;-56;021500112233445566778899aabbccddeeff52013001c8;btcommon.eir_ad.entry.data;Appareil_001;00112233-4455-6677-8899-aabbccddeeff;-55.0;3.1622776601683795e-09;3.1622776601683795;368.0;1.1637181789419635e-12;0.0011637181789419635;ROUGE;RSSI;-55.0
1784755810.594911;45:15:84:e0:59:c0;0;ADV_IND;36;-55.0;39;00112233-4455-6677-8899-aabbccddeeff;20993;12289;-56;021500112233445566778899aabbccddeeff52013001c8;btcommon.eir_ad.entry.data;Appareil_001;00112233-4455-6677-8899-aabbccddeeff;-55.0;3.1622776601683795e-09;3.1622776601683795;368.0;1.1637181789419635e-12;0.0011637181789419635;ROUGE;RSSI;-55.0
1784755810.846925;45:15:84:e0:59:c0;0;ADV_IND;36;-51.0;37;00112233-4455-6677-8899-aabbccddeeff;20993;12289;-56;021500112233445566778899aabbccddeeff52013001c8;btcommon.eir_ad.entry.data;Appareil_001;00112233-4455-6677-8899-aabbccddeeff;-51.0;7.943282347242822e-09;7.943282347242822;368.0;2.9231279037853585e-12;0.0029231279037853584;ROUGE;RSSI;-51.0
1784755810.878843;45:15:84:e0:59:c0;0;ADV_IND;36;-51.0;38;00112233-4455-6677-8899-aabbccddeeff;20993;12289;-56;021500112233445566778899aabbccddeeff52013001c8;btcommon.eir_ad.entry.data;Appareil_001;00112233-4455-6677-8899-aabbccddeeff;-51.0;7.943282347242822e-09;7.943282347242822;368.0;2.9231279037853585e-12;0.0029231279037853584;ROUGE;RSSI;-51.0
1784755810.900996;45:15:84:e0:59:c0;0;ADV_IND;36;-54.0;39;00112233-4455-6677-8899-aabbccddeeff;20993;12289;-56;021500112233445566778899aabbccddeeff52013001c8;btcommon.eir_ad.entry.data;Appareil_001;00112233-4455-6677-8899-aabbccddeeff;-54.0;3.981071705534969e-09;3.981071705534969;368.0;1.4650343876368687e-12;0.0014650343876368686;ROUGE;RSSI;-54.0
1784755811.151567;45:15:84:e0:59:c0;0;ADV_IND;36;-51.0;38;00112233-4455-6677-8899-aabbccddeeff;20993;12289;-56;021500112233445566778899aabbccddeeff52013001c8;btcommon.eir_ad.entry.data;Appareil_001;00112233-4455-6677-8899-aabbccddeeff;-51.0;7.943282347242822e-09;7.943282347242822;368.0;2.9231279037853585e-12;0.0029231279037853584;ROUGE;RSSI;-51.0
1784755811.182949;45:15:84:e0:59:c0;0;ADV_IND;36;-54.0;39;00112233-4455-6677-8899-aabbccddeeff;20993;12289;-56;021500112233445566778899aabbccddeeff52013001c8;btcommon.eir_ad.entry.data;Appareil_001;00112233-4455-6677-8899-aabbccddeeff;-54.0;3.981071705534969e-09;3.981071705534969;368.0;1.4650343876368687e-12;0.0014650343876368686;ROUGE;RSSI;-54.0
1784755811.430828;45:15:84:e0:59:c0;0;ADV_IND;36;-51.0;38;00112233-4455-6677-8899-aabbccddeeff;20993;12289;-56;021500112233445566778899aabbccddeeff52013001c8;btcommon.eir_ad.entry.data;Appareil_001;00112233-4455-6677-8899-aabbccddeeff;-51.0;7.943282347242822e-09;7.943282347242822;368.0;2.9231279037853585e-12;0.0029231279037853584;ROUGE;RSSI;-51.0
1784755811.467447;45:15:84:e0:59:c0;0;ADV_IND;36;-54.0;39;00112233-4455-6677-8899-aabbccddeeff;20993;12289;-56;021500112233445566778899aabbccddeeff52013001c8;btcommon.eir_ad.entry.data;Appareil_001;00112233-4455-6677-8899-aabbccddeeff;-54.0;3.981071705534969e-09;3.981071705534969;368.0;1.4650343876368687e-12;0.0014650343876368686;ROUGE;RSSI;-54.0
1784755811.738386;45:15:84:e0:59:c0;0;ADV_IND;36;-51.0;38;00112233-4455-6677-8899-aabbccddeeff;20993;12289;-56;021500112233445566778899aabbccddeeff52013001c8;btcommon.eir_ad.entry.data;Appareil_001;00112233-4455-6677-8899-aabbccddeeff;-51.0;7.943282347242822e-09;7.943282347242822;368.0;2.9231279037853585e-12;0.0029231279037853584;ROUGE;RSSI;-51.0
1784755811.75964;45:15:84:e0:59:c0;0;ADV_IND;36;-54.0;39;00112233-4455-6677-8899-aabbccddeeff;20993;12289;-56;021500112233445566778899aabbccddeeff52013001c8;btcommon.eir_ad.entry.data;Appareil_001;00112233-4455-6677-8899-aabbccddeeff;-54.0;3.981071705534969e-09;3.981071705534969;368.0;1.4650343876368687e-12;0.0014650343876368686;ROUGE;RSSI;-54.0
1784755812.016435;45:15:84:e0:59:c0;0;ADV_IND;36;-51.0;38;00112233-4455-6677-8899-aabbccddeeff;20993;12289;-56;021500112233445566778899aabbccddeeff52013001c8;btcommon.eir_ad.entry.data;Appareil_001;00112233-4455-6677-8899-aabbccddeeff;-51.0;7.943282347242822e-09;7.943282347242822;368.0;2.9231279037853585e-12;0.0029231279037853584;ROUGE;RSSI;-51.0
1784755812.042833;45:15:84:e0:59:c0;0;ADV_IND;36;-54.0;39;00112233-4455-6677-8899-aabbccddeeff;20993;12289;-56;021500112233445566778899aabbccddeeff52013001c8;btcommon.eir_ad.entry.data;Appareil_001;00112233-4455-6677-8899-aabbccddeeff;-54.0;3.981071705534969e-09;3.981071705534969;368.0;1.4650343876368687e-12;0.0014650343876368686;ROUGE;RSSI;-54.0
1784755812.324407;45:15:84:e0:59:c0;0;ADV_IND;36;-51.0;37;00112233-4455-6677-8899-aabbccddeeff;20993;12289;-56;021500112233445566778899aabbccddeeff52013001c8;btcommon.eir_ad.entry.data;Appareil_001;00112233-4455-6677-8899-aabbccddeeff;-51.0;7.943282347242822e-09;7.943282347242822;368.0;2.9231279037853585e-12;0.0029231279037853584;ROUGE;RSSI;-51.0
1784755812.345566;45:15:84:e0:59:c0;0;ADV_IND;36;-51.0;38;00112233-4455-6677-8899-aabbccddeeff;20993;12289;-56;021500112233445566778899aabbccddeeff52013001c8;btcommon.eir_ad.entry.data;Appareil_001;00112233-4455-6677-8899-aabbccddeeff;-51.0;7.943282347242822e-09;7.943282347242822;368.0;2.9231279037853585e-12;0.0029231279037853584;ROUGE;RSSI;-51.0
1784755812.376784;45:15:84:e0:59:c0;0;ADV_IND;36;-54.0;39;00112233-4455-6677-8899-aabbccddeeff;20993;12289;-56;021500112233445566778899aabbccddeeff52013001c8;btcommon.eir_ad.entry.data;Appareil_001;00112233-4455-6677-8899-aabbccddeeff;-54.0;3.981071705534969e-09;3.981071705534969;368.0;1.4650343876368687e-12;0.0014650343876368686;ROUGE;RSSI;-54.0
1784755812.57389;45:15:84:e0:59:c0;0;ADV_IND;36;-51.0;37;00112233-4455-6677-8899-aabbccddeeff;20993;12289;-56;021500112233445566778899aabbccddeeff52013001c8;btcommon.eir_ad.entry.data;Appareil_001;00112233-4455-6677-8899-aabbccddeeff;-51.0;7.943282347242822e-09;7.943282347242822;368.0;2.9231279037853585e-12;0.0029231279037853584;ROUGE;RSSI;-51.0
1784755812.605403;45:15:84:e0:59:c0;0;ADV_IND;36;-51.0;38;00112233-4455-6677-8899-aabbccddeeff;20993;12289;-56;021500112233445566778899aabbccddeeff52013001c8;btcommon.eir_ad.entry.data;Appareil_001;00112233-4455-6677-8899-aabbccddeeff;-51.0;7.943282347242822e-09;7.943282347242822;368.0;2.9231279037853585e-12;0.0029231279037853584;ROUGE;RSSI;-51.0
1784755812.65243;45:15:84:e0:59:c0;0;ADV_IND;36;-54.0;39;00112233-4455-6677-8899-aabbccddeeff;20993;12289;-56;021500112233445566778899aabbccddeeff52013001c8;btcommon.eir_ad.entry.data;Appareil_001;00112233-4455-6677-8899-aabbccddeeff;-54.0;3.981071705534969e-09;3.981071705534969;368.0;1.4650343876368687e-12;0.0014650343876368686;ROUGE;RSSI;-54.0
1784755812.848711;45:15:84:e0:59:c0;0;ADV_IND;36;-51.0;38;00112233-4455-6677-8899-aabbccddeeff;20993;12289;-56;021500112233445566778899aabbccddeeff52013001c8;btcommon.eir_ad.entry.data;Appareil_001;00112233-4455-6677-8899-aabbccddeeff;-51.0;7.943282347242822e-09;7.943282347242822;368.0;2.9231279037853585e-12;0.0029231279037853584;ROUGE;RSSI;-51.0
1784755812.880162;45:15:84:e0:59:c0;0;ADV_IND;36;-54.0;39;00112233-4455-6677-8899-aabbccddeeff;20993;12289;-56;021500112233445566778899aabbccddeeff52013001c8;btcommon.eir_ad.entry.data;Appareil_001;00112233-4455-6677-8899-aabbccddeeff;-54.0;3.981071705534969e-09;3.981071705534969;368.0;1.4650343876368687e-12;0.0014650343876368686;ROUGE;RSSI;-54.0
1784755813.138945;45:15:84:e0:59:c0;0;ADV_IND;36;-51.0;38;00112233-4455-6677-8899-aabbccddeeff;20993;12289;-56;021500112233445566778899aabbccddeeff52013001c8;btcommon.eir_ad.entry.data;Appareil_001;00112233-4455-6677-8899-aabbccddeeff;-51.0;7.943282347242822e-09;7.943282347242822;368.0;2.9231279037853585e-12;0.0029231279037853584;ROUGE;RSSI;-51.0
1784755813.175711;45:15:84:e0:59:c0;0;ADV_IND;36;-54.0;39;00112233-4455-6677-8899-aabbccddeeff;20993;12289;-56;021500112233445566778899aabbccddeeff52013001c8;btcommon.eir_ad.entry.data;Appareil_001;00112233-4455-6677-8899-aabbccddeeff;-54.0;3.981071705534969e-09;3.981071705534969;368.0;1.4650343876368687e-12;0.0014650343876368686;ROUGE;RSSI;-54.0
1784755813.773919;45:15:84:e0:59:c0;0;ADV_IND;36;-54.0;39;00112233-4455-6677-8899-aabbccddeeff;20993;12289;-56;021500112233445566778899aabbccddeeff52013001c8;btcommon.eir_ad.entry.data;Appareil_001;00112233-4455-6677-8899-aabbccddeeff;-54.0;3.981071705534969e-09;3.981071705534969;368.0;1.4650343876368687e-12;0.0014650343876368686;ROUGE;RSSI;-54.0
1784755814.007581;45:15:84:e0:59:c0;0;ADV_IND;36;-51.0;38;00112233-4455-6677-8899-aabbccddeeff;20993;12289;-56;021500112233445566778899aabbccddeeff52013001c8;btcommon.eir_ad.entry.data;Appareil_001;00112233-4455-6677-8899-aabbccddeeff;-51.0;7.943282347242822e-09;7.943282347242822;368.0;2.9231279037853585e-12;0.0029231279037853584;ROUGE;RSSI;-51.0
1784755814.038983;45:15:84:e0:59:c0;0;ADV_IND;36;-54.0;39;00112233-4455-6677-8899-aabbccddeeff;20993;12289;-56;021500112233445566778899aabbccddeeff52013001c8;btcommon.eir_ad.entry.data;Appareil_001;00112233-4455-6677-8899-aabbccddeeff;-54.0;3.981071705534969e-09;3.981071705534969;368.0;1.4650343876368687e-12;0.0014650343876368686;ROUGE;RSSI;-54.0
1784755814.576415;45:15:84:e0:59:c0;0;ADV_IND;36;-51.0;38;00112233-4455-6677-8899-aabbccddeeff;20993;12289;-56;021500112233445566778899aabbccddeeff52013001c8;btcommon.eir_ad.entry.data;Appareil_001;00112233-4455-6677-8899-aabbccddeeff;-51.0;7.943282347242822e-09;7.943282347242822;368.0;2.9231279037853585e-12;0.0029231279037853584;ROUGE;RSSI;-51.0
1784755814.618696;45:15:84:e0:59:c0;0;ADV_IND;36;-54.0;39;00112233-4455-6677-8899-aabbccddeeff;20993;12289;-56;021500112233445566778899aabbccddeeff52013001c8;btcommon.eir_ad.entry.data;Appareil_001;00112233-4455-6677-8899-aabbccddeeff;-54.0;3.981071705534969e-09;3.981071705534969;368.0;1.4650343876368687e-12;0.0014650343876368686;ROUGE;RSSI;-54.0
1784755814.851213;45:15:84:e0:59:c0;0;ADV_IND;36;-51.0;38;00112233-4455-6677-8899-aabbccddeeff;20993;12289;-56;021500112233445566778899aabbccddeeff52013001c8;btcommon.eir_ad.entry.data;Appareil_001;00112233-4455-6677-8899-aabbccddeeff;-51.0;7.943282347242822e-09;7.943282347242822;368.0;2.9231279037853585e-12;0.0029231279037853584;ROUGE;RSSI;-51.0
1784755814.877324;45:15:84:e0:59:c0;0;ADV_IND;36;-54.0;39;00112233-4455-6677-8899-aabbccddeeff;20993;12289;-56;021500112233445566778899aabbccddeeff52013001c8;btcommon.eir_ad.entry.data;Appareil_001;00112233-4455-6677-8899-aabbccddeeff;-54.0;3.981071705534969e-09;3.981071705534969;368.0;1.4650343876368687e-12;0.0014650343876368686;ROUGE;RSSI;-54.0
1784755815.136905;45:15:84:e0:59:c0;0;ADV_IND;36;-53.0;38;00112233-4455-6677-8899-aabbccddeeff;20993;12289;-56;021500112233445566778899aabbccddeeff52013001c8;btcommon.eir_ad.entry.data;Appareil_001;00112233-4455-6677-8899-aabbccddeeff;-53.0;5.011872336272715e-09;5.011872336272715;368.0;1.8443690197483587e-12;0.0018443690197483588;ROUGE;RSSI;-53.0
1784755815.163049;45:15:84:e0:59:c0;0;ADV_IND;36;-57.0;39;00112233-4455-6677-8899-aabbccddeeff;20993;12289;-56;021500112233445566778899aabbccddeeff52013001c8;btcommon.eir_ad.entry.data;Appareil_001;00112233-4455-6677-8899-aabbccddeeff;-57.0;1.9952623149688828e-09;1.9952623149688828;368.0;7.342565319085488e-13;0.0007342565319085489;ROUGE;RSSI;-57.0
1784755815.466402;45:15:84:e0:59:c0;0;ADV_IND;36;-58.0;37;00112233-4455-6677-8899-aabbccddeeff;20993;12289;-56;021500112233445566778899aabbccddeeff52013001c8;btcommon.eir_ad.entry.data;Appareil_001;00112233-4455-6677-8899-aabbccddeeff;-58.0;1.584893192461111e-09;1.584893192461111;368.0;5.832406948256888e-13;0.0005832406948256888;ROUGE;RSSI;-58.0
1784755815.507995;45:15:84:e0:59:c0;0;ADV_IND;36;-58.0;38;00112233-4455-6677-8899-aabbccddeeff;20993;12289;-56;021500112233445566778899aabbccddeeff52013001c8;btcommon.eir_ad.entry.data;Appareil_001;00112233-4455-6677-8899-aabbccddeeff;-58.0;1.584893192461111e-09;1.584893192461111;368.0;5.832406948256888e-13;0.0005832406948256888;ROUGE;RSSI;-58.0
1784755815.540484;45:15:84:e0:59:c0;0;ADV_IND;36;-56.0;39;00112233-4455-6677-8899-aabbccddeeff;20993;12289;-56;021500112233445566778899aabbccddeeff52013001c8;btcommon.eir_ad.entry.data;Appareil_001;00112233-4455-6677-8899-aabbccddeeff;-56.0;2.511886431509582e-09;2.511886431509582;368.0;9.24374206795526e-13;0.0009243742067955261;ROUGE;RSSI;-56.0
1784755815.733471;45:15:84:e0:59:c0;0;ADV_IND;36;-68.0;38;00112233-4455-6677-8899-aabbccddeeff;20993;12289;-56;021500112233445566778899aabbccddeeff52013001c8;btcommon.eir_ad.entry.data;Appareil_001;00112233-4455-6677-8899-aabbccddeeff;-68.0;1.584893192461111e-10;0.1584893192461111;368.0;5.832406948256888e-14;5.8324069482568874e-05;ORANGE;RSSI;-68.0
1784755815.77511;45:15:84:e0:59:c0;0;ADV_IND;36;-76.0;39;00112233-4455-6677-8899-aabbccddeeff;20993;12289;-56;021500112233445566778899aabbccddeeff52013001c8;btcommon.eir_ad.entry.data;Appareil_001;00112233-4455-6677-8899-aabbccddeeff;-76.0;2.5118864315095823e-11;0.025118864315095822;368.0;9.243742067955263e-15;9.243742067955264e-06;VERT;RSSI;-76.0
1784755816.32512;45:15:84:e0:59:c0;0;ADV_IND;36;-64.0;37;00112233-4455-6677-8899-aabbccddeeff;20993;12289;-56;021500112233445566778899aabbccddeeff52013001c8;btcommon.eir_ad.entry.data;Appareil_001;00112233-4455-6677-8899-aabbccddeeff;-64.0;3.9810717055349694e-10;0.3981071705534969;368.0;1.4650343876368686e-13;0.00014650343876368684;ORANGE;RSSI;-64.0
1784755816.357109;45:15:84:e0:59:c0;0;ADV_IND;36;-61.0;38;00112233-4455-6677-8899-aabbccddeeff;20993;12289;-56;021500112233445566778899aabbccddeeff52013001c8;btcommon.eir_ad.entry.data;Appareil_001;00112233-4455-6677-8899-aabbccddeeff;-61.0;7.943282347242822e-10;0.7943282347242822;368.0;2.9231279037853586e-13;0.00029231279037853587;ORANGE;RSSI;-61.0
1784755816.389672;45:15:84:e0:59:c0;0;ADV_IND;36;-63.0;39;00112233-4455-6677-8899-aabbccddeeff;20993;12289;-56;021500112233445566778899aabbccddeeff52013001c8;btcommon.eir_ad.entry.data;Appareil_001;00112233-4455-6677-8899-aabbccddeeff;-63.0;5.011872336272714e-10;0.5011872336272715;368.0;1.8443690197483588e-13;0.00018443690197483587;ORANGE;RSSI;-63.0
1784755816.580054;45:15:84:e0:59:c0;0;ADV_IND;36;-63.0;39;00112233-4455-6677-8899-aabbccddeeff;20993;12289;-56;021500112233445566778899aabbccddeeff52013001c8;btcommon.eir_ad.entry.data;Appareil_001;00112233-4455-6677-8899-aabbccddeeff;-63.0;5.011872336272714e-10;0.5011872336272715;368.0;1.8443690197483588e-13;0.00018443690197483587;ORANGE;RSSI;-63.0
1784755817.148077;45:15:84:e0:59:c0;0;ADV_IND;36;-67.0;38;00112233-4455-6677-8899-aabbccddeeff;20993;12289;-56;021500112233445566778899aabbccddeeff52013001c8;btcommon.eir_ad.entry.data;Appareil_001;00112233-4455-6677-8899-aabbccddeeff;-67.0;1.9952623149688828e-10;0.19952623149688828;368.0;7.342565319085489e-14;7.342565319085489e-05;ORANGE;RSSI;-67.0
1784755817.164238;45:15:84:e0:59:c0;0;ADV_IND;36;-75.0;39;00112233-4455-6677-8899-aabbccddeeff;20993;12289;-56;021500112233445566778899aabbccddeeff52013001c8;btcommon.eir_ad.entry.data;Appareil_001;00112233-4455-6677-8899-aabbccddeeff;-75.0;3.1622776601683794e-11;0.03162277660168379;368.0;1.1637181789419636e-14;1.1637181789419635e-05;VERT;RSSI;-75.0
1784755817.737612;45:15:84:e0:59:c0;0;ADV_IND;36;-68.0;38;00112233-4455-6677-8899-aabbccddeeff;20993;12481;114;021500112233445566778899aabbccddeeff520130c172;btcommon.eir_ad.entry.data;Appareil_001;00112233-4455-6677-8899-aabbccddeeff;-68.0;1.584893192461111e-10;0.1584893192461111;368.0;5.832406948256888e-14;5.8324069482568874e-05;ORANGE;RSSI;-68.0
1784755818.02654;45:15:84:e0:59:c0;0;ADV_IND;36;-69.0;38;00112233-4455-6677-8899-aabbccddeeff;20993;12289;-56;021500112233445566778899aabbccddeeff52013001c8;btcommon.eir_ad.entry.data;Appareil_001;00112233-4455-6677-8899-aabbccddeeff;-69.0;1.2589254117941662e-10;0.12589254117941662;368.0;4.6328455154025316e-14;4.632845515402532e-05;ORANGE;RSSI;-69.0
1784755818.057909;45:15:84:e0:59:c0;0;ADV_IND;36;-79.0;39;00112233-4455-6677-8899-aabbccddeeff;20993;12289;-56;021500112233445566778899aabbccddeeff52013001c8;btcommon.eir_ad.entry.data;Appareil_001;00112233-4455-6677-8899-aabbccddeeff;-79.0;1.2589254117941662e-11;0.012589254117941661;368.0;4.632845515402531e-15;4.632845515402531e-06;VERT;RSSI;-79.0
1784755818.591818;45:15:84:e0:59:c0;0;ADV_IND;36;-67.0;39;00112233-4455-6677-8899-aabbccddeeff;20993;12289;-56;021500112233445566778899aabbccddeeff52013001c8;btcommon.eir_ad.entry.data;Appareil_001;00112233-4455-6677-8899-aabbccddeeff;-67.0;1.9952623149688828e-10;0.19952623149688828;368.0;7.342565319085489e-14;7.342565319085489e-05;ORANGE;RSSI;-67.0
1784755818.873338;45:15:84:e0:59:c0;0;ADV_IND;36;-68.0;38;00112233-4455-6677-8899-aabbccddeeff;20993;12289;-56;021500112233445566778899aabbccddeeff52013001c8;btcommon.eir_ad.entry.data;Appareil_001;00112233-4455-6677-8899-aabbccddeeff;-68.0;1.584893192461111e-10;0.1584893192461111;368.0;5.832406948256888e-14;5.8324069482568874e-05;ORANGE;RSSI;-68.0
1784755818.900018;45:15:84:e0:59:c0;0;ADV_IND;36;-71.0;39;00112233-4455-6677-8899-aabbccddeeff;20993;12289;-56;021500112233445566778899aabbccddeeff52013001c8;btcommon.eir_ad.entry.data;Appareil_001;00112233-4455-6677-8899-aabbccddeeff;-71.0;7.943282347242822e-11;0.07943282347242822;368.0;2.923127903785358e-14;2.9231279037853582e-05;VERT;RSSI;-71.0
1784755819.449907;45:15:84:e0:59:c0;0;ADV_IND;36;-72.0;38;00112233-4455-6677-88b9-aabbccddeef3;21017;12289;-56;0215001122334455667788b9aabbccddeef352193001c8;btcommon.eir_ad.entry.data;Appareil_001;00112233-4455-6677-8899-aabbccddeeff;-72.0;6.309573444801942e-11;0.06309573444801943;368.0;2.3219230276871145e-14;2.3219230276871145e-05;VERT;RSSI;-72.0
1784755819.751609;45:15:84:e0:59:c0;0;ADV_IND;36;-66.0;38;00112233-4455-6677-8899-aabbccddeeff;20993;12289;-56;021500112233445566778899aabbccddeeff52013001c8;btcommon.eir_ad.entry.data;Appareil_001;00112233-4455-6677-8899-aabbccddeeff;-66.0;2.511886431509582e-10;0.2511886431509582;368.0;9.243742067955261e-14;9.24374206795526e-05;ORANGE;RSSI;-66.0
1784755819.783027;45:15:84:e0:59:c0;0;ADV_IND;36;-75.0;39;00112233-4455-6677-8899-aabbccddeeff;20993;12289;-56;021500112233445566778899aabbccddeeff52013001c8;btcommon.eir_ad.entry.data;Appareil_001;00112233-4455-6677-8899-aabbccddeeff;-75.0;3.1622776601683794e-11;0.03162277660168379;368.0;1.1637181789419636e-14;1.1637181789419635e-05;VERT;RSSI;-75.0
1784755821.472251;45:15:84:e0:59:c0;0;ADV_IND;36;-77.0;37;00112233-4455-6677-8899-aabbccddeeff;20993;12289;-56;021500112233445566778899aabbccddeeff52013001c8;btcommon.eir_ad.entry.data;Appareil_001;00112233-4455-6677-8899-aabbccddeeff;-77.0;1.9952623149688828e-11;0.01995262314968883;368.0;7.342565319085488e-15;7.342565319085488e-06;VERT;RSSI;-77.0
1784755822.327316;45:15:84:e0:5a:c0;0;ADV_IND;36;-88.0;37;00112233-4455-6677-8899-aabbccddeeff;20993;12289;-56;021500112233445566778899aabbccddeeff52013001c8;btcommon.eir_ad.entry.data;Appareil_001;00112233-4455-6677-8899-aabbccddeeff;-88.0;1.584893192461111e-12;0.001584893192461111;368.0;5.832406948256888e-16;5.832406948256888e-07;VERT;RSSI;-88.0
1784755822.616661;45:15:84:e0:59:c0;0;ADV_IND;36;-72.0;38;00112233-4455-6677-8899-aabbccddeeff;20993;12289;-56;021500112233445566778899aabbccddeeff52013001c8;btcommon.eir_ad.entry.data;Appareil_001;00112233-4455-6677-8899-aabbccddeeff;-72.0;6.309573444801942e-11;0.06309573444801943;368.0;2.3219230276871145e-14;2.3219230276871145e-05;VERT;RSSI;-72.0
1784755822.638147;45:15:84:e0:59:c0;0;ADV_IND;36;-82.0;39;00112233-4455-6677-8899-aabbccddeeff;20993;12289;-56;021500112233445566778899aabbccddeeff52013001c8;btcommon.eir_ad.entry.data;Appareil_001;00112233-4455-6677-8899-aabbccddeeff;-82.0;6.309573444801943e-12;0.006309573444801942;368.0;2.3219230276871146e-15;2.3219230276871148e-06;VERT;RSSI;-82.0
1784755822.917871;45:15:84:e0:59:c0;0;ADV_IND;36;-75.0;39;00112233-4455-6677-8899-aabbccddeeff;20993;12289;-56;021500112233445566778899aabbccddeeff52013001c8;btcommon.eir_ad.entry.data;Appareil_001;00112233-4455-6677-8899-aabbccddeeff;-75.0;3.1622776601683794e-11;0.03162277660168379;368.0;1.1637181789419636e-14;1.1637181789419635e-05;VERT;RSSI;-75.0
1784755823.468264;45:15:84:e0:59:c0;0;ADV_IND;36;-70.0;39;00112233-4455-6677-8899-aabbccddeeff;20993;12289;-56;021500112233445566778899aabbccddeeff52013001c8;btcommon.eir_ad.entry.data;Appareil_001;00112233-4455-6677-8899-aabbccddeeff;-70.0;1e-10;0.1;368.0;3.68e-14;3.68e-05;ORANGE;RSSI;-70.0
1784755823.753689;45:15:84:e0:59:c0;0;ADV_IND;36;-66.0;38;00112233-4455-6677-8899-aabbccddeeff;20993;12289;-56;021500112233445566778899aabbccddeeff52013001c8;btcommon.eir_ad.entry.data;Appareil_001;00112233-4455-6677-8899-aabbccddeeff;-66.0;2.511886431509582e-10;0.2511886431509582;368.0;9.243742067955261e-14;9.24374206795526e-05;ORANGE;RSSI;-66.0
1784755823.78509;45:15:84:e0:59:c0;0;ADV_IND;36;-69.0;39;00112233-4455-6677-8899-aabbccddeeff;20993;12289;-56;021500112233445566778899aabbccddeeff52013001c8;btcommon.eir_ad.entry.data;Appareil_001;00112233-4455-6677-8899-aabbccddeeff;-69.0;1.2589254117941662e-10;0.12589254117941662;368.0;4.6328455154025316e-14;4.632845515402532e-05;ORANGE;RSSI;-69.0
1784755824.352224;45:15:84:e0:59:c0;0;ADV_IND;36;-70.0;37;00112233-4455-6677-8899-aabbccddeeff;20993;12289;-56;021500112233445566778899aabbccddeeff52013001c8;btcommon.eir_ad.entry.data;Appareil_001;00112233-4455-6677-8899-aabbccddeeff;-70.0;1e-10;0.1;368.0;3.68e-14;3.68e-05;ORANGE;RSSI;-70.0
1784755824.388705;45:15:84:e0:59:c0;0;ADV_IND;36;-69.0;38;00112233-4455-6673-8899-aabbccddeeff;20993;12289;-56;021500112233445566738899aabbccddeeff52013001c8;btcommon.eir_ad.entry.data;Appareil_001;00112233-4455-6677-8899-aabbccddeeff;-69.0;1.2589254117941662e-10;0.12589254117941662;368.0;4.6328455154025316e-14;4.632845515402532e-05;ORANGE;RSSI;-69.0
1784755824.389593;45:15:84:e0:59:c0;0;ADV_IND;36;-67.0;39;00112233-4455-6677-8899-aabbccddeeff;20993;12289;-56;021500112233445566778899aabbccddeeff52013001c8;btcommon.eir_ad.entry.data;Appareil_001;00112233-4455-6677-8899-aabbccddeeff;-67.0;1.9952623149688828e-10;0.19952623149688828;368.0;7.342565319085489e-14;7.342565319085489e-05;ORANGE;RSSI;-67.0
1784755824.625231;45:15:84:e0:59:c0;0;ADV_IND;36;-71.0;39;00112233-4455-6677-8899-aabbccddeeff;20993;12289;-56;021500112233445566778899aabbccddeeff52013001c8;btcommon.eir_ad.entry.data;Appareil_001;00112233-4455-6677-8899-aabbccddeeff;-71.0;7.943282347242822e-11;0.07943282347242822;368.0;2.923127903785358e-14;2.9231279037853582e-05;VERT;RSSI;-71.0
1784755824.922581;45:15:84:e0:59:c0;0;ADV_IND;36;-77.0;39;00112233-4455-6677-8899-aabbccddeeff;20993;12289;-56;021500112233445566778899aabbccddeeff52013001c8;btcommon.eir_ad.entry.data;Appareil_001;00112233-4455-6677-8899-aabbccddeeff;-77.0;1.9952623149688828e-11;0.01995262314968883;368.0;7.342565319085488e-15;7.342565319085488e-06;VERT;RSSI;-77.0
1784755825.47269;45:15:84:e0:59:c0;0;ADV_IND;36;-69.0;39;00112233-4455-6677-8899-aabbccddeeff;20993;12289;-56;021500112233445566778899aabbccddeeff52013001c8;btcommon.eir_ad.entry.data;Appareil_001;00112233-4455-6677-8899-aabbccddeeff;-69.0;1.2589254117941662e-10;0.12589254117941662;368.0;4.6328455154025316e-14;4.632845515402532e-05;ORANGE;RSSI;-69.0
1784755825.755458;45:15:84:e0:59:c0;0;ADV_IND;36;-67.0;38;00112233-4455-6677-8899-aabbccddeeff;20993;12289;-56;021500112233445566778899aabbccddeeff52013001c8;btcommon.eir_ad.entry.data;Appareil_001;00112233-4455-6677-8899-aabbccddeeff;-67.0;1.9952623149688828e-10;0.19952623149688828;368.0;7.342565319085489e-14;7.342565319085489e-05;ORANGE;RSSI;-67.0
1784755825.793997;45:15:84:e0:59:c0;0;ADV_IND;36;-64.0;39;00112233-4455-6677-8899-aabbccddeeff;20993;12289;-56;021500112233445566778899aabbccddeeff52013001c8;btcommon.eir_ad.entry.data;Appareil_001;00112233-4455-6677-8899-aabbccddeeff;-64.0;3.9810717055349694e-10;0.3981071705534969;368.0;1.4650343876368686e-13;0.00014650343876368684;ORANGE;RSSI;-64.0
1784755826.041849;45:15:84:e0:59:c0;0;ADV_IND;36;-63.0;38;00112233-4455-6677-8899-aabbccddeeff;20993;12289;-56;021500112233445566778899aabbccddeeff52013001c8;btcommon.eir_ad.entry.data;Appareil_001;00112233-4455-6677-8899-aabbccddeeff;-63.0;5.011872336272714e-10;0.5011872336272715;368.0;1.8443690197483588e-13;0.00018443690197483587;ORANGE;RSSI;-63.0
1784755826.074022;45:15:84:e0:59:c0;0;ADV_IND;36;-64.0;39;00112233-4455-6677-8899-aabbccddeeff;20993;12289;-56;021500112233445566778899aabbccddeeff52013001c8;btcommon.eir_ad.entry.data;Appareil_001;00112233-4455-6677-8899-aabbccddeeff;-64.0;3.9810717055349694e-10;0.3981071705534969;368.0;1.4650343876368686e-13;0.00014650343876368684;ORANGE;RSSI;-64.0
1784755826.329496;45:15:84:e0:59:c0;0;ADV_IND;36;-66.0;37;00112233-4455-6677-8899-aabbccddeeff;20993;12289;-56;021500112233445566778899aabbccddeeff52013001c8;btcommon.eir_ad.entry.data;Appareil_001;00112233-4455-6677-8899-aabbccddeeff;-66.0;2.511886431509582e-10;0.2511886431509582;368.0;9.243742067955261e-14;9.24374206795526e-05;ORANGE;RSSI;-66.0
1784755826.355652;45:15:84:e0:59:c0;0;ADV_IND;36;-70.0;38;00112233-4455-6677-8899-aabbccddeeff;20993;12289;-56;021500112233445566778899aabbccddeeff52013001c8;btcommon.eir_ad.entry.data;Appareil_001;00112233-4455-6677-8899-aabbccddeeff;-70.0;1e-10;0.1;368.0;3.68e-14;3.68e-05;ORANGE;RSSI;-70.0
1784755826.397611;45:15:84:e0:59:c0;0;ADV_IND;36;-68.0;39;00112233-4455-6677-8899-aabbccddeeff;20993;12289;-56;021500112233445566778899aabbccddeeff52013001c8;btcommon.eir_ad.entry.data;Appareil_001;00112233-4455-6677-8899-aabbccddeeff;-68.0;1.584893192461111e-10;0.1584893192461111;368.0;5.832406948256888e-14;5.8324069482568874e-05;ORANGE;RSSI;-68.0
1784755826.631449;45:15:84:e0:59:c0;0;ADV_IND;36;-60.0;38;00112233-4455-6677-8899-aabbccddeeff;20993;12289;-56;021500112233445566778899aabbccddeeff52013001c8;btcommon.eir_ad.entry.data;Appareil_001;00112233-4455-6677-8899-aabbccddeeff;-60.0;1e-09;1.0;368.0;3.68e-13;0.000368;ROUGE;RSSI;-60.0
1784755826.924336;45:15:84:e0:59:c0;0;ADV_IND;36;-66.0;38;00112233-4455-6677-8899-aabbccddeeff;20993;12289;-56;021500112233445566778899aabbccddeeff52013001c8;btcommon.eir_ad.entry.data;Appareil_001;00112233-4455-6677-8899-aabbccddeeff;-66.0;2.511886431509582e-10;0.2511886431509582;368.0;9.243742067955261e-14;9.24374206795526e-05;ORANGE;RSSI;-66.0
1784755826.955744;45:15:84:e0:59:c0;0;ADV_IND;36;-66.0;39;00112233-4455-6677-8899-aabbccddeeff;20993;12289;-56;021500112233445566778899aabbccddeeff52013001c8;btcommon.eir_ad.entry.data;Appareil_001;00112233-4455-6677-8899-aabbccddeeff;-66.0;2.511886431509582e-10;0.2511886431509582;368.0;9.243742067955261e-14;9.24374206795526e-05;ORANGE;RSSI;-66.0
1784755827.188164;45:15:84:e0:59:c0;0;ADV_IND;36;-67.0;38;00112233-4455-6677-8899-aabbccddeeff;20993;12289;-56;021500112233445566778899aabbccddeeff52013001c8;btcommon.eir_ad.entry.data;Appareil_001;00112233-4455-6677-8899-aabbccddeeff;-67.0;1.9952623149688828e-10;0.19952623149688828;368.0;7.342565319085489e-14;7.342565319085489e-05;ORANGE;RSSI;-67.0
1784755827.219655;45:15:84:e0:59:c0;0;ADV_IND;36;-71.0;39;00112233-4455-6677-8899-aabbccddeeff;20993;12289;-56;021500112233445566778899aabbccddeeff52013001c8;btcommon.eir_ad.entry.data;Appareil_001;00112233-4455-6677-8899-aabbccddeeff;-71.0;7.943282347242822e-11;0.07943282347242822;368.0;2.923127903785358e-14;2.9231279037853582e-05;VERT;RSSI;-71.0
1784755827.473787;45:15:84:e0:59:c0;0;ADV_IND;36;-66.0;38;00112233-4455-6677-8899-aabbccddeeff;20993;12289;-56;021500112233445566778899aabbccddeeff52013001c8;btcommon.eir_ad.entry.data;Appareil_001;00112233-4455-6677-8899-aabbccddeeff;-66.0;2.511886431509582e-10;0.2511886431509582;368.0;9.243742067955261e-14;9.24374206795526e-05;ORANGE;RSSI;-66.0
1784755827.505242;45:15:84:e0:59:c0;0;ADV_IND;36;-70.0;39;00112233-4455-6677-8899-aabbccddeeff;20993;12289;-56;021500112233445566778899aabbccddeeff52013001c8;btcommon.eir_ad.entry.data;Appareil_001;00112233-4455-6677-8899-aabbccddeeff;-70.0;1e-10;0.1;368.0;3.68e-14;3.68e-05;ORANGE;RSSI;-70.0
1784755827.753955;45:15:84:e0:59:c0;0;ADV_IND;36;-66.0;38;00112233-4455-6677-8899-aabbccddeeff;20993;12289;-56;021500112233445566778899aabbccddeeff52013001c8;btcommon.eir_ad.entry.data;Appareil_001;00112233-4455-6677-8899-aabbccddeeff;-66.0;2.511886431509582e-10;0.2511886431509582;368.0;9.243742067955261e-14;9.24374206795526e-05;ORANGE;RSSI;-66.0
1784755827.785235;45:15:84:e0:59:c0;0;ADV_IND;36;-68.0;39;00112233-4455-6677-8899-aabbccddeeff;20993;12289;-56;021500112233445566778899aabbccddeeff52013001c8;btcommon.eir_ad.entry.data;Appareil_001;00112233-4455-6677-8899-aabbccddeeff;-68.0;1.584893192461111e-10;0.1584893192461111;368.0;5.832406948256888e-14;5.8324069482568874e-05;ORANGE;RSSI;-68.0
1784755828.034137;45:15:84:e0:59:c0;0;ADV_IND;36;-65.0;38;00112233-4455-6677-8899-aabbccddeeff;20993;12289;-56;021500112233445566778899aabbccddeeff52013001c8;btcommon.eir_ad.entry.data;Appareil_001;00112233-4455-6677-8899-aabbccddeeff;-65.0;3.1622776601683795e-10;0.31622776601683794;368.0;1.1637181789419636e-13;0.00011637181789419637;ORANGE;RSSI;-65.0
1784755828.06582;45:15:84:e0:59:c0;0;ADV_IND;36;-66.0;39;00112233-4455-6677-8899-aabbccddeeff;20993;12289;-56;021500112233445566778899aabbccddeeff52013001c8;btcommon.eir_ad.entry.data;Appareil_001;00112233-4455-6677-8899-aabbccddeeff;-66.0;2.511886431509582e-10;0.2511886431509582;368.0;9.243742067955261e-14;9.24374206795526e-05;ORANGE;RSSI;-66.0
1784755828.615863;45:15:84:e0:59:c0;0;ADV_IND;36;-65.0;37;00112233-4455-6677-8899-aabbccddeeff;20993;12289;-56;021500112233445566778899aabbccddeeff52013001c8;btcommon.eir_ad.entry.data;Appareil_001;00112233-4455-6677-8899-aabbccddeeff;-65.0;3.1622776601683795e-10;0.31622776601683794;368.0;1.1637181789419636e-13;0.00011637181789419637;ORANGE;RSSI;-65.0
1784755828.641979;45:15:84:e0:59:c0;0;ADV_IND;36;-63.0;38;00112233-4455-6677-8899-aabbccddeeff;20993;12289;-56;021500112233445566778899aabbccddeeff52013001c8;btcommon.eir_ad.entry.data;Appareil_001;00112233-4455-6677-8899-aabbccddeeff;-63.0;5.011872336272714e-10;0.5011872336272715;368.0;1.8443690197483588e-13;0.00018443690197483587;ORANGE;RSSI;-63.0
1784755828.673702;45:15:84:e0:59:c0;0;ADV_IND;36;-69.0;39;00112233-4455-6677-8899-aabbccddeeff;20993;12289;-56;021500112233445566778899aabbccddeeff52013001c8;btcommon.eir_ad.entry.data;Appareil_001;00112233-4455-6677-8899-aabbccddeeff;-69.0;1.2589254117941662e-10;0.12589254117941662;368.0;4.6328455154025316e-14;4.632845515402532e-05;ORANGE;RSSI;-69.0
1784755828.905532;45:15:84:e0:59:c0;0;ADV_IND;36;-60.0;38;00112233-4455-6677-8899-aabbccddeeff;20993;12289;-56;021500112233445566778899aabbccddeeff52013001c8;btcommon.eir_ad.entry.data;Appareil_001;00112233-4455-6677-8899-aabbccddeeff;-60.0;1e-09;1.0;368.0;3.68e-13;0.000368;ROUGE;RSSI;-60.0
1784755828.936984;45:15:84:e0:59:c0;0;ADV_IND;36;-60.0;39;00112233-4455-6677-8899-aabbccddeeff;20993;12289;-56;021500112233445566778899aabbccddeeff52013001c8;btcommon.eir_ad.entry.data;Appareil_001;00112233-4455-6677-8899-aabbccddeeff;-60.0;1e-09;1.0;368.0;3.68e-13;0.000368;ROUGE;RSSI;-60.0
1784755829.184356;45:15:84:e0:59:c0;0;ADV_IND;36;-65.0;38;00112233-4455-6677-8899-aabbccddeeff;20993;12289;-56;021500112233445566778899aabbccddeeff52013001c8;btcommon.eir_ad.entry.data;Appareil_001;00112233-4455-6677-8899-aabbccddeeff;-65.0;3.1622776601683795e-10;0.31622776601683794;368.0;1.1637181789419636e-13;0.00011637181789419637;ORANGE;RSSI;-65.0
1784755829.22254;45:15:84:e0:59:c0;0;ADV_IND;36;-64.0;39;00112233-4455-6677-8899-aabbccddeeff;20993;12289;-56;021500112233445566778899aabbccddeeff52013001c8;btcommon.eir_ad.entry.data;Appareil_001;00112233-4455-6677-8899-aabbccddeeff;-64.0;3.9810717055349694e-10;0.3981071705534969;368.0;1.4650343876368686e-13;0.00014650343876368684;ORANGE;RSSI;-64.0
1784755829.457594;45:15:84:e0:59:c0;0;ADV_IND;36;-68.0;39;00112233-4455-6677-8899-aabbccddeeff;20993;12289;-56;021500112233445566778899aabbccddeeff52013001c8;btcommon.eir_ad.entry.data;Appareil_001;00112233-4455-6677-8899-aabbccddeeff;-68.0;1.584893192461111e-10;0.1584893192461111;368.0;5.832406948256888e-14;5.8324069482568874e-05;ORANGE;RSSI;-68.0
1784755829.74889;45:15:84:e0:59:c0;0;ADV_IND;36;-62.0;37;00112233-4455-6677-8899-aabbccddeeff;20993;12289;-56;021500112233445566778899aabbccddeeff52013001c8;btcommon.eir_ad.entry.data;Appareil_001;00112233-4455-6677-8899-aabbccddeeff;-62.0;6.309573444801942e-10;0.6309573444801942;368.0;2.321923027687115e-13;0.0002321923027687115;ORANGE;RSSI;-62.0
1784755830.042243;45:15:84:e0:59:c0;0;ADV_IND;36;-65.0;38;00112233-4455-6677-8899-aabbccddeeff;20993;12289;-56;021500112233445566778899aabbccddeeff52013001c8;btcommon.eir_ad.entry.data;Appareil_001;00112233-4455-6677-8899-aabbccddeeff;-65.0;3.1622776601683795e-10;0.31622776601683794;368.0;1.1637181789419636e-13;0.00011637181789419637;ORANGE;RSSI;-65.0
1784755830.063386;45:15:84:e0:59:c0;0;ADV_IND;36;-71.0;39;00112233-4455-6677-8899-aabbccddeeff;20993;12289;-56;021500112233445566778899aabbccddeeff52013001c8;btcommon.eir_ad.entry.data;Appareil_001;00112233-4455-6677-8899-aabbccddeeff;-71.0;7.943282347242822e-11;0.07943282347242822;368.0;2.923127903785358e-14;2.9231279037853582e-05;VERT;RSSI;-71.0
