index;uuid;major;minor;address;start_epoch;end_epoch;duration_ms;interval_ms;packet_count;channels;rssi_mean;tx_power
1;e20a39f4-73f5-4bc4-a12f-17d1ad07a961;0;0;4b:ae:81:63:06:d3;1784652484.125577;1784652484.125577;0.0;;1;37;-68.0;-56
2;e20a39f4-73f5-4bc4-a12f-17d1ad07a961;0;0;4b:ae:81:63:06:d3;1784652484.386292;1784652484.386292;0.0;260.7150077819824;1;37;-68.0;-56
3;e20a39f4-73f5-4bc4-a12f-17d1ad07a961;0;0;4b:ae:81:63:06:d3;1784652484.681936;1784652484.681936;0.0;295.64404487609863;1;37;-68.0;-56
4;e20a39f4-73f5-4bc4-a12f-17d1ad07a961;0;0;4b:ae:81:63:06:d3;1784652484.987196;1784652484.987196;0.0;305.25994300842285;1;37;-68.0;-56
5;e20a39f4-73f5-4bc4-a12f-17d1ad07a961;0;0;4b:ae:81:63:06:d3;1784652485.009634;1784652485.009634;0.0;22.43804931640625;1;38;-70.0;-56
6;e20a39f4-73f5-4bc4-a12f-17d1ad07a961;0;0;4b:ae:81:63:06:d3;1784652485.048336;1784652485.048336;0.0;38.70201110839844;1;39;-63.0;-56
7;e20a39f4-73f5-4bc6-a12f-17d1ad07a961;0;0;4b:ae:81:63:06:d3;1784652485.269731;1784652485.269731;0.0;;1;38;-70.0;-56
8;e20a39f4-73f5-4bc4-a12f-17d1ad07a961;0;0;4b:ae:81:63:06:d3;1784652485.283879;1784652485.283879;0.0;235.54301261901855;1;39;-62.0;-56
9;e20a39f4-73f5-4bc4-a12f-17d1ad07a961;0;0;4b:ae:81:63:06:d3;1784652485.548866;1784652485.548866;0.0;264.9869918823242;1;38;-70.0;-56
10;e20a39f4-73f5-4bc4-a12f-17d1ad07a961;0;0;4b:ae:81:63:06:d3;1784652485.576364;1784652485.576364;0.0;27.49800682067871;1;39;-63.0;-56
11;e20a39f4-73f5-4bc4-a12f-17d1ad07a961;0;0;4b:ae:81:63:06:d3;1784652486.116446;1784652486.116446;0.0;540.0819778442383;1;37;-68.0;-56
12;e20a39f4-73f5-4bc4-a12f-17d1ad07a961;0;0;4b:ae:81:63:06:d3;1784652486.149245;1784652486.149245;0.0;32.79900550842285;1;38;-70.0;-56
13;e20a39f4-73f5-4bc4-a12f-17d1ad07a961;0;0;4b:ae:81:63:06:d3;1784652486.171819;1784652486.171819;0.0;22.57394790649414;1;39;-62.0;-56
14;e20a39f4-73f5-4bc4-a12f-17d1ad37a961;0;0;4b:ae:81:63:06:d3;1784652486.403837;1784652486.403837;0.0;;1;38;-69.0;-56
15;e20a39f4-73f5-4bc4-a12f-17d1ad07a961;0;0;4b:ae:81:63:06:d3;1784652486.43113;1784652486.43113;0.0;259.3109607696533;1;39;-63.0;-56
16;e20a39f4-73f5-4bc4-a12f-17d1ad07a961;0;0;4b:ae:81:63:06:d3;1784652486.709405;1784652486.709405;0.0;278.2750129699707;1;37;-68.0;-56
17;e20a39f4-73f5-4bc4-a12f-17d1ad07a961;0;0;4b:ae:81:63:06:d3;1784652486.989412;1784652486.989412;0.0;280.00712394714355;1;37;-68.0;-56
18;e20a39f4-73f5-4bc4-a12f-17d1ad07a961;0;0;4b:ae:81:63:06:d3;1784652487.271953;1784652487.291339;19.385814666748047;282.54103660583496;2;38,39;-66.5;-56
19;e20a39f4-73f5-4bc4-a12f-17d1ad07a961;0;0;4b:ae:81:63:06:d3;1784652487.5579;1784652487.5579;0.0;285.9468460083008;1;39;-62.0;-56
20;e20a39f4-73f5-4bc4-a12f-17d1ad07a961;0;0;4b:ae:81:63:06:d3;1784652487.824669;1784652487.824669;0.0;266.7689323425293;1;37;-68.0;-56
21;e20a39f4-73f5-4bc4-a12f-17d1ad07a961;0;0;4b:ae:81:63:06:d3;1784652487.844958;1784652487.84695;1.9919872283935547;20.289182662963867;2;38,39;-67.0;-56
22;e20a39f4-73f5-4bc4-a12f-17d1ad07a961;0;0;4b:ae:81:63:06:d3;1784652488.385072;1784652488.385072;0.0;540.1139259338379;1;38;-73.0;-56
23;e20a39f4-73f5-4bc4-a12f-17d1ad07a961;0;0;4b:ae:81:63:06:d3;1784652488.419473;1784652488.419473;0.0;34.40093994140625;1;39;-62.0;-56
24;e20a39f4-73f5-4bc4-a12f-17d1ad07a961;0;0;4b:ae:81:63:06:d3;1784652488.998983;1784652488.998983;0.0;579.509973526001;1;38;-70.0;-56
25;e20a39f4-73f5-4bc4-a12f-17d1ad07a961;0;0;4b:ae:81:63:06:d3;1784652489.032012;1784652489.032012;0.0;33.02907943725586;1;39;-62.0;-56
26;e20a39f4-73f5-4bc4-a12f-17d1ad07a961;0;0;4b:ae:81:63:06:d3;1784652489.274536;1784652489.285033;10.497093200683594;242.5239086151123;2;38,39;-66.5;-56
27;e20a39f4-73f5-4bc4-a12f-17d1ad07a961;0;0;4b:ae:81:63:06:d3;1784652489.602162;1784652489.602162;0.0;327.62598991394043;1;37;-68.0;-56
28;e20a39f4-73f5-4bc4-a12f-17d1ad07a961;0;0;4b:ae:81:63:06:d3;1784652489.829485;1784652489.829485;0.0;227.32305526733398;1;39;-63.0;-56
29;e20a39f4-73f5-4bc4-a12f-17d1ad07a961;0;0;4b:ae:81:63:06:d3;1784652490.132434;1784652490.132434;0.0;302.9489517211914;1;37;-68.0;-56
30;e20a39f4-73f5-4bc4-a12f-17d1ad07a961;0;0;4b:ae:81:63:06:d3;1784652490.157238;1784652490.157238;0.0;24.804115295410156;1;38;-70.0;-56
31;e20a39f4-73f5-4bc4-a12f-17d1ad07a961;0;0;4b:ae:81:63:06:d3;1784652490.185403;1784652490.185403;0.0;28.165102005004883;1;39;-64.0;-56
32;e20a39f4-73f5-4bc4-a12f-17d1ad07a961;0;0;4b:ae:81:63:06:d3;1784652490.417049;1784652490.417049;0.0;231.6458225250244;1;38;-70.0;-56
33;e20a39f4-73f5-4bc4-a12f-17d1ad07a961;0;0;4b:ae:81:63:06:d3;1784652490.449156;1784652490.449156;0.0;32.10711479187012;1;39;-63.0;-56
34;e20a39f4-73f5-4bc4-a12f-17d1ad07a961;0;0;4b:ae:81:63:06:d3;1784652490.71707;1784652490.71707;0.0;267.9140567779541;1;38;-70.0;-56
35;e20a39f4-73f5-4bc4-a12f-17d1ad07a961;0;0;4b:ae:81:63:06:d3;1784652490.754817;1784652490.754817;0.0;37.74690628051758;1;39;-63.0;-56
36;e20a39f4-73f5-4bc4-a12f-17d1ad07a961;0;0;4b:ae:81:63:06:d3;1784652491.012241;1784652491.012241;0.0;257.42387771606445;1;37;-69.0;-56
37;e20a39f4-73f5-4bc4-a12f-17d1ad07a961;0;0;4b:ae:81:63:06:d3;1784652491.039519;1784652491.039519;0.0;27.27818489074707;1;38;-71.0;-56
38;e20a39f4-73f5-4bc4-a12f-17d1ad07a961;0;0;4b:ae:81:63:06:d3;1784652491.069662;1784652491.069662;0.0;30.143022537231445;1;39;-63.0;-56
39;e20a39f4-73f5-4bc4-a12f-17d1ad07a961;0;0;4b:ae:81:63:06:d3;1784652491.858695;1784652491.858695;0.0;789.0329360961914;1;37;-68.0;-56
40;e20a39f4-73f5-4bc4-a12f-17d1ad07a961;0;0;4b:ae:81:63:06:d3;1784652492.115909;1784652492.115909;0.0;257.2140693664551;1;38;-71.0;-56
41;e20a39f4-73f5-4bc4-a12f-17d1ad07a961;0;0;4b:ae:81:63:06:d3;1784652492.148997;1784652492.148997;0.0;33.087968826293945;1;39;-62.0;-56
42;e20a39f4-73f5-4bc4-a12f-17d1ad07a961;0;0;4b:ae:81:63:06:d3;1784652492.413564;1784652492.413564;0.0;264.56689834594727;1;38;-70.0;-56
43;e20a39f4-73f5-4bc4-a12f-17d1ad07a961;0;0;4b:ae:81:63:06:d3;1784652492.438046;1784652492.438046;0.0;24.482011795043945;1;39;-63.0;-56
44;e20a39f4-73f5-4bc4-a12f-17d1ad07a961;0;0;4b:ae:81:63:06:d3;1784652492.687696;1784652492.700635;12.938976287841797;249.6500015258789;2;38,39;-66.0;-56
45;e20a39f4-73f5-4bc4-a12f-17d1ad07a961;0;0;4b:ae:81:63:06:d3;1784652492.989817;1784652492.989817;0.0;302.1209239959717;1;39;-63.0;-56
46;e20a39f4-73f5-4bc4-a12f-17d1ad07a961;0;0;4b:ae:81:63:06:d3;1784652493.271191;1784652493.271191;0.0;281.3739776611328;1;37;-68.0;-56
47;e20a39f4-73f5-4bc4-a12f-17d1ad07a961;0;0;4b:ae:81:63:06:d3;1784652493.298632;1784652493.31124;12.608051300048828;27.441024780273438;2;38,39;-66.5;-56
48;e20a39f4-73f5-4bc4-a12f-17d1ad07a961;0;0;4b:ae:81:63:06:d3;1784652493.536689;1784652493.540605;3.916025161743164;238.05713653564453;2;37,38;-69.5;-56
49;e20a39f4-73f5-4b14-9037-136259d81bd6;16732;39407;4b:ae:81:63:06:d3;1784652493.56548;1784652493.56548;0.0;;1;39;-63.0;37
50;e20a39f4-73f5-4bc4-a12f-17d1ad07a961;0;0;4b:ae:81:63:06:d3;1784652493.822349;1784652493.840044;17.694950103759766;285.6600284576416;2;38,39;-66.5;-56
51;e20a39f4-73f5-4bc4-a12f-17d1ad07a961;0;0;4b:ae:81:63:06:d3;1784652494.098081;1784652494.098081;0.0;275.73204040527344;1;38;-70.0;-56
52;e20a39f4-73f5-4bc4-a12f-17d1ad07a961;0;0;4b:ae:81:63:06:d3;1784652494.126403;1784652494.126403;0.0;28.32198143005371;1;39;-64.0;-56
53;e20a39f4-73f5-4bc4-a12f-17d1ad07a961;0;0;4b:ae:81:63:06:d3;1784652494.430384;1784652494.430384;0.0;303.98082733154297;1;38;-71.0;-56
54;e20a39f4-73f5-4bc4-a12f-17d1ad07a961;0;0;4b:ae:81:63:06:d3;1784652494.469978;1784652494.469978;0.0;39.594173431396484;1;39;-64.0;-56
55;e20a39f4-73f5-4bc4-a12f-17d1ad07a961;0;0;4b:ae:81:63:06:d3;1784652494.694801;1784652494.694801;0.0;224.822998046875;1;38;-70.0;-56
56;e20a39f4-73f5-4bc4-a12f-17d1ad07a961;0;0;4b:ae:81:63:06:d3;1784652494.718102;1784652494.718102;0.0;23.300886154174805;1;39;-64.0;-56
57;e20a39f4-73f5-4bc4-a12f-17d1ad07a961;0;0;4b:ae:81:63:06:d3;1784652495.021914;1784652495.021914;0.0;303.81202697753906;1;39;-62.0;-56
58;e20a39f4-73f5-4bc4-a12f-17d1ad07a961;0;0;4b:ae:81:63:06:d3;1784652495.263491;1784652495.263491;0.0;241.5769100189209;1;38;-70.0;-56
59;e20a39f4-73f5-4bc4-a12f-17d1ad07a961;0;0;4b:ae:81:63:06:d3;1784652495.291427;1784652495.291427;0.0;27.93598175048828;1;39;-64.0;-56
60;e20a39f4-73f5-4bc4-a12f-17d1ad07a961;0;0;4b:ae:81:63:06:d3;1784652495.533476;1784652495.550227;16.750812530517578;242.0492172241211;3;37,38,39;-67.33333333333333;-56
61;e20a39f4-73f5-4bc4-a12f-17d1ad07a961;0;0;4b:ae:81:63:06:d3;1784652495.83433;1784652495.849;14.66989517211914;300.853967666626;3;37,38,39;-67.0;-56
62;e20a39f4-73f5-4bc4-a12f-17d1ad07a961;0;0;4b:ae:81:63:06:d3;1784652496.115776;1784652496.131416;15.640020370483398;281.4459800720215;2;38,39;-67.0;-56
63;e20a39f4-73f5-4bc4-a12f-17d1ad07a961;0;0;4b:ae:81:63:06:d3;1784652496.405146;1784652496.41123;6.084203720092773;289.3698215484619;2;38,39;-66.0;-56
64;e20a39f4-73f5-4bc4-a12f-17d1ad07a961;0;0;4b:ae:81:63:06:d3;1784652496.68754;1784652496.68754;0.0;282.3941707611084;1;39;-62.0;-56
65;e20a39f4-73f5-4bc4-a12f-17d1ad07a961;0;0;4b:ae:81:63:06:d3;1784652496.98463;1784652496.998745;14.114856719970703;297.0900535583496;2;38,39;-66.0;-56
66;e20a39f4-73f5-4bc4-a12f-17d1ad07a961;0;0;4b:ae:81:63:06:d3;1784652497.279391;1784652497.279391;0.0;294.76094245910645;1;38;-70.0;-56
67;e20a39f4-73f5-4bc4-a12f-17d1ad07a961;0;0;4b:ae:81:63:06:d3;1784652497.312037;1784652497.312037;0.0;32.64594078063965;1;39;-63.0;-56
68;e20a39f4-73f5-4bc4-a12f-17d1ad07a961;0;0;4b:ae:81:63:06:d3;1784652497.556416;1784652497.572718;16.301870346069336;244.37904357910156;2;38,39;-66.5;-56
69;e20a39f4-73f5-4bc4-a12f-17d1ad07a961;0;0;4b:ae:81:63:06:d3;1784652497.852124;1784652497.852124;0.0;295.70794105529785;1;38;-69.0;-56
70;e20a39f4-73f5-4bc4-a12f-17d1ad07a961;0;0;4b:ae:81:63:06:d3;1784652497.876206;1784652497.876206;0.0;24.081945419311523;1;39;-62.0;-56
71;e20a39f4-73f5-4bc4-a12f-17d1ad07a961;0;0;4b:ae:81:63:06:d3;1784652498.123312;1784652498.123312;0.0;247.10607528686523;1;38;-70.0;-56
72;e20a39f4-73f5-4bc4-a12f-17d1ad07a961;0;0;4b:ae:81:63:06:d3;1784652498.169271;1784652498.169271;0.0;45.9589958190918;1;39;-63.0;-56
73;e20a39f4-73f5-4bc4-a12f-17d1ad07a961;0;0;4b:ae:81:63:06:d3;1784652498.427888;1784652498.427888;0.0;258.6169242858887;1;37;-68.0;-56
74;e20a39f4-73f5-4bc4-a12f-57d1ad07a961;0;0;4b:ae:81:63:06:d3;1784652498.456122;1784652498.456122;0.0;;1;38;-69.0;-56
75;e20a39f4-73f5-4bc4-a12f-17d1ad07a961;0;0;4b:ae:81:63:06:d3;1784652498.483414;1784652498.483414;0.0;55.526018142700195;1;39;-63.0;-56
76;e20a39f4-73f5-4bc4-a12f-17d1ad07a961;0;0;4b:ae:81:63:06:d3;1784652498.712782;1784652498.712782;0.0;229.3679714202881;1;37;-68.0;-56
77;e20a39f4-73f5-4bc4-a12f-17d1ad07a961;0;0;4b:ae:81:63:06:d3;1784652498.969401;1784652498.969401;0.0;256.6189765930176;1;38;-69.0;-56
78;e20a39f4-73f5-4bc4-a12f-17d1ad07a961;0;0;4b:ae:81:63:06:d3;1784652499.002874;1784652499.002874;0.0;33.47301483154297;1;39;-64.0;-56
79;e20a39f4-73f5-4bc4-a12f-17d1ad07a961;0;0;4b:ae:81:63:06:d3;1784652499.266515;1784652499.266515;0.0;263.6411190032959;1;38;-70.0;-56
80;e20a39f4-73f5-4bc4-a12f-17d1ad07a961;0;0;4b:ae:81:63:06:d3;1784652499.293946;1784652499.293946;0.0;27.431011199951172;1;39;-62.0;-56
81;e20a39f4-73f5-4bc4-a12f-17d1ad07a961;0;0;4b:ae:81:63:06:d3;1784652499.554499;1784652499.554499;0.0;260.55288314819336;1;38;-70.0;-56
82;e20a39f4-73f5-4bc4-a12f-17d1ad07a961;0;0;4b:ae:81:63:06:d3;1784652499.592524;1784652499.592524;0.0;38.0251407623291;1;39;-64.0;-56
83;e20a39f4-73f5-4bc4-a12f-17d1ad07a961;0;0;4b:ae:81:63:06:d3;1784652499.855681;1784652499.855681;0.0;263.1568908691406;1;38;-70.0;-56
84;e20a39f4-73f5-4bc4-a12f-17d1ad07a961;0;0;4b:ae:81:63:06:d3;1784652499.883398;1784652499.883398;0.0;27.717113494873047;1;39;-63.0;-56
85;e20a39f4-73f5-4bc4-a12f-17d1ad07a961;0;0;4b:ae:81:63:06:d3;1784652500.115807;1784652500.115807;0.0;232.40900039672852;1;37;-68.0;-56
86;e20a39f4-73f5-4bc4-a12f-17d1ad07a961;0;0;4b:ae:81:63:06:d3;1784652500.13852;1784652500.13852;0.0;22.71294593811035;1;38;-70.0;-56
87;e20a39f4-73f5-4bc4-a12f-17d1ad07a961;0;0;4b:ae:81:63:06:d3;1784652500.187278;1784652500.187278;0.0;48.75802993774414;1;39;-64.0;-56
88;e20a39f4-73f5-4bc4-a12f-17d1ad07a961;0;0;4b:ae:81:63:06:d3;1784652500.429269;1784652500.429269;0.0;241.9910430908203;1;38;-71.0;-56
89;e20a39f4-73f5-4bc4-a12f-17d1ad07a961;0;0;4b:ae:81:63:06:d3;1784652500.468109;1784652500.468109;0.0;38.83981704711914;1;39;-63.0;-56
90;e20a39f4-73f5-4bc4-a12f-17d1ad07a961;0;0;4b:ae:81:63:06:d3;1784652500.711678;1784652500.711678;0.0;243.56913566589355;1;38;-73.0;-56
91;e20a39f4-73f5-4bc4-a12f-17d1ad07a961;0;0;4b:ae:81:63:06:d3;1784652500.735258;1784652500.735258;0.0;23.580074310302734;1;39;-63.0;-56
92;e20a39f4-73f5-4bc4-a12f-17d1ad07a961;0;0;4b:ae:81:63:06:d3;1784652500.982742;1784652500.982742;0.0;247.4839687347412;1;38;-70.0;-56
93;e20a39f4-73f5-4bc4-a12f-17d1ad07a961;0;0;4b:ae:81:63:06:d3;1784652501.011972;1784652501.011972;0.0;29.22987937927246;1;39;-63.0;-56
94;e20a39f4-73f5-4bc4-a12f-17d1ad07a961;0;0;4b:ae:81:63:06:d3;1784652501.270324;1784652501.270324;0.0;258.35204124450684;1;38;-70.0;-56
95;e20a39f4-73f5-4bc4-a12f-17d1ad07a961;0;0;4b:ae:81:63:06:d3;1784652501.298254;1784652501.298254;0.0;27.930021286010742;1;39;-63.0;-56
96;e20a39f4-73f5-4bc4-a12f-17d1ad07a961;0;0;4b:ae:81:63:06:d3;1784652501.554965;1784652501.554965;0.0;256.7110061645508;1;38;-69.0;-56
97;e20a39f4-73f5-4bc4-a12f-17d1ad07a961;0;0;4b:ae:81:63:06:d3;1784652501.582738;1784652501.582738;0.0;27.772903442382812;1;39;-63.0;-56
98;e20a39f4-73f5-4bc4-a12f-17d1ad07a961;0;0;4b:ae:81:63:06:d3;1784652501.837368;1784652501.837368;0.0;254.63008880615234;1;38;-70.0;-56
99;e20a39f4-73f5-4bc4-a12f-17d1ad07a961;0;0;4b:ae:81:63:06:d3;1784652501.870275;1784652501.870275;0.0;32.90700912475586;1;39;-63.0;-56
100;e20a39f4-73f5-4bc4-a12f-17d1ad07a961;0;0;4b:ae:81:63:06:d3;1784652502.119297;1784652502.119297;0.0;249.0220069885254;1;38;-69.0;-56
101;e20a39f4-73f5-4bc4-a12f-17d1ad07a961;0;0;4b:ae:81:63:06:d3;1784652502.152393;1784652502.152393;0.0;33.0960750579834;1;39;-63.0;-56
102;e20a39f4-73f5-4bc4-a12f-17d1ad07a961;0;0;4b:ae:81:63:06:d3;1784652502.406341;1784652502.406341;0.0;253.94797325134277;1;38;-70.0;-56
103;e20a39f4-73f5-4bc4-a12f-17d1ad07a961;0;0;4b:ae:81:63:06:d3;1784652502.701188;1784652502.701188;0.0;294.8470115661621;1;37;-68.0;-56
104;e20a39f4-73f5-4bc4-a12f-17d1ad07a961;0;0;4b:ae:81:63:06:d3;1784652502.737891;1784652502.737891;0.0;36.702871322631836;1;38;-70.0;-56
105;e20a39f4-73f5-4bc4-a12f-17d1ad07a961;0;0;4b:ae:81:63:06:d3;1784652502.764947;1784652502.764947;0.0;27.055978775024414;1;39;-63.0;-56
106;e20a39f4-73f5-4bc4-a12f-17d1ad07a961;0;0;4b:ae:81:63:06:d3;1784652502.979992;1784652502.979992;0.0;215.04497528076172;1;38;-70.0;-56
107;e20a39f4-73f5-4bc4-a12f-17d1ad07a961;0;0;4b:ae:81:63:06:d3;1784652503.024321;1784652503.024321;0.0;44.329166412353516;1;39;-63.0;-56
108;e20a39f4-73f5-4bc4-a12f-17d1ad07a961;0;0;4b:ae:81:63:06:d3;1784652503.256863;1784652503.259199;2.335786819458008;232.5420379638672;2;38,39;-66.5;-56
109;e20a39f4-73f5-4bc4-a12f-17d1ad07a961;0;0;4b:ae:81:63:06:d3;1784652503.839459;1784652503.839459;0.0;582.5958251953125;1;38;-69.0;-56
110;e20a39f4-73f5-4bc4-a12f-17d1ad07a961;0;0;4b:ae:81:63:06:d3;1784652503.86227;1784652503.86227;0.0;22.811174392700195;1;39;-64.0;-56
111;e20a39f4-73f5-4bc4-a12f-17d1ad07a961;0;0;4b:ae:81:63:06:d3;1784652504.424631;1784652504.424631;0.0;562.3610019683838;1;38;-70.0;-56
112;e20a39f4-73f5-4bc4-a12f-17d1ad07a961;0;0;4b:ae:81:63:06:d3;1784652504.447294;1784652504.447294;0.0;22.662878036499023;1;39;-63.0;-56
113;e20a39f4-73f5-4bc4-a12f-17d1ad07a961;0;0;4b:ae:81:63:06:d3;1784652504.709895;1784652504.709895;0.0;262.6008987426758;1;38;-70.0;-56
114;e20a39f4-73f5-4bc4-a12f-17d1ad07a961;0;0;4b:ae:81:63:06:d3;1784652504.738086;1784652504.738086;0.0;28.191089630126953;1;39;-63.0;-56
115;e20a39f4-73f5-4bc4-a12f-17d1ad07a961;0;0;4b:ae:81:63:06:d3;1784652504.984203;1784652504.984203;0.0;246.11711502075195;1;38;-69.0;-56
116;e20a39f4-73f5-4bc4-a12f-17d1ad07a961;0;0;4b:ae:81:63:06:d3;1784652505.017018;1784652505.017018;0.0;32.814979553222656;1;39;-63.0;-56
117;e20a39f4-73f5-4bc4-a12f-17d1ad07a961;0;0;4b:ae:81:63:06:d3;1784652505.337916;1784652505.337916;0.0;320.89781761169434;1;37;-67.0;-56
118;e20a39f4-73f5-4bc4-a12f-17d1ad07a961;0;0;4b:ae:81:63:06:d3;1784652505.580648;1784652505.580648;0.0;242.73204803466797;1;38;-70.0;-56
119;e20a39f4-73f5-4bc4-a12f-17d1ad07a961;0;0;4b:ae:81:63:06:d3;1784652505.610173;1784652505.610173;0.0;29.525041580200195;1;39;-63.0;-56
120;e20a39f4-73f5-4bc4-a12f-17d1ad07a961;0;0;4b:ae:81:63:06:d3;1784652505.843231;1784652505.843231;0.0;233.05797576904297;1;38;-70.0;-56
121;e20a39f4-73f5-4bc4-a12f-17d1ad07a961;0;0;4b:ae:81:63:06:d3;1784652505.883982;1784652505.883982;0.0;40.750980377197266;1;39;-63.0;-56
122;e20a39f4-73f5-4bc4-a12f-17d1ad07a961;0;0;4b:ae:81:63:06:d3;1784652506.144292;1784652506.144292;0.0;260.31017303466797;1;39;-63.0;-56
123;e20a39f4-73f5-4bc4-a12f-17d1ad07a961;0;0;4b:ae:81:63:06:d3;1784652506.453143;1784652506.453143;0.0;308.8507652282715;1;38;-70.0;-56
124;e20a39f4-73f5-4bc4-a12f-17d1ad07a961;0;0;4b:ae:81:63:06:d3;1784652506.490358;1784652506.490358;0.0;37.215232849121094;1;39;-63.0;-56
125;e20a39f4-73f5-4bc4-a12f-17d1ad07a961;0;0;4b:ae:81:63:06:d3;1784652506.716627;1784652506.728815;12.188196182250977;226.26876831054688;2;38,39;-66.5;-56
126;e20a39f4-73f5-4bc4-a12f-17d1ad07a961;0;0;4b:ae:81:63:06:d3;1784652507.01537;1784652507.01537;0.0;298.74300956726074;1;38;-70.0;-56
127;e20a39f4-73f5-4bc4-a12f-17d1ad07a961;0;0;4b:ae:81:63:06:d3;1784652507.055108;1784652507.055108;0.0;39.73817825317383;1;39;-63.0;-56
128;e20a39f4-73f5-4bc4-a12f-17d1ad07a961;0;0;4b:ae:81:63:06:d3;1784652507.309575;1784652507.322506;12.930870056152344;254.46701049804688;2;37,38;-68.0;-56
129;e20a39f4-73f5-4bc4-a12f-17d1ad07a961;0;0;4b:ae:81:63:06:d3;1784652507.34479;1784652507.34479;0.0;35.214900970458984;1;39;-64.0;-56
130;e20a39f4-73f5-4bc4-a12f-17d1ad07a961;0;0;4b:ae:81:63:06:d3;1784652507.573896;1784652507.573896;0.0;229.10594940185547;1;37;-67.0;-56
131;e20a39f4-73f5-4bc4-a12f-17d1ad07a961;0;0;4b:ae:81:63:06:d3;1784652507.607125;1784652507.607125;0.0;33.22911262512207;1;38;-72.0;-56
132;e20a39f4-73f5-4bc4-a12f-17d1ad07a961;0;0;4b:ae:81:63:06:d3;1784652507.641739;1784652507.641739;0.0;34.613847732543945;1;39;-64.0;-56
133;e20a39f4-73f5-4bc4-a12f-17d1ad07a961;0;0;4b:ae:81:63:06:d3;1784652507.874428;1784652507.874428;0.0;232.68914222717285;1;38;-69.0;-56
134;e20a39f4-73f5-4bc4-a12f-17d1ad07a961;0;0;4b:ae:81:63:06:d3;1784652507.901732;1784652507.901732;0.0;27.30393409729004;1;39;-63.0;-56
135;e20a39f4-73f5-4bc4-a12f-17d1ad07a961;0;0;4b:ae:81:63:06:d3;1784652508.172781;1784652508.172781;0.0;271.04902267456055;1;38;-70.0;-56
136;e20a39f4-73f5-4bc4-a12f-17d1ad07a961;0;0;4b:ae:81:63:06:d3;1784652508.231563;1784652508.231563;0.0;58.782100677490234;1;39;-63.0;-56
137;e20a39f4-73f5-4bc4-a12f-17d1ad07a961;0;0;4b:ae:81:63:06:d3;1784652508.45511;1784652508.45511;0.0;223.54698181152344;1;38;-70.0;-56
138;e20a39f4-73f5-4bc4-a12f-17d1ad07a961;0;0;4b:ae:81:63:06:d3;1784652508.477433;1784652508.477433;0.0;22.322893142700195;1;39;-63.0;-56
139;e20a39f4-73f5-4bc4-a12f-17d1ad07a961;0;0;4b:ae:81:63:06:d3;1784652508.730423;1784652508.730423;0.0;252.9900074005127;1;38;-69.0;-56
140;e20a39f4-73f5-4bc4-a12f-17d1ad07a961;0;0;4b:ae:81:63:06:d3;1784652508.752849;1784652508.752849;0.0;22.426128387451172;1;39;-63.0;-56
141;e20a39f4-73f5-4bc4-a12f-17d1ad07a961;0;0;4b:ae:81:63:06:d3;1784652509.010354;1784652509.010354;0.0;257.504940032959;1;38;-71.0;-56
142;e20a39f4-73f5-4bc4-a12f-17d1ad07a961;0;0;4b:ae:81:63:06:d3;1784652509.032678;1784652509.032678;0.0;22.3238468170166;1;39;-63.0;-56
143;e20a39f4-73f5-4bc4-a12f-17d1ad07a961;0;0;4b:ae:81:63:06:d3;1784652509.301819;1784652509.301819;0.0;269.14119720458984;1;37;-67.0;-56
144;e20a39f4-73f5-4bc4-a12f-17d1ad07a961;0;0;4b:ae:81:63:06:d3;1784652509.329619;1784652509.329619;0.0;27.79984474182129;1;38;-69.0;-56
145;e20a39f4-73f5-4bc4-a12f-17d1ad07a961;0;0;4b:ae:81:63:06:d3;1784652509.357241;1784652509.357241;0.0;27.621984481811523;1;39;-63.0;-56
146;e20a39f4-73f5-4bc4-a12f-17d1ad07a961;0;0;4b:ae:81:63:06:d3;1784652509.591865;1784652509.591865;0.0;234.62414741516113;1;37;-67.0;-56
147;e23239f4-73f5-4bc4-a12f-27d12d07a961;1024;0;4b:ae:81:63:06:d3;1784652509.645686;1784652509.645686;0.0;;1;38;-70.0;-56
148;e20a39f4-73f5-4bc4-a12f-17d1ad07a961;0;0;4b:ae:81:63:06:d3;1784652509.668754;1784652509.668754;0.0;76.8890380859375;1;39;-63.0;-56
149;e20a39f4-73f5-4bc4-a12f-17d1ad07a961;0;0;4b:ae:81:63:06:d3;1784652509.891458;1784652509.910631;19.17290687561035;222.7039337158203;2;38,39;-66.5;-56
150;e20a39f4-73f5-4bc4-a12f-17d1ad07a961;0;0;4b:ae:81:63:06:d3;1784652510.141126;1784652510.141126;0.0;249.66788291931152;1;38;-71.0;-56
151;e20a39f4-73f5-4bc4-a12f-17d1ad07a961;0;0;4b:ae:81:63:06:d3;1784652510.169053;1784652510.169053;0.0;27.927160263061523;1;39;-64.0;-56
152;e20a39f4-73f5-4bc4-a12f-17d1ad07a961;0;0;4b:ae:81:63:06:d3;1784652510.75884;1784652510.75884;0.0;589.7870063781738;1;38;-70.0;-56
153;e20a39f4-73f5-4bc4-a12f-17d1ad07a961;0;0;4b:ae:81:63:06:d3;1784652510.791609;1784652510.791609;0.0;32.768964767456055;1;39;-63.0;-56
154;e20a39f4-73f5-4bc4-a12f-17d1ad07a961;0;0;4b:ae:81:63:06:d3;1784652511.2981;1784652511.2981;0.0;506.49094581604004;1;38;-70.0;-56
155;e20a39f4-73f5-4bc4-a12f-17d1ad07a961;0;0;4b:ae:81:63:06:d3;1784652511.336407;1784652511.336407;0.0;38.30695152282715;1;39;-63.0;-56
156;e20a39f4-73f5-4bc4-a12f-17d1ad07a961;0;0;4b:ae:81:63:06:d3;1784652511.572073;1784652511.572073;0.0;235.66603660583496;1;38;-70.0;-56
157;e20a39f4-73f5-4bc4-a12f-17d1ad07a961;0;0;4b:ae:81:63:06:d3;1784652511.603529;1784652511.603529;0.0;31.45599365234375;1;39;-62.0;-56
158;e20a39f4-73f5-4bc4-a12f-17d1ad07a961;0;0;4b:ae:81:63:06:d3;1784652512.178359;1784652512.195981;17.621994018554688;574.8300552368164;2;38,39;-67.0;-56
159;e20a39f4-73f5-4bc4-a12f-17d1ad07a961;0;0;4b:ae:81:63:06:d3;1784652512.483073;1784652512.483073;0.0;304.7139644622803;1;39;-63.0;-56
160;e20a39f4-73f5-4bc4-a12f-17d1ad07a961;0;0;4b:ae:81:63:06:d3;1784652512.77978;1784652512.77978;0.0;296.7069149017334;1;38;-71.0;-56
161;e20a39f4-73f5-4bc4-a12f-17d1ad07a961;0;0;4b:ae:81:63:06:d3;1784652512.807433;1784652512.807433;0.0;27.652978897094727;1;39;-63.0;-56
162;e20a39f4-73f5-4bc4-a12f-17d1ad07a961;0;0;4b:ae:81:63:06:d3;1784652513.055679;1784652513.055679;0.0;248.2461929321289;1;37;-67.0;-56
163;e20a39f4-73f5-4bc4-a12f-17d1ad07a961;0;0;4b:ae:81:63:06:d3;1784652513.089125;1784652513.089125;0.0;33.44583511352539;1;38;-70.0;-56
164;e20a39f4-73f5-4bc4-a12f-17d1ad07a961;0;0;4b:ae:81:63:06:d3;1784652513.118539;1784652513.118539;0.0;29.41417694091797;1;39;-63.0;-56
165;e20a39f4-73f5-4bc4-a12f-17d1ad07a961;2190;49344;4b:ae:81:63:06:d3;1784652513.37183;1784652513.37183;0.0;;1;38;-70.0;-21
166;e20a39f4-73f5-4bc4-a12f-17d1ad07a961;0;0;4b:ae:81:63:06:d3;1784652513.580463;1784652513.580463;0.0;461.92383766174316;1;39;-64.0;-56
167;e20a39f4-73f5-4bc4-a12f-17d1ad07a961;0;0;4b:ae:81:63:06:d3;1784652513.877378;1784652513.877378;0.0;296.91505432128906;1;38;-70.0;-56
168;e20a39f4-73f5-4bc4-a12f-17d1ad07a961;0;0;4b:ae:81:63:06:d3;1784652513.903895;1784652513.903895;0.0;26.51691436767578;1;39;-63.0;-56
169;e20a39f4-73f5-4bc4-a12f-17d1ad07a961;0;0;4b:ae:81:63:06:d3;1784652514.169416;1784652514.169416;0.0;265.5210494995117;1;38;-69.0;-56
170;e20a39f4-73f5-4bc4-a12f-17d1ad07a961;0;0;4b:ae:81:63:06:d3;1784652514.190933;1784652514.190933;0.0;21.517038345336914;1;39;-63.0;-56
171;e20a39f4-73f5-4bc4-a12f-17d1ad07a961;0;0;4b:ee:81:63:06:d3;1784652514.445711;1784652514.452563;6.852149963378906;254.7779083251953;2;38,39;-66.5;-56
172;e20a39f4-73f5-4bc4-a12f-17d1ad07a961;0;0;4b:ae:81:63:06:d3;1784652515.026729;1784652515.026729;0.0;581.0182094573975;1;38;-70.0;-56
173;e20a39f4-73f5-4bc4-a12f-17d1ad07a961;0;0;4b:ae:81:63:06:d3;1784652515.048064;1784652515.048064;0.0;21.33488655090332;1;39;-64.0;-56
174;e20a39f4-73f5-4bc4-a12f-17d1ad07a961;0;0;4b:ae:81:63:06:d3;1784652515.313525;1784652515.313525;0.0;265.4609680175781;1;38;-70.0;-56
175;e20a39f4-73f5-4bc4-a12f-17d1ad07a961;0;0;4b:ae:81:63:06:d3;1784652515.350482;1784652515.350482;0.0;36.9570255279541;1;39;-63.0;-56
176;e20a39f4-73f5-4bc4-a12f-17d1ad07a961;0;0;4b:ae:81:63:06:d3;1784652515.59011;1784652515.59011;0.0;239.62807655334473;1;39;-63.0;-56
177;e20a39f4-73f5-4bc4-a12f-17d1ad07a961;0;0;4b:ae:81:63:06:d3;1784652515.93115;1784652515.93115;0.0;341.03989601135254;1;37;-67.0;-56
178;e20a39f4-73f5-4bc4-a12f-17d1ad07a961;0;0;4b:ae:81:63:06:d3;1784652515.964467;1784652515.964467;0.0;33.31708908081055;1;38;-70.0;-56
179;e20a39f4-73f5-4bc4-a12f-17d1ad07a961;0;0;4b:ae:81:63:06:d3;1784652515.998164;1784652515.998164;0.0;33.696889877319336;1;39;-63.0;-56
180;e20a39f4-73f5-4bc4-a12f-17d1ad07a961;0;0;4b:ae:81:63:06:d3;1784652516.173582;1784652516.173582;0.0;175.41813850402832;1;39;-63.0;-56
181;e20a39f4-73f5-4bc4-a12f-17d1ad07a961;0;0;4b:ae:81:63:06:d3;1784652516.438558;1784652516.438558;0.0;264.97602462768555;1;38;-69.0;-56
182;e20a39f4-73f5-4bc4-a12f-17d1ad07a961;0;0;4b:ae:81:63:06:d3;1784652516.467646;1784652516.467646;0.0;29.08778190612793;1;39;-63.0;-56
183;e20a39f4-73f5-4bc4-a12f-17d1ad07a961;0;0;4b:ae:81:63:06:d3;1784652516.735485;1784652516.735485;0.0;267.8391933441162;1;39;-64.0;-56
184;e20a39f4-73f5-4bc4-a12f-17d1ad07a961;0;0;4b:ae:81:63:06:d3;1784652516.990289;1784652516.990289;0.0;254.80389595031738;1;38;-66.0;-56
185;e20a39f4-73f5-4bc4-a12f-17d1ad07a961;0;0;4b:ae:81:63:06:d3;1784652517.011129;1784652517.011129;0.0;20.839929580688477;1;39;-63.0;-56
186;e20a39f4-73f5-4bc4-a12f-17d1ad07a961;0;0;4b:ae:81:63:06:d3;1784652517.302294;1784652517.302294;0.0;291.1651134490967;1;38;-70.0;-56
187;e20a39f4-73f5-4bc4-a12f-17d1ad07a961;0;0;4b:ae:81:63:06:d3;1784652517.329722;1784652517.329722;0.0;27.42791175842285;1;39;-62.0;-56
188;e20a39f4-73f5-4bc4-a12f-17d1ad07a961;0;0;4b:ae:81:63:06:d3;1784652517.609697;1784652517.623422;13.724803924560547;279.97517585754395;2;38,39;-66.5;-56
189;e20a39f4-73f5-4bc4-a12f-17d1ad07a961;0;0;4b:ae:81:63:06:d3;1784652517.857617;1784652517.857617;0.0;247.91979789733887;1;37;-67.0;-56
190;e20a39f4-73f5-4bc4-a12f-17d1ad07a961;0;0;4b:ae:81:63:06:d3;1784652517.885593;1784652517.893071;7.477998733520508;27.976036071777344;2;38,39;-66.5;-56
191;e20a39f4-73f5-4bc4-a12f-17d1ad07a961;0;0;4b:ae:81:63:06:d3;1784652518.164129;1784652518.164129;0.0;278.5360813140869;1;38;-70.0;-56
192;e20a39f4-73f5-4bc4-a12f-17d1ad07a961;0;0;4b:ae:81:63:06:d3;1784652518.200856;1784652518.200856;0.0;36.726951599121094;1;39;-64.0;-56
193;e20a39f4-73f5-4bc4-a12f-17d1ad07a961;0;0;4b:ae:81:63:06:d3;1784652518.444091;1784652518.444091;0.0;243.23511123657227;1;38;-70.0;-56
194;e20a39f4-73f5-4bc4-a12f-17d1ad07a961;0;0;4b:ae:81:63:06:d3;1784652518.491113;1784652518.491113;0.0;47.02186584472656;1;39;-64.0;-56
195;e20a39f4-73f5-4bc4-a12f-17d1ad07a961;0;0;4b:ae:81:63:06:d3;1784652518.731251;1784652518.731251;0.0;240.13805389404297;1;38;-70.0;-56
196;e20a39f4-73f5-4bc4-a12f-17d1ad07a961;0;0;4b:ae:81:63:06:d3;1784652518.76052;1784652518.76052;0.0;29.268980026245117;1;39;-64.0;-56
197;e20a39f4-73f5-4bc4-a12f-17d1ad07a961;0;0;4b:ae:81:63:06:d3;1784652519.008595;1784652519.008595;0.0;248.07500839233398;1;38;-70.0;-56
198;e20a39f4-73f5-4bc4-a12f-17d1ad07a961;0;0;4b:ae:81:63:06:d3;1784652519.031173;1784652519.031173;0.0;22.578001022338867;1;39;-63.0;-56
199;e20a39f4-73f5-4bc4-a12f-17d1ad07a961;0;0;4b:ae:81:63:06:d3;1784652519.288419;1784652519.288419;0.0;257.2460174560547;1;38;-70.0;-56
200;e20a39f4-73f5-4bc4-a12f-17d1ad07a961;0;0;4b:ae:81:63:06:d3;1784652519.316272;1784652519.316272;0.0;27.853012084960938;1;39;-63.0;-56
201;e20a39f4-73f5-4bc4-a12f-17d1ad07a961;0;0;4b:ae:81:63:06:d3;1784652519.593129;1784652519.593129;0.0;276.8568992614746;1;38;-70.0;-56
202;e20a39f4-73f5-4bc4-a12f-17d1ad07a961;0;0;4b:ae:81:63:06:d3;1784652519.629287;1784652519.629287;0.0;36.158084869384766;1;39;-63.0;-56
203;e20a39f4-73f5-4bc4-a12f-17d1ad07a961;0;0;4b:ae:81:63:06:d3;1784652519.880314;1784652519.883815;3.5009384155273438;251.02710723876953;2;38,39;-67.0;-56
204;e20a39f4-73f5-4bc4-a12f-17d1ad07a961;0;0;4b:ae:81:63:06:d3;1784652520.156356;1784652520.158795;2.4390220642089844;276.04198455810547;2;38,39;-66.5;-56
205;e20a39f4-73f5-4bc4-a12f-17d1ad07a961;0;0;4b:ae:81:63:06:d3;1784652520.430897;1784652520.430897;0.0;274.54090118408203;1;38;-70.0;-56
206;e20a39f4-73f5-4bc4-a12f-17d1ad07a961;0;0;4b:ae:81:63:06:d3;1784652520.452255;1784652520.452255;0.0;21.358013153076172;1;39;-63.0;-56
207;e20a39f4-73f5-4bc4-a12f-17d1ad07a961;0;0;4b:ae:81:63:06:d3;1784652520.723484;1784652520.723484;0.0;271.2290287017822;1;38;-70.0;-56
208;e20a39f4-73f5-4bc4-a12f-17d1ad07a961;0;0;4b:ae:81:63:06:d3;1784652520.746867;1784652520.746867;0.0;23.382902145385742;1;39;-63.0;-56
209;e20a39f4-73f5-4bc4-a12f-17d1ad07a961;0;0;4b:ae:81:63:06:d3;1784652521.002351;1784652521.002351;0.0;255.48410415649414;1;38;-70.0;-56
210;e20a39f4-73f5-4bc4-a12f-17d1ad07a961;0;0;4b:ae:81:63:06:d3;1784652521.025102;1784652521.025102;0.0;22.7508544921875;1;39;-63.0;-56
211;e20a39f4-73f5-4bc4-a12f-17d1ad07a961;0;0;4b:8e:81:e3:06:d3;1784652521.277007;1784652521.277007;0.0;251.9052028656006;1;38;-70.0;-56
212;e20a39f4-73f5-4bc4-a12f-17d1ad07a961;0;0;4b:ae:81:63:06:d3;1784652521.304258;1784652521.304258;0.0;27.251005172729492;1;39;-63.0;-56
213;e20a39f4-73f5-4bc4-a12f-17d1ad07a961;0;0;4b:ae:81:63:06:d3;1784652521.561681;1784652521.561681;0.0;257.42292404174805;1;38;-70.0;-56
214;e20a39f4-73f5-4bc4-a12f-17d1ad07a961;0;0;4b:ae:81:63:06:d3;1784652521.584695;1784652521.584695;0.0;23.014068603515625;1;39;-63.0;-56
215;e20a39f4-73f5-4bc4-a12f-17d1ad07a961;0;0;4b:ae:81:63:06:d3;1784652521.840962;1784652521.840962;0.0;256.26683235168457;1;38;-70.0;-56
216;e20a39f4-73f5-4bc4-a12f-17d1ad07a961;0;0;4b:ae:81:63:06:d3;1784652521.877988;1784652521.877988;0.0;37.026166915893555;1;39;-63.0;-56
217;e20a39f4-73f5-4bc4-a12f-17d1ad07a961;0;0;4b:ae:81:63:06:d3;1784652522.150287;1784652522.150287;0.0;272.29881286621094;1;38;-70.0;-56
218;e20a39f4-73f5-4bc4-a12f-17d1ad07a961;0;0;4b:ae:81:63:06:d3;1784652522.179091;1784652522.179091;0.0;28.80406379699707;1;39;-63.0;-56
219;e20a39f4-73f5-4bc4-a12f-17d1ad07a961;0;0;4b:ae:81:63:06:d3;1784652522.434271;1784652522.434271;0.0;255.18012046813965;1;38;-70.0;-56
220;e20a39f4-73f5-4bc4-a12f-17d1ad07a961;0;0;4b:ae:81:63:06:d3;1784652522.458743;1784652522.458743;0.0;24.47199821472168;1;39;-63.0;-56
221;e20a39f4-73f5-4bc4-a12f-17d1ad07a961;0;0;4b:ae:81:63:06:d3;1784652523.031247;1784652523.031247;0.0;572.5038051605225;1;39;-64.0;-56
222;e20a39f4-73f5-4bc4-a12f-17d1ad07a961;0;0;4b:ae:81:63:06:d3;1784652523.284963;1784652523.284963;0.0;253.71599197387695;1;38;-69.0;-56
223;e20a39f4-73f5-4bc4-a12f-17d1ad07a961;0;0;4b:ae:81:63:06:d3;1784652523.3086;1784652523.3086;0.0;23.637056350708008;1;39;-63.0;-56
224;e20a39f4-73f5-4bc4-a12f-17d1ad07a961;0;0;4b:ae:81:63:06:d3;1784652523.59199;1784652523.59199;0.0;283.3900451660156;1;38;-71.0;-56
225;e20a39f4-73f5-4bc4-a12f-17d1ad07a961;0;0;4b:ae:81:63:06:d3;1784652523.613967;1784652523.613967;0.0;21.976947784423828;1;39;-62.0;-56
226;e20a39f4-73f5-4bc4-a12f-17d1ad07a961;0;0;4b:ae:81:63:06:d3;1784652523.88419;1784652523.886923;2.732992172241211;270.22314071655273;2;38,39;-66.5;-56
227;e20a39f4-73f5-4bc4-a12f-17d1ad07a961;0;0;4b:ae:81:63:06:d3;1784652524.175183;1784652524.175183;0.0;290.99297523498535;1;38;-69.0;-56
228;e20a39f4-73f5-4bc4-a12f-17d1ad07a961;0;0;4b:ae:81:63:06:d3;1784652524.217401;1784652524.217401;0.0;42.21796989440918;1;39;-63.0;-56
229;e20a39f4-73f5-4bc4-a12f-17d1ad07a961;0;0;4b:ae:81:63:06:d3;1784652524.448565;1784652524.448565;0.0;231.16397857666016;1;37;-67.0;-56
230;e20a39f4-73f5-4bc4-a12f-17d1ad07a961;0;0;4b:ae:81:63:06:d3;1784652524.470992;1784652524.483509;12.516975402832031;22.427082061767578;2;38,39;-67.0;-56
231;e20a39f4-73f5-4bc4-a12f-17d1ad07a961;0;0;4b:ae:81:63:06:d3;1784652524.764229;1784652524.764229;0.0;293.23697090148926;1;38;-68.0;-56
232;e20a39f4-73f5-4bc4-a12f-17d1ad07a961;0;0;4b:ae:81:63:06:d3;1784652524.797147;1784652524.797147;0.0;32.91797637939453;1;39;-63.0;-56
233;e20a39f4-73f5-4bc4-a12f-17d1ad07a961;0;0;4b:ae:81:63:06:d3;1784652525.077501;1784652525.077501;0.0;280.3540229797363;1;38;-69.0;-56
234;e20a39f4-73f5-4bc4-a12f-17d1ad07a961;0;0;4b:ae:81:63:06:d3;1784652525.104821;1784652525.104821;0.0;27.319908142089844;1;39;-62.0;-56
235;e20a39f4-73f5-4bc4-a12f-17d1ad07a961;0;0;4b:ae:81:63:06:d3;1784652525.329468;1784652525.329468;0.0;224.64704513549805;1;38;-70.0;-56
236;e20a39f4-73f5-4bc4-a12f-17d1ad07a961;0;0;4b:ae:81:63:06:d3;1784652525.363917;1784652525.363917;0.0;34.449100494384766;1;39;-63.0;-56
237;e20a39f4-73f5-4bc4-a12f-17d1ad07a961;0;0;4b:ae:81:63:06:d3;1784652525.613099;1784652525.613099;0.0;249.18198585510254;1;38;-70.0;-56
238;e20a39f4-73f5-4bc4-a12f-17d1ad07a961;0;0;4b:ae:81:63:06:d3;1784652525.643741;1784652525.643741;0.0;30.641794204711914;1;39;-63.0;-56
239;e20a39f4-73f5-4bc4-a12f-17d1ad07a961;0;0;4b:ae:81:63:06:d3;1784652525.909097;1784652525.922259;13.16213607788086;265.35606384277344;2;38,39;-67.0;-56
240;e20a39f4-73f5-4bc4-a12f-17d1ad07a961;0;0;4b:ae:81:63:06:d3;1784652526.173605;1784652526.173605;0.0;264.5080089569092;1;38;-70.0;-56
241;e20a39f4-73f5-4bc4-a12f-17d1ad07a961;0;0;4b:ae:81:63:06:d3;1784652526.206799;1784652526.206799;0.0;33.19406509399414;1;39;-63.0;-56
242;e20a39f4-73f5-4bc4-a12f-17d1ad07a961;0;0;4b:ae:81:63:06:d3;1784652526.457501;1784652526.457501;0.0;250.701904296875;1;37;-67.0;-56
243;e20a39f4-73f5-4bc4-a12f-17d1ad07a961;0;0;4b:ae:81:63:06:d3;1784652526.484919;1784652526.484919;0.0;27.418136596679688;1;38;-70.0;-56
244;e20a39f4-73f5-4bc4-a12f-17d1ad07a961;0;0;4b:ae:81:63:06:d3;1784652526.51229;1784652526.51229;0.0;27.370929718017578;1;39;-63.0;-56
245;e20a39f4-73f5-4bc4-a12f-17d1ad07a961;0;0;4b:ae:81:63:06:d3;1784652526.766099;1784652526.766099;0.0;253.80897521972656;1;39;-62.0;-56
246;e20a39f4-73f5-4bc4-a12f-17d1ad07a961;0;0;4b:ae:81:63:06:d3;1784652527.028971;1784652527.028971;0.0;262.87198066711426;1;38;-69.0;-56
247;e20a39f4-73f5-4bc4-a12f-17d1ad07a961;0;0;4b:ae:81:63:06:d3;1784652527.051361;1784652527.051361;0.0;22.390127182006836;1;39;-63.0;-56
248;e20a39f4-73f5-4bc4-a12f-17d1ad07a961;0;0;4b:ae:81:63:06:d3;1784652527.331277;1784652527.331277;0.0;279.91580963134766;1;37;-66.0;-56
249;e20a39f4-73f5-4bc4-a12f-17d1ad07a961;0;0;4b:ae:81:63:06:d3;1784652527.359404;1784652527.359404;0.0;28.127193450927734;1;38;-70.0;-56
250;e20a39f4-73f5-4bc4-a12f-17d1ad07a961;0;0;4b:ae:81:63:06:d3;1784652527.386464;1784652527.386464;0.0;27.06003189086914;1;39;-63.0;-56
251;e20a39f4-73f5-4bc4-a12f-17d1ad07a961;0;0;4b:ae:81:63:06:d3;1784652527.61713;1784652527.61713;0.0;230.665922164917;1;37;-67.0;-56
252;e20a39f4-73f5-4bc4-a12f-17d1ad07a961;0;0;4b:ae:81:63:06:d3;1784652527.640182;1784652527.640182;0.0;23.051977157592773;1;38;-69.0;-56
253;e20a39f4-73f5-4bc4-a12f-17d1ad07a961;0;0;4b:ae:81:63:06:d3;1784652527.68328;1784652527.68328;0.0;43.09797286987305;1;39;-63.0;-56
254;e20a39f4-73f5-4bc4-a12f-10d1ad879861;0;0;4b:ae:81:64:06:d3;1784652527.900629;1784652527.900629;0.0;;1;38;-69.0;-56
255;e20a39f4-73f5-4bc4-a12f-17d1ad07a961;0;0;4b:ae:81:63:06:d3;1784652527.94568;1784652527.94568;0.0;262.39991188049316;1;39;-63.0;-56
256;e20a39f4-73f5-4bc4-a12f-17d1ad07a961;0;0;4b:ae:81:63:06:d3;1784652528.490801;1784652528.490801;0.0;545.1211929321289;1;39;-63.0;-56
257;e20a39f4-73f5-8b44-a02f-17d12d16a961;4096;0;4b:ae:81:63:02:d3;1784652529.047983;1784652529.047983;0.0;;1;38;-70.0;-56
258;e20a39f4-73f5-4bc4-a12f-17d1ad07a961;0;0;4b:ae:81:63:06:d3;1784652529.082957;1784652529.082957;0.0;592.155933380127;1;39;-64.0;-56
259;e20a39f4-73f5-4bc4-a12f-17d1ad07a961;0;0;4b:ae:81:63:06:d3;1784652529.598359;1784652529.598359;0.0;515.40207862854;1;38;-70.0;-56
260;e20a39f4-73f5-4bc4-a12f-17d1ad07a961;0;0;4b:ae:81:63:06:d3;1784652529.621001;1784652529.621001;0.0;22.641897201538086;1;39;-63.0;-56
261;e20a39f4-73f5-4bc4-a12f-17d1ad07a961;0;0;4b:ae:81:63:06:d3;1784652530.169584;1784652530.169584;0.0;548.5830307006836;1;38;-70.0;-56
262;e20a39f4-73f5-4bc4-a12f-17d1ad07a961;0;0;4b:ae:81:63:06:d3;1784652530.197027;1784652530.197027;0.0;27.44293212890625;1;39;-63.0;-56
263;e20a39f4-73f5-4bc4-a12f-17d1ad07a961;0;0;4b:ae:81:63:06:d3;1784652530.472127;1784652530.472127;0.0;275.0999927520752;1;38;-70.0;-56
264;e20a39f4-73f5-4bc4-a12f-17d1ad07a961;0;0;4b:ae:81:63:06:d3;1784652530.499619;1784652530.499619;0.0;27.492046356201172;1;39;-63.0;-56
265;e20a39f4-73f5-4bc4-a12f-17d1ad07a961;0;0;4b:ae:81:63:06:d3;1784652530.750494;1784652530.750494;0.0;250.87499618530273;1;38;-70.0;-56
266;e20a39f4-73f5-4bc4-a12f-17d1ad07a961;0;0;4b:ae:81:63:06:d3;1784652530.783155;1784652530.783155;0.0;32.66096115112305;1;39;-63.0;-56
267;e20a39f4-73f5-4bc4-a12f-17d1ad07a961;0;0;4b:ae:81:63:06:d3;1784652531.059286;1784652531.059286;0.0;276.13115310668945;1;38;-68.0;-56
268;e20a39f4-73f5-4bc4-a12f-17d1ad07a961;0;0;4b:ae:81:63:06:d3;1784652531.097383;1784652531.097383;0.0;38.09690475463867;1;39;-64.0;-56
269;e20a39f4-73f5-4bc4-a12f-17d1ad07a961;0;0;4b:ae:81:63:06:d3;1784652531.328822;1784652531.328822;0.0;231.43887519836426;1;38;-70.0;-56
270;e20a39f4-73f5-4bc4-a12f-17d1ad07a961;0;0;4b:ae:81:63:06:d3;1784652531.355288;1784652531.355288;0.0;26.46613121032715;1;39;-63.0;-56
271;e20a39f4-73f5-4bc4-a12f-17d1ad07a961;0;0;4b:ae:81:63:06:d3;1784652531.596346;1784652531.596346;0.0;241.0578727722168;1;37;-67.0;-56
272;e20a39f4-73f5-4bc4-a12f-17d1ad07a961;0;0;4b:ae:81:63:06:d3;1784652531.629977;1784652531.629977;0.0;33.631086349487305;1;38;-71.0;-56
273;e20a39f4-73f5-4bc4-a12f-17d1ad07a961;0;0;4b:ae:81:63:06:d3;1784652531.652075;1784652531.652075;0.0;22.098064422607422;1;39;-63.0;-56
274;e20a39f4-73f5-4bc4-a12f-17d1ad07a961;0;0;4b:ae:81:63:06:d3;1784652531.967002;1784652531.967002;0.0;314.9268627166748;1;38;-70.0;-56
275;e20a39f4-73f5-4bc4-a12f-17d1ad07a961;0;0;4b:ae:81:63:06:d3;1784652531.994913;1784652531.994913;0.0;27.91118621826172;1;39;-62.0;-56
276;e20a39f4-73f5-4bc4-a12f-17d1ad07a961;0;0;4b:ae:81:63:06:d3;1784652532.184116;1784652532.184116;0.0;189.20278549194336;1;38;-70.0;-56
277;e20a39f4-73f5-4bc4-a12f-17d1ad07a961;0;0;4b:ae:81:63:06:d3;1784652532.217959;1784652532.217959;0.0;33.843040466308594;1;39;-63.0;-56
278;e20a39f4-73f5-4bc4-a12f-17d1ad07a961;0;0;4b:ae:81:63:06:d3;1784652532.49966;1784652532.49966;0.0;281.70108795166016;1;38;-69.0;-56
279;e20a39f4-73f5-4bc4-a12f-17d1ad07a961;0;0;4b:ae:81:63:06:d3;1784652532.530294;1784652532.530294;0.0;30.633926391601562;1;39;-63.0;-56
280;e20a39f4-73f5-4bc4-a12f-17d1ad07a961;0;0;4b:ae:81:63:06:d3;1784652532.817104;1784652532.817104;0.0;286.81015968322754;1;38;-69.0;-56
281;e20a39f4-73f5-4bc4-a12f-17d1ad07a961;0;0;4b:ae:81:63:06:d3;1784652532.839599;1784652532.839599;0.0;22.494792938232422;1;39;-64.0;-56
282;e20a39f4-73f5-4bc4-a12f-17d1ad07a961;0;0;4b:ae:81:63:06:d3;1784652533.118281;1784652533.118281;0.0;278.68199348449707;1;37;-67.0;-56
283;e20a39f4-73f5-4bc4-a12f-17d1ad07a961;0;0;4b:ae:81:63:06:d3;1784652533.3234;1784652533.3234;0.0;205.11913299560547;1;38;-69.0;-56
284;e20a39f4-73f5-4bc4-a12f-17d1ad07a961;0;0;4b:ae:81:63:06:d3;1784652533.354767;1784652533.354767;0.0;31.367063522338867;1;39;-63.0;-56
285;e20a39f4-73f5-4bc4-a12f-17d1ad07a961;0;0;4b:ae:81:63:06:d3;1784652533.635758;1784652533.635758;0.0;280.9908390045166;1;38;-69.0;-56
286;e20a39f4-73f5-4bc4-a12f-17d1ad07a961;0;0;4b:ae:81:63:06:d3;1784652533.696069;1784652533.696069;0.0;60.311079025268555;1;39;-64.0;-56
287;e20a39f4-73f5-4bc4-a12f-17d1ad07a961;0;0;4b:ae:81:63:06:d3;1784652533.900689;1784652533.900689;0.0;204.6198844909668;1;38;-70.0;-56
288;e20a39f4-73f5-4bc4-a12f-17d1ad07a961;0;0;4b:ae:81:63:06:d3;1784652533.923021;1784652533.923021;0.0;22.332191467285156;1;39;-63.0;-56
289;e20a39f4-73f5-4bc4-a12f-17d1ad07a961;0;0;4b:ae:81:63:06:d3;1784652534.482133;1784652534.482133;0.0;559.1118335723877;1;38;-71.0;-56
290;e20a39f4-73f5-4bc4-a12f-17d1ad07a961;0;0;4b:ae:81:63:06:d3;1784652534.504957;1784652534.504957;0.0;22.82404899597168;1;39;-63.0;-56
291;e20a39f4-73f5-4bc4-a12f-17d1ad07a961;0;0;4b:ae:81:63:06:d3;1784652534.768694;1784652534.770611;1.917123794555664;263.7369632720947;2;38,39;-66.5;-56
292;e20a39f4-73f5-4bc4-a12f-17d1ad07a961;0;0;4b:ae:81:63:06:d3;1784652535.041921;1784652535.054951;13.030052185058594;273.2269763946533;2;38,39;-67.0;-56
293;e20a39f4-73f5-4bc4-a12f-17d1ad07a961;0;0;4b:ae:81:63:06:d3;1784652535.358737;1784652535.358737;0.0;316.8160915374756;1;39;-63.0;-56
294;e20a39f4-73f5-4bc4-a12f-17d1ad07a961;0;0;4b:ae:81:63:06:d3;1784652535.646786;1784652535.657606;10.81991195678711;288.04898262023926;2;38,39;-66.5;-56
295;e20a39f4-73f5-4bc4-a12f-17d1ad07a961;0;0;4b:ae:81:63:06:d3;1784652535.904814;1784652535.904814;0.0;258.0280303955078;1;38;-69.0;-56
296;e20a39f4-73f5-4bc4-a12f-17d1ad07a961;0;0;4b:ae:81:63:06:d3;1784652535.937781;1784652535.937781;0.0;32.96709060668945;1;39;-63.0;-56
297;e20a39f4-73f5-4bc4-a12f-17d1ad07a961;0;0;4b:ae:81:63:06:d3;1784652536.205445;1784652536.205445;0.0;267.66395568847656;1;38;-69.0;-56
298;e20a39f4-73f5-4bc4-a12f-17d1ad07a961;0;0;4b:ae:81:63:06:d3;1784652536.232974;1784652536.232974;0.0;27.529001235961914;1;39;-62.0;-56
299;e20a39f4-73f5-4bc4-a12f-17d1ad07a961;0;0;4b:ae:81:63:06:d3;1784652536.485814;1784652536.504532;18.71800422668457;252.8400421142578;2;38,39;-67.0;-56
300;e20a39f4-73f5-4bc4-a12f-17d1ad07a961;0;0;4b:ae:81:63:06:d3;1784652536.785191;1784652536.785191;0.0;299.3769645690918;1;38;-70.0;-56
301;e20a39f4-73f5-4bc4-a12f-17d1ad07a961;0;0;4b:ae:81:63:06:d3;1784652536.817148;1784652536.817148;0.0;31.956911087036133;1;39;-63.0;-56
302;e20a39f4-73f5-4bc4-a12f-17d1ad07a961;0;0;4b:ae:81:63:06:d3;1784652537.06341;1784652537.06341;0.0;246.2620735168457;1;38;-70.0;-56
303;e20a39f4-73f5-4bc4-a12f-17d1ad07a961;0;0;4b:ae:81:63:06:d3;1784652537.101944;1784652537.101944;0.0;38.533926010131836;1;39;-63.0;-56
304;e20a39f4-73f5-4bc4-a12f-17d1ad07a961;0;0;4b:ae:81:63:06:d3;1784652537.359872;1784652537.359872;0.0;257.92813301086426;1;37;-67.0;-56
305;e20a39f4-73f5-4bc4-a12f-17d1ad07a961;0;0;4b:ae:81:63:06:d3;1784652537.392329;1784652537.392329;0.0;32.45687484741211;1;38;-70.0;-56
306;e20a39f4-73f5-4bc4-a12f-17d1ad07a961;0;0;4b:ae:81:63:06:d3;1784652537.425487;1784652537.425487;0.0;33.158063888549805;1;39;-63.0;-56
307;e20a39f4-73f5-4bc4-a12f-17d1ad07a961;0;0;4b:ae:81:63:06:d3;1784652537.66091;1784652537.66091;0.0;235.42284965515137;1;38;-70.0;-56
308;e20a39f4-73f5-4bc4-a12f-17d1ad07a961;0;0;4b:ae:81:63:06:d3;1784652537.684783;1784652537.684783;0.0;23.873090744018555;1;39;-63.0;-56
309;e20a39f4-73f5-4bc4-a12f-17d1ad07a961;0;0;4b:ae:81:63:06:d3;1784652537.906737;1784652537.906737;0.0;221.9541072845459;1;39;-64.0;-56
310;e20a39f4-73f5-4bc4-a12f-17d1ad07a961;0;0;4b:ae:81:63:06:d3;1784652538.194706;1784652538.194706;0.0;287.96887397766113;1;38;-69.0;-56
311;e20a39f4-73f5-4bc4-a12f-17d1ad07a961;0;0;4b:ae:81:63:06:d3;1784652538.216923;1784652538.216923;0.0;22.2170352935791;1;39;-63.0;-56
312;e20a39f4-73f5-4bc4-a12f-17d1ad07a961;0;0;4b:ae:81:63:06:d3;1784652538.514871;1784652538.536602;21.731138229370117;297.94788360595703;3;37,38,39;-66.0;-56
313;e20a39f4-73f5-4bc4-a12f-17d1ad07a961;0;0;4b:ae:81:63:06:d3;1784652538.790889;1784652538.790889;0.0;276.0181427001953;1;38;-69.0;-56
314;e20a39f4-73f5-4bc4-a12f-17d1ad07a961;0;0;4b:ae:81:63:06:d3;1784652538.826431;1784652538.826431;0.0;35.54201126098633;1;39;-63.0;-56
315;e20a39f4-73f5-4bc4-a12f-17d1ad07a961;0;0;4b:ae:81:63:06:d3;1784652539.081484;1784652539.08371;2.2258758544921875;255.05304336547852;2;38,39;-65.5;-56
316;e20a39f4-73f5-4bc4-a12f-17d1ad07a961;0;0;4b:ae:81:63:06:d3;1784652539.350733;1784652539.350733;0.0;269.24896240234375;1;38;-69.0;-56
317;e20a39f4-73f5-4bc4-a12f-17d1ad07a961;0;0;4b:ae:81:63:06:d3;1784652539.378453;1784652539.378453;0.0;27.719974517822266;1;39;-63.0;-56
318;e20a39f4-73f5-4bc4-a12f-17d1ad07a961;0;0;4b:ae:81:63:06:d3;1784652539.674659;1784652539.674659;0.0;296.205997467041;1;38;-70.0;-56
319;e20a39f4-73f5-4bc4-a12f-17d1ad07a961;0;0;4b:ae:81:63:06:d3;1784652539.702224;1784652539.702224;0.0;27.56500244140625;1;39;-63.0;-56
320;e20a39f4-73f5-4bc4-a12f-17d1ad07a961;0;0;4b:ae:81:63:06:d3;1784652540.253201;1784652540.253201;0.0;550.9769916534424;1;37;-68.0;-56
321;e20a39f4-73f5-4bc4-a12f-17d1ad07a961;0;0;4b:ae:81:63:06:d3;1784652540.517934;1784652540.517934;0.0;264.73307609558105;1;38;-69.0;-56
322;e20a39f4-73f5-4bc4-a12f-17d1ad07a961;0;0;4b:ae:81:63:06:d3;1784652540.545362;1784652540.545362;0.0;27.42791175842285;1;39;-63.0;-56
323;e20a39f4-73f5-4bc4-a12f-17d1ad07a961;0;0;4b:ae:81:63:06:d3;1784652540.818104;1784652540.818104;0.0;272.74203300476074;1;37;-67.0;-56
324;e20a39f4-73f5-4bc4-a12f-17d1ad07a961;0;0;4b:ae:81:63:06:d3;1784652540.850524;1784652540.850524;0.0;32.41991996765137;1;38;-69.0;-56
325;e20a39f4-73f5-4bc4-a12f-17d1ad07a961;0;0;4b:ae:81:63:06:d3;1784652540.883796;1784652540.883796;0.0;33.27202796936035;1;39;-63.0;-56
326;e20a39f4-73f5-4bc4-a12f-17d1ad07a961;0;0;4b:ae:81:63:06:d3;1784652541.14115;1784652541.14115;0.0;257.3540210723877;1;37;-67.0;-56
327;e20a39f4-73f5-4bc4-a12f-17d1ad07a961;0;0;4b:ae:81:63:06:d3;1784652541.175576;1784652541.175576;0.0;34.425973892211914;1;38;-70.0;-56
328;e20a39f4-73f5-4bc4-a12f-17d1ad07a961;0;0;4b:ae:81:63:06:d3;1784652541.210371;1784652541.210371;0.0;34.79504585266113;1;39;-63.0;-56
329;e20a39f4-73f5-4bc4-a12f-17d1ad07a961;0;0;4b:ae:81:63:06:d3;1784652541.491419;1784652541.491419;0.0;281.048059463501;1;37;-67.0;-56
330;e20a39f4-73f5-4bc4-a12f-17d1ad07a961;0;0;4b:ae:81:63:06:d3;1784652541.53115;1784652541.53115;0.0;39.73102569580078;1;38;-69.0;-56
331;e20a39f4-73f5-4bc4-a12f-17d1ad07a961;0;0;4b:ae:81:63:06:d3;1784652541.560012;1784652541.560012;0.0;28.86199951171875;1;39;-62.0;-56
332;e20a39f4-73f5-4bc4-a12f-17d1ad07a961;0;0;4b:ae:81:63:06:d3;1784652541.680718;1784652541.680718;0.0;120.70584297180176;1;38;-70.0;-56
333;e20a39f4-73f5-4bc4-a12f-17d1ad07a961;0;0;4b:ae:81:63:06:d3;1784652541.710766;1784652541.710766;0.0;30.048131942749023;1;39;-63.0;-56
334;e20a39f4-73f5-4bc4-a12f-17d1ad07a961;0;0;4b:ae:81:63:06:d3;1784652542.211709;1784652542.211709;0.0;500.9429454803467;1;38;-69.0;-56
335;e20a39f4-73f5-4bc4-a12f-17d1ad07a961;0;0;4b:ae:81:63:06:d3;1784652542.245347;1784652542.245347;0.0;33.63800048828125;1;39;-62.0;-56
336;e20a39f4-73f5-4bc4-a12f-17d1ad07a961;0;0;4b:ae:81:63:06:d3;1784652542.492248;1784652542.492248;0.0;246.9010353088379;1;38;-70.0;-56
337;e20a39f4-73f5-4bc4-a12f-17d1ad07a961;0;0;4b:ae:81:63:06:d3;1784652542.514946;1784652542.514946;0.0;22.697925567626953;1;39;-63.0;-56
338;e20a39f4-73f5-4bc4-a12f-17d1ad07a961;0;0;4b:ae:81:63:06:d3;1784652542.800532;1784652542.800532;0.0;285.5861186981201;1;38;-70.0;-56
339;e20a39f4-73f5-4bc4-a12f-17d1ad07a961;0;0;4b:ae:81:63:06:d3;1784652542.823106;1784652542.823106;0.0;22.57394790649414;1;39;-63.0;-56
340;e20a39f4-73f5-4bc4-a12f-17d1ad07a961;0;0;4b:ae:81:63:06:d3;1784652543.071396;1784652543.071396;0.0;248.2900619506836;1;38;-69.0;-56
341;e20a39f4-73f5-4bc4-a12f-17d1ad07a961;0;0;4b:ae:81:63:06:d3;1784652543.114579;1784652543.114579;0.0;43.1828498840332;1;39;-63.0;-56
342;e20a39f4-73f5-4bc4-a12f-17d1ad07a961;0;0;4b:ae:81:63:06:d3;1784652543.348187;1784652543.348187;0.0;233.60800743103027;1;38;-70.0;-56
343;e20a39f4-73f5-4bc4-a12f-17d1ad07a961;0;0;4b:ae:81:63:06:d3;1784652543.388971;1784652543.388971;0.0;40.78412055969238;1;39;-63.0;-56
344;e20a39f4-73f5-4bc4-a12f-17d1ad07a961;0;0;4b:ae:81:63:06:d3;1784652543.667479;1784652543.667479;0.0;278.50794792175293;1;38;-69.0;-56
345;e20a39f4-73f5-4bc4-a12f-17d1ad07a961;0;0;4b:ae:81:63:06:d3;1784652543.695299;1784652543.695299;0.0;27.81987190246582;1;39;-63.0;-56
346;e20a39f4-73f5-4bc4-a12f-17d1ad07a961;0;0;4b:ae:81:63:06:d3;1784652543.960357;1784652543.960357;0.0;265.0580406188965;1;38;-70.0;-56
347;e20a39f4-73f5-4bc4-a12f-17d1ad07a961;0;0;4b:ae:81:63:06:d3;1784652543.989203;1784652543.989203;0.0;28.846025466918945;1;39;-63.0;-56
348;e20a39f4-73f5-4bc4-a12f-17d1ad07a961;0;0;4b:ae:81:63:06:d3;1784652544.281819;1784652544.281819;0.0;292.6161289215088;1;37;-67.0;-56
349;e20a39f4-73f5-4bc4-a12f-17d1ad07a961;0;0;4b:ae:81:63:06:d3;1784652544.316632;1784652544.316632;0.0;34.81292724609375;1;38;-69.0;-56
350;e20a39f4-73f5-4bc4-a12f-17d1ad07a961;0;0;4b:ae:81:63:06:d3;1784652544.345253;1784652544.345253;0.0;28.62095832824707;1;39;-63.0;-56
351;e20a39f4-73f5-4bc4-a12f-17d1ad07a961;0;0;4b:ae:81:63:06:d3;1784652544.52425;1784652544.52425;0.0;178.99703979492188;1;38;-69.0;-56
352;e20a39f4-73f5-4bc4-a12f-17d1ad07a961;0;0;4b:ae:81:63:06:d3;1784652544.556031;1784652544.556031;0.0;31.78095817565918;1;39;-63.0;-56
353;e20a39f4-73f5-4bc4-a12f-17d1ad07a961;0;0;4b:ae:81:63:06:d3;1784652545.079243;1784652545.079243;0.0;523.2119560241699;1;38;-69.0;-56
354;e20a39f4-73f5-4bc4-a12f-17d1ad07a961;0;0;4b:ae:81:63:06:d3;1784652545.106792;1784652545.106792;0.0;27.549028396606445;1;39;-63.0;-56
355;e20a39f4-73f5-4bc4-a12f-17d1ad07a961;0;0;4b:ae:81:63:06:d3;1784652545.435087;1784652545.447191;12.104034423828125;328.2949924468994;2;38,39;-66.0;-56
356;e20a39f4-73f5-4bc4-a12f-17d1ad07a961;0;0;4b:ae:81:63:06:d3;1784652545.664118;1784652545.664118;0.0;229.03108596801758;1;37;-67.0;-56
357;e20a39f4-73f5-4bc4-a12f-17d1ad07a961;0;0;4b:ae:81:63:06:d3;1784652545.691889;1784652545.691889;0.0;27.77099609375;1;38;-69.0;-56
358;e20a39f4-73f5-4bc4-a12f-17d1ad07a961;0;0;4b:ae:81:63:06:d3;1784652545.714546;1784652545.714546;0.0;22.656917572021484;1;39;-63.0;-56
359;e20a39f4-73f5-4bc4-a12f-17d1ad07a961;0;0;4b:ae:81:63:06:d3;1784652545.952554;1784652545.952554;0.0;238.0080223083496;1;39;-63.0;-56
360;e20a39f4-73f5-4bc4-a12f-17d1ad07a961;0;0;4b:ae:81:63:06:d3;1784652546.509093;1784652546.509093;0.0;556.5390586853027;1;38;-69.0;-56
361;e20a39f4-73f5-4bc4-a12f-17d1ad07a961;0;0;4b:ae:81:63:06:d3;1784652546.530734;1784652546.530734;0.0;21.641016006469727;1;39;-63.0;-56
362;e20a39f4-73f5-4bc4-a12f-17d1ad07a961;0;0;4b:ae:81:63:06:d3;1784652546.821846;1784652546.8398;17.953872680664062;291.11194610595703;2;38,39;-66.0;-56
363;e20a39f4-73f5-4bc4-a12f-17d1ad07a961;0;0;4b:ae:81:63:06:d3;1784652547.381019;1784652547.381019;0.0;559.1731071472168;1;38;-69.0;-56
364;e20a39f4-73f5-4bc4-a12f-17d1ad07a961;0;0;4b:ae:81:63:06:d3;1784652547.412972;1784652547.412972;0.0;31.952857971191406;1;39;-63.0;-56
365;e20a39f4-73f5-4bc4-a12f-17d1ad07a961;0;0;4b:ae:81:63:06:d3;1784652547.659326;1784652547.659326;0.0;246.3541030883789;1;38;-69.0;-56
366;e20a39f4-73f5-4bc4-a12f-17d1ad07a961;0;0;4b:ae:81:63:06:d3;1784652547.681066;1784652547.681066;0.0;21.739959716796875;1;39;-63.0;-56
367;e20a39f4-73f5-4bc4-a12f-17d1ad07a961;0;0;4b:ae:81:63:06:d3;1784652548.248223;1784652548.265176;16.952991485595703;567.1570301055908;2;38,39;-66.5;-56
368;e20a39f4-73f5-4bc4-a12f-17d1ad07a961;0;0;4b:ae:81:63:06:d3;1784652548.539706;1784652548.539706;0.0;291.48292541503906;1;38;-69.0;-56
369;e20a39f4-73f5-4bc4-a12f-17d1ad07a961;0;0;4b:ae:81:63:06:d3;1784652548.566392;1784652548.566392;0.0;26.68595314025879;1;39;-63.0;-56
370;e20a39f4-73f5-4bc4-a12f-17d1ad07a961;0;0;4b:ae:81:63:06:d3;1784652548.833441;1784652548.833441;0.0;267.04907417297363;1;38;-70.0;-56
371;e20a39f4-73f5-4bc4-a12f-17d1ad07a961;0;0;4b:ae:81:63:06:d3;1784652548.886791;1784652548.886791;0.0;53.349971771240234;1;39;-63.0;-56
372;e20a39f4-73f5-4bc4-a12f-17d1ad07a961;0;0;4b:ae:81:63:06:d3;1784652549.098682;1784652549.098682;0.0;211.89093589782715;1;39;-63.0;-56
373;e20a39f4-73f5-4bc4-a12f-17d1ad07a961;0;0;4b:ae:81:63:06:d3;1784652549.374446;1784652549.374446;0.0;275.76398849487305;1;38;-70.0;-56
374;e20a39f4-73f5-4bc4-a12f-17d1ad07a961;0;0;4b:ae:81:63:06:d3;1784652549.412636;1784652549.412636;0.0;38.19012641906738;1;39;-63.0;-56
375;e20a39f4-73f5-4bc4-a12f-17d1ad07a961;0;0;4b:ae:81:63:06:d3;1784652549.666798;1784652549.666798;0.0;254.16207313537598;1;38;-70.0;-56
376;e20a39f4-73f5-4bc4-a12f-17d1ad07a961;0;0;4b:ae:81:63:06:d3;1784652549.699669;1784652549.699669;0.0;32.87076950073242;1;39;-63.0;-56
377;e20a39f4-73f5-4bc4-a12f-17d1ad07a961;0;0;4b:ae:81:63:06:d3;1784652549.965503;1784652549.965503;0.0;265.83409309387207;1;37;-67.0;-56
378;e20a39f4-73f5-4bc4-a12f-17d1ad07a961;0;0;4b:ae:81:63:06:d3;1784652550.008332;1784652550.010241;1.909017562866211;42.829036712646484;2;38,39;-66.0;-56
379;e20a39f4-73f5-4bc4-a12f-17d1ad07a961;0;0;4b:ae:81:63:06:d3;1784652550.253363;1784652550.253363;0.0;245.03087997436523;1;38;-70.0;-56
380;e20a39f4-73f5-4bc4-a12f-17d1ad07a961;0;0;4b:ae:81:63:06:d3;1784652550.291268;1784652550.291268;0.0;37.905216217041016;1;39;-64.0;-56
381;e20a39f4-73f5-4bc4-a12f-17d1ad07a961;0;0;4b:ae:81:63:06:d3;1784652550.501896;1784652550.501896;0.0;210.62779426574707;1;38;-69.0;-56
382;e20a39f4-73f5-4bc4-a12f-17d1ad07a961;0;0;4b:ae:81:63:06:d3;1784652550.524532;1784652550.524532;0.0;22.63617515563965;1;39;-63.0;-56
383;e20a39f4-73f5-4bc4-a12f-17d1ad07a961;0;0;4b:ae:81:63:06:d3;1784652550.808267;1784652550.808267;0.0;283.7350368499756;1;38;-70.0;-56
384;e20a39f4-73f5-4bc4-a12f-17d1ad07a961;0;0;4b:ae:81:63:06:d3;1784652550.836215;1784652550.836215;0.0;27.94790267944336;1;39;-64.0;-56
385;e20a39f4-73f5-4bc4-a12f-17d1ad07a961;0;0;4b:ae:81:63:06:d3;1784652551.387826;1784652551.387826;0.0;551.6109466552734;1;38;-69.0;-56
386;e20a39f4-73f5-4bc4-a12f-17d1ad07a961;0;0;4b:ae:81:63:06:d3;1784652551.423782;1784652551.423782;0.0;35.95614433288574;1;39;-63.0;-56
387;e20a39f4-73f5-4bc4-a12f-17d1ad07a961;0;0;4b:ae:81:63:06:d3;1784652551.686347;1784652551.686347;0.0;262.56489753723145;1;38;-69.0;-56
388;e20a39f4-73f5-4bc4-a12f-17d1ad07a961;0;0;4b:ae:81:63:06:d3;1784652551.719119;1784652551.719119;0.0;32.772064208984375;1;39;-64.0;-56
389;e20a39f4-73f5-4bc4-a12f-17d1ad07a961;0;0;4b:ae:81:63:06:d3;1784652551.968442;1784652551.968442;0.0;249.32289123535156;1;38;-69.0;-56
390;e20a39f4-73f5-4bc4-a12f-17d1ad07a961;0;0;4b:ae:81:63:06:d3;1784652552.007154;1784652552.007154;0.0;38.7120246887207;1;39;-63.0;-56
391;e20a39f4-73f5-4bc4-a12f-17d1ad07a961;0;0;4b:ae:81:63:06:d3;1784652552.258499;1784652552.258499;0.0;251.3449192047119;1;38;-69.0;-56
392;e20a39f4-73f5-4bc4-a12f-17d1ad07a961;0;0;4b:ae:81:63:06:d3;1784652552.292609;1784652552.292609;0.0;34.110069274902344;1;39;-63.0;-56
393;e20a39f4-73f5-4bc4-a12f-17d1ad07a961;0;0;4b:ae:81:63:06:d3;1784652552.538466;1784652552.538466;0.0;245.85700035095215;1;38;-70.0;-56
394;e20a39f4-73f5-4bc4-a12f-17d1ad07a961;0;0;4b:ae:81:63:06:d3;1784652552.571334;1784652552.571334;0.0;32.8679084777832;1;39;-63.0;-56
395;e20a39f4-73f5-4bc4-a12f-17d1ad07a961;0;0;4b:ae:81:63:06:d3;1784652552.831876;1784652552.831876;0.0;260.5421543121338;1;37;-67.0;-56
396;e20a39f4-73f5-4bc4-a12f-17d1ad07a961;0;0;4b:ae:81:63:06:d3;1784652552.875237;1784652552.875237;0.0;43.36094856262207;1;38;-69.0;-56
397;e20a39f4-73f5-4bc4-a12f-17d1ad07a961;0;0;4b:ae:81:63:06:d3;1784652552.896801;1784652552.896801;0.0;21.564006805419922;1;39;-63.0;-56
398;e20a39f4-73f5-4bc4-a12f-17d1ad07a961;0;0;4b:ae:81:63:06:d3;1784652553.12135;1784652553.12135;0.0;224.5490550994873;1;38;-68.0;-56
399;e20a39f4-73f5-4bc4-a12f-17d1ad07a961;0;0;4b:ae:81:63:06:d3;1784652553.147881;1784652553.147881;0.0;26.530981063842773;1;39;-64.0;-56
400;e20a39f4-73f5-4bc4-a12f-17d1ad07a961;0;0;4b:ae:81:63:06:d3;1784652553.4497;1784652553.4497;0.0;301.8190860748291;1;38;-68.0;-56
401;e20a39f4-73f5-4bc4-a12f-17d1ad07a961;0;0;4b:ae:81:63:06:d3;1784652553.471913;1784652553.471913;0.0;22.212982177734375;1;39;-63.0;-56
402;e20a39f4-73f5-4bc4-a12f-17d1ad07a961;0;0;4b:ae:81:63:06:d3;1784652553.712911;1784652553.712911;0.0;240.9977912902832;1;37;-67.0;-56
403;e20a39f4-73f5-4bc4-a12f-17d1ad07a961;0;0;4b:ae:81:63:06:d3;1784652553.759779;1784652553.759779;0.0;46.868085861206055;1;38;-70.0;-56
404;e20a39f4-73f5-4bc4-a12f-17d1ad07a961;0;0;4b:ae:81:63:06:d3;1784652553.789487;1784652553.789487;0.0;29.707908630371094;1;39;-63.0;-56
405;e20a39f4-73f5-4bc4-a12f-17d1ad07a961;0;0;4b:ae:81:63:06:d3;1784652554.088206;1784652554.088206;0.0;298.7191677093506;1;38;-70.0;-56
406;e20a39f4-73f5-4bc4-a12f-17d1ad07a961;0;0;4b:ae:81:63:06:d3;1784652554.116591;1784652554.116591;0.0;28.384923934936523;1;39;-63.0;-56
407;e20a39f4-73f5-4bc4-a12f-17d1ad07a961;0;0;4b:ae:81:63:06:d3;1784652554.318905;1784652554.318905;0.0;202.3141384124756;1;38;-69.0;-56
408;e20a39f4-73f5-4bc4-a12f-17d1ad07a961;0;0;4b:ae:81:63:06:d3;1784652554.364735;1784652554.364735;0.0;45.82977294921875;1;39;-63.0;-56
409;e20a39f4-73f5-4bc4-a12f-17d1ad07a961;0;0;4b:ae:81:63:06:d3;1784652554.537047;1784652554.537047;0.0;172.31202125549316;1;38;-70.0;-56
410;e20a39f4-73f5-4bc4-a12f-17d1ad07a961;0;0;4b:ae:81:63:06:d3;1784652554.56957;1784652554.56957;0.0;32.523155212402344;1;39;-64.0;-56
411;e20a39f4-73f5-4bc4-a12f-17d1ad07a961;0;0;4b:ae:81:63:06:d3;1784652554.841535;1784652554.841535;0.0;271.96502685546875;1;38;-70.0;-56
412;e20a39f4-73f5-4bc4-a12f-17d1ad07a961;0;0;4b:ae:81:63:06:d3;1784652554.86421;1784652554.86421;0.0;22.6747989654541;1;39;-63.0;-56
413;e20a39f4-73f5-4bc4-a12f-17d1ad07a961;0;0;4b:ae:81:63:06:d3;1784652555.123389;1784652555.123389;0.0;259.17911529541016;1;38;-70.0;-56
414;e20a39f4-73f5-4bc4-a12f-17d1ad07a961;0;0;4b:ae:81:63:06:d3;1784652555.146353;1784652555.146353;0.0;22.964000701904297;1;39;-63.0;-56
415;e20a39f4-73f5-4bc4-a12f-17d1ad07a961;0;0;4b:ae:81:63:06:d3;1784652555.419974;1784652555.419974;0.0;273.6210823059082;1;38;-70.0;-56
416;e20a39f4-73f5-4bc4-a12f-17d1ad07a961;0;0;4b:ae:81:63:06:d3;1784652555.444282;1784652555.444282;0.0;24.307966232299805;1;39;-63.0;-56
417;e20a39f4-73f5-4bc4-a12f-17d1ad07a961;0;0;4b:ae:81:63:06:d3;1784652555.697224;1784652555.697224;0.0;252.94184684753418;1;38;-69.0;-56
418;e20a39f4-73f5-4bc4-a12f-17d1ad07a961;0;0;4b:ae:81:63:06:d3;1784652555.726284;1784652555.726284;0.0;29.06012535095215;1;39;-63.0;-56
419;e20a39f4-73f5-4bc4-a12f-17d1ad07a961;0;0;4b:ae:81:63:06:d3;1784652555.977503;1784652555.979404;1.9009113311767578;251.2190341949463;2;38,39;-65.0;-56
420;e20a39f4-73f5-4bc4-a12f-17d1ad07a961;0;0;4b:ae:81:63:06:d3;1784652556.256763;1784652556.259476;2.7129650115966797;279.25992012023926;2;38,39;-65.5;-56
421;e20a39f4-73f5-4bc4-a12f-17d1ad07a961;0;0;4b:ae:81:63:06:d3;1784652556.581998;1784652556.581998;0.0;325.23512840270996;1;37;-66.0;-56
422;e20a39f4-73f5-4bc4-a12f-17d1ad07a961;0;0;4b:ae:81:63:06:d3;1784652556.617081;1784652556.617081;0.0;35.08281707763672;1;38;-68.0;-56
423;e20a39f4-73f5-4bc4-a12f-17d1ad07a961;0;0;4b:ae:81:63:06:d3;1784652556.64058;1784652556.64058;0.0;23.499011993408203;1;39;-63.0;-56
424;e20a39f4-73f5-4bc4-a12f-17d1ad07a961;0;0;4b:ae:81:63:06:d3;1784652556.914264;1784652556.914264;0.0;273.684024810791;1;37;-67.0;-56
425;e20a39f4-73f5-4bc4-a12f-17d1ad07a961;0;512;4b:ae:81:63:06:d3;1784652556.948069;1784652556.948069;0.0;;1;38;-70.0;-56
426;e20a39f4-73f5-4bc4-a12f-17d1ad07a961;0;0;4b:ae:81:63:06:d3;1784652556.988385;1784652556.988385;0.0;74.12099838256836;1;39;-63.0;-56
427;e20a39f4-73f5-4bc4-a12f-17d1ad07a961;0;0;4b:ae:81:63:06:d3;1784652557.154848;1784652557.154848;0.0;166.46313667297363;1;38;-69.0;-56
428;e20a39f4-73f5-4bc4-a12f-17d1ad07a961;0;0;4b:ae:81:63:06:d3;1784652557.186644;1784652557.186644;0.0;31.795978546142578;1;39;-63.0;-56
429;e20a39f4-73f5-4bc4-a12f-17d1ad07a961;0;0;4b:ae:81:63:06:d3;1784652557.409147;1784652557.426527;17.3799991607666;222.5029468536377;2;38,39;-66.0;-56
430;e20a39f4-73f5-4bc4-a12f-17d1ad07a961;0;0;4b:ae:81:63:06:d3;1784652557.689787;1784652557.689787;0.0;280.6398868560791;1;38;-69.0;-56
431;e20a39f4-73f5-4bc4-a12f-17d1ad07a961;0;0;4b:ae:81:63:06:d3;1784652557.73277;1784652557.73277;0.0;42.983055114746094;1;39;-63.0;-56
432;e20a39f4-73f5-4bc4-a12f-17d1ad07a961;0;0;4b:ae:81:63:06:d3;1784652557.964571;1784652557.964571;0.0;231.80103302001953;1;38;-68.0;-56
433;e20a39f4-73f5-4bc4-a12f-17d1ad07a961;0;0;4b:ae:81:63:06:d3;1784652557.997365;1784652557.997365;0.0;32.79399871826172;1;39;-63.0;-56
434;e20a39f4-73f5-4bc4-a12f-17d1ad07a961;0;0;4b:ae:81:63:06:d3;1784652558.27952;1784652558.27952;0.0;282.15503692626953;1;38;-70.0;-56
435;e20a39f4-73f5-4bc4-a12f-17d1ad07a961;0;0;4b:ae:81:63:06:d3;1784652558.306928;1784652558.306928;0.0;27.40788459777832;1;39;-63.0;-56
436;e20a39f4-73f5-4bc4-a12f-17d1ad07a961;0;0;4b:ae:81:63:06:d3;1784652558.567666;1784652558.567666;0.0;260.7381343841553;1;39;-63.0;-56
437;e20a39f4-73f5-4bc4-a12f-17d1ad07a961;0;0;4b:ae:81:63:06:d3;1784652558.854708;1784652558.854708;0.0;287.04190254211426;1;38;-69.0;-56
438;e20a39f4-73f5-4bc4-a12f-17d1ad07a961;0;0;4b:ae:81:63:06:d3;1784652558.892546;1784652558.892546;0.0;37.837982177734375;1;39;-63.0;-56
439;e20a39f4-73f5-4bc4-a12f-17d1ad07a961;0;0;4b:ae:81:63:06:d3;1784652559.141727;1784652559.143562;1.8351078033447266;249.18103218078613;2;38,39;-65.5;-56
440;e20a39f4-73f5-4bc4-a12f-17d1ad07a961;0;0;4b:ae:81:63:06:d3;1784652559.42725;1784652559.42725;0.0;285.5229377746582;1;38;-71.0;-56
441;e20a39f4-73f5-4bc4-a12f-17d1ad07a961;0;0;4b:ae:81:63:06:d3;1784652559.452652;1784652559.452652;0.0;25.402069091796875;1;39;-64.0;-56
442;e20a39f4-73f5-4bc4-a12f-17d1ad07a961;0;0;4b:ae:81:63:06:d3;1784652559.707624;1784652559.707624;0.0;254.97198104858398;1;38;-69.0;-56
443;e20a39f4-73f5-4bc4-a12f-17d1ad07a961;0;0;4b:ae:81:63:06:d3;1784652559.742571;1784652559.742571;0.0;34.94715690612793;1;39;-63.0;-56
444;e20a39f4-73f5-4bc4-a12f-17d1ad07a961;0;0;4b:ae:81:63:06:d3;1784652560.033919;1784652560.033919;0.0;291.3479804992676;1;39;-62.0;-56
445;e20a39f4-73f5-4bc4-a12f-17d1ad07a961;0;0;4b:ae:81:63:06:d3;1784652560.282423;1784652560.282423;0.0;248.5039234161377;1;38;-68.0;-56
446;e20a39f4-73f5-4bc4-a12f-17d1ad07a961;0;0;4b:ae:81:63:06:d3;1784652560.304713;1784652560.304713;0.0;22.28999137878418;1;39;-63.0;-56
447;e20a39f4-73f5-4bc4-a12f-17d1ad07a961;0;0;4b:ae:81:63:06:d3;1784652560.574482;1784652560.587326;12.844085693359375;269.76895332336426;2;38,39;-66.0;-56
448;e20a39f4-73f5-4bc4-a12f-17d1ad07a961;0;0;4b:ae:81:63:06:d3;1784652560.870228;1784652560.887283;17.055034637451172;295.7460880279541;2;38,39;-65.5;-56
449;e20a39f4-73f5-4bc4-a12f-17d1ad07a961;0;0;4b:ae:81:63:06:d3;1784652561.138162;1784652561.138162;0.0;267.93384552001953;1;38;-69.0;-56
450;e20a39f4-73f5-4bc4-a12f-17d1ad07a961;0;0;4b:ae:81:63:06:d3;1784652561.176332;1784652561.176332;0.0;38.17009925842285;1;39;-63.0;-56
451;e20a39f4-73f5-4bc4-a12f-17d1ad07a961;16384;0;4b:ae:81:63:07:13;1784652561.433678;1784652561.433678;0.0;;1;38;-69.0;-60
452;e20a39f4-73f5-4bc4-a12f-17d1ad07a961;0;0;4b:ae:81:63:06:d3;1784652561.466135;1784652561.466135;0.0;289.80302810668945;1;39;-63.0;-56
453;e20a39f4-73f5-4bc4-a12f-17d1ad07a961;0;0;4b:ae:81:63:06:d3;1784652561.736033;1784652561.736033;0.0;269.8979377746582;1;39;-63.0;-56
454;e20a39f4-73f5-4bc4-a12f-17d1ad07a961;0;0;4b:ae:81:63:06:d3;1784652562.014808;1784652562.014808;0.0;278.7749767303467;1;38;-70.0;-56
455;e20a39f4-73f5-4bc4-a12f-17d1ad07a961;0;0;4b:ae:81:63:06:d3;1784652562.047386;1784652562.047386;0.0;32.5779914855957;1;39;-63.0;-56
456;e20a39f4-73f5-4bc4-a12f-17d1ad07a961;0;0;4b:ae:81:63:06:d3;1784652562.290726;1784652562.290726;0.0;243.34001541137695;1;38;-70.0;-56
457;e20a39f4-73f5-4bc4-a12f-17d1ad07a961;0;0;4b:ae:81:63:06:d3;1784652562.318822;1784652562.318822;0.0;28.09596061706543;1;39;-63.0;-56
458;e20a39f4-73f5-4bc4-a12f-17d1ad07a961;0;0;4b:ae:81:63:06:d3;1784652562.57919;1784652562.580891;1.7008781433105469;260.36810874938965;2;38,39;-66.5;-56
459;e20a39f4-73f5-4bc4-a12f-17d1ad07a961;0;0;4b:ae:81:63:06:d3;1784652562.838706;1784652562.848227;9.521007537841797;259.51600074768066;2;38,39;-66.5;-56
460;e20a39f4-73f5-4bc4-a12f-17d1ad07a961;0;0;4b:ae:81:63:06:d3;1784652563.145459;1784652563.145459;0.0;306.75292015075684;1;38;-69.0;-56
461;e20a39f4-73f5-4bc4-a12f-17d1ad07a961;0;0;4b:ae:81:63:06:d3;1784652563.17188;1784652563.17188;0.0;26.421070098876953;1;39;-63.0;-56
462;e20a39f4-73f5-4bc4-a12f-17d1ad07a961;0;0;4b:ae:81:63:06:d3;1784652563.462879;1784652563.462879;0.0;290.9989356994629;1;38;-70.0;-56
463;e20a39f4-73f5-4bc4-a12f-17d1ad07a961;0;0;4b:ae:81:63:06:d3;1784652563.490631;1784652563.490631;0.0;27.752161026000977;1;39;-63.0;-56
464;e20a39f4-73f5-4bc4-a12f-17d1ad07a961;0;0;4b:ae:81:63:06:d3;1784652563.716638;1784652563.716638;0.0;226.00698471069336;1;38;-70.0;-56
465;e20a39f4-73f5-4bc4-a12f-17d1ad07a961;0;0;4b:ae:81:63:06:d3;1784652563.739035;1784652563.739035;0.0;22.39680290222168;1;39;-63.0;-56
466;e20a39f4-73f5-4bc4-a12f-17d1ad07a961;0;0;4b:ae:81:63:06:d3;1784652564.006067;1784652564.006067;0.0;267.0321464538574;1;38;-69.0;-56
467;e20a39f4-73f5-4bc4-a12f-17d1ad07a961;0;0;4b:ae:81:63:06:d3;1784652564.28966;1784652564.28966;0.0;283.59293937683105;1;38;-70.0;-56
468;e20a39f4-73f5-4bc4-a12f-17d1ad07a961;0;0;4b:ae:81:63:06:d3;1784652564.312131;1784652564.312131;0.0;22.470951080322266;1;39;-62.0;-56
469;e20a39f4-73f5-4bc4-a12f-17d1ad07a961;0;0;4b:ae:81:63:06:d3;1784652564.561617;1784652564.561617;0.0;249.48596954345703;1;38;-70.0;-56
470;e20a39f4-73f5-4bc4-a12f-17d1ad07a961;0;0;4b:ae:81:63:06:d3;1784652564.584274;1784652564.584274;0.0;22.657155990600586;1;39;-63.0;-56
471;e20a39f4-73f5-4bc4-a12f-17d1ad07a961;0;0;4b:ae:81:63:06:d3;1784652564.856665;1784652564.856665;0.0;272.39084243774414;1;37;-66.0;-56
472;e20a39f4-73f5-4bc4-a12f-57d1ad07ab61;0;0;4b:ae:81:63:06:d3;1784652564.884927;1784652564.884927;0.0;;1;38;-68.0;-56
473;e20a39f4-73f5-4bc4-a12f-17d1ad07a961;0;0;4b:ae:81:63:06:d3;1784652564.907224;1784652564.907224;0.0;50.559043884277344;1;39;-63.0;-56
474;e20a39f4-73f5-4bc4-a12f-17d1ad07a961;0;0;4b:ae:81:63:06:d3;1784652565.132372;1784652565.140114;7.742166519165039;225.14796257019043;2;38,39;-65.5;-56
475;e20a39f4-73f5-4bc4-a12f-17d1ad07a961;0;0;4b:ae:81:63:06:d3;1784652565.425912;1784652565.425912;0.0;293.54000091552734;1;38;-68.0;-56
476;e20a39f4-73f5-4bc4-a12f-17d1ad07a961;0;0;4b:ae:81:63:06:d3;1784652565.451347;1784652565.451347;0.0;25.435209274291992;1;39;-62.0;-56
477;e20a39f4-73f5-4bc4-a12f-17d1ad07a961;0;0;4b:ae:81:63:06:d3;1784652565.722906;1784652565.734776;11.86990737915039;271.5590000152588;2;38,39;-65.5;-56
478;e20a39f4-73f5-4bc4-a12f-17d1ad07a961;0;0;4b:ae:81:63:06:d3;1784652566.010586;1784652566.010586;0.0;287.67991065979004;1;37;-68.0;-56
479;e20a39f4-73f5-4bc4-a12f-17d1ad07a961;0;0;4b:ae:81:63:06:d3;1784652566.034907;1784652566.042538;7.630825042724609;24.32107925415039;2;38,39;-66.0;-56
480;e20a39f4-73f5-4bc4-a12f-17d1ad07a961;0;0;4b:ae:81:63:06:d3;1784652566.272293;1784652566.30375;31.456947326660156;237.38598823547363;3;37,38,39;-66.0;-56
481;e20a39f4-73f5-4bc4-a12f-17d1ad07a961;0;0;4b:ae:81:63:06:d3;1784652566.566028;1784652566.577163;11.134862899780273;293.7350273132324;2;38,39;-63.0;-56
482;e20a39f4-4bf5-4bc4-a12f-17d1ad07a961;0;0;49:ae:81:63:06:d3;1784652566.859331;1784652566.859331;0.0;;1;38;-75.0;-56
483;e20a39f4-73f5-4bc4-a12f-17d1ad07a961;0;0;4b:ae:81:63:06:d3;1784652566.869405;1784652566.869405;0.0;303.3769130706787;1;39;-65.0;-56
484;e20a39f4-73f5-4bc4-a12f-17d1ad07a961;0;0;4b:ae:81:63:06:d3;1784652567.428558;1784652567.428558;0.0;559.1530799865723;1;38;-61.0;-56
485;e20a39f4-73f5-4bc4-a12f-17d1ad07a961;0;0;4b:ae:81:63:06:d3;1784652567.456917;1784652567.456917;0.0;28.358936309814453;1;39;-66.0;-56
486;e20a39f4-73f5-4bc4-a12f-17d1ad07a961;0;0;4b:ae:81:63:06:d3;1784652567.705345;1784652567.705345;0.0;248.4278678894043;1;38;-60.0;-56
487;e20a39f4-73f5-4bc4-a12f-17d1ad07a961;0;0;4b:ae:81:63:06:d3;1784652567.729341;1784652567.729341;0.0;23.99611473083496;1;39;-64.0;-56
488;e20a39f4-73f5-4bc4-a12f-17d1ad07a961;0;0;4b:ae:81:63:06:d3;1784652568.011353;1784652568.011353;0.0;282.0119857788086;1;37;-58.0;-56
489;e20a39f4-73f5-4bc4-a12f-17d1ad07a961;0;0;4b:ae:81:63:06:d3;1784652568.045123;1784652568.045123;0.0;33.770084381103516;1;38;-60.0;-56
490;e20a39f4-73f5-4bc4-a12f-17d1ad07a961;0;0;4b:ae:81:63:06:d3;1784652568.078356;1784652568.078356;0.0;33.232927322387695;1;39;-64.0;-56
491;e20a39f4-73f5-4bc4-a12f-17d1ad07a961;0;0;4b:ae:81:63:06:d3;1784652568.302623;1784652568.302623;0.0;224.26700592041016;1;37;-57.0;-56
492;e20a39f4-73f5-4bc4-a12f-17d1ad07a961;0;0;4b:ae:81:63:06:d3;1784652568.337086;1784652568.338389;1.302957534790039;34.462928771972656;2;38,39;-62.0;-56
493;e20a39f4-73f5-4bc4-a12f-17d1ad07a961;0;0;4b:ae:81:63:06:d3;1784652568.624468;1784652568.624468;0.0;287.3821258544922;1;37;-57.0;-56
494;e20a39f4-73f5-4bc4-a12f-17d1ad07a961;0;0;4b:ae:81:63:06:d3;1784652568.647373;1784652568.647373;0.0;22.90487289428711;1;38;-60.0;-56
495;e20a39f4-73f5-4bc4-a12f-17d1ad07a961;0;0;4b:ae:81:63:06:d3;1784652568.680505;1784652568.680505;0.0;33.132076263427734;1;39;-64.0;-56
496;e20a39f4-73f5-4bc4-a12f-17d1ad07a961;0;0;4b:ae:81:63:06:d3;1784652568.90646;1784652568.90646;0.0;225.95500946044922;1;37;-58.0;-56
497;e20a39f4-73f5-4bc4-a12f-17d1ad07a961;0;0;4b:ae:81:63:06:d3;1784652568.944705;1784652568.944705;0.0;38.24496269226074;1;38;-60.0;-56
498;e20a39f4-73f5-4bc4-a12f-17d1ad07a961;0;0;4b:ae:81:63:06:d3;1784652568.978418;1784652568.978418;0.0;33.71310234069824;1;39;-65.0;-56
499;e20a39f4-73f5-4bc4-a12f-17d1ad07a961;0;0;4b:ae:81:63:06:d3;1784652569.167049;1784652569.167049;0.0;188.6308193206787;1;37;-58.0;-56
500;e20a39f4-73f5-4bc4-a12f-17d1ad07a961;0;0;4b:ae:81:63:06:d3;1784652569.214117;1784652569.214117;0.0;47.068119049072266;1;38;-62.0;-56
501;e20a39f4-73f5-4bc4-a12f-17d1ad07a961;0;0;4b:ae:81:63:06:d3;1784652569.24047;1784652569.24047;0.0;26.352882385253906;1;39;-68.0;-56
502;e20a39f4-73f5-4bc4-a12f-17d1ad07a961;0;0;4b:ae:81:63:06:d3;1784652569.42569;1784652569.42569;0.0;185.22000312805176;1;38;-62.0;-56
503;e20a39f4-73f5-4bc4-a12f-17d1ad07a961;0;0;4b:ae:81:63:06:d3;1784652569.448211;1784652569.448211;0.0;22.521018981933594;1;39;-67.0;-56
504;e20a39f4-73f5-4bc4-a12f-17d1ad07a961;0;0;4b:ae:81:63:06:d3;1784652569.71326;1784652569.730771;17.51112937927246;265.0489807128906;2;38,39;-64.5;-56
505;e20a39f4-73f5-4bc4-a12f-17d1ad07a961;0;0;4b:ae:81:63:06:d3;1784652570.015697;1784652570.015697;0.0;302.43706703186035;1;37;-58.0;-56
506;e20a39f4-73f5-4bc4-a12f-17d1ad07a961;0;0;4b:ae:81:63:06:d3;1784652570.04242;1784652570.04242;0.0;26.72290802001953;1;38;-62.0;-56
507;e20a39f4-73f5-4bc4-a12f-17d1ad07a961;0;0;4b:ae:81:63:06:d3;1784652570.073908;1784652570.073908;0.0;31.48818016052246;1;39;-69.0;-56
508;e20a39f4-73f5-4bc4-a12f-17d1ad07a961;0;0;4b:ae:81:63:06:d3;1784652570.303478;1784652570.303478;0.0;229.5699119567871;1;37;-66.0;-56
509;e20a39f4-73f5-4bc4-a12f-17d1ad07a961;0;0;4b:ae:81:63:06:d3;1784652570.342081;1784652570.342081;0.0;38.60306739807129;1;38;-66.0;-56
510;e20a39f4-73f5-4bc4-a12f-17d1ad07a961;0;0;4b:ae:81:63:06:d3;1784652570.375209;1784652570.375209;0.0;33.12802314758301;1;39;-65.0;-56
511;e20a39f4-73f5-4bc4-a12f-17d1ad07a961;0;0;4b:ae:81:63:06:d3;1784652570.607311;1784652570.607311;0.0;232.1019172668457;1;37;-70.0;-56
512;e20a39f4-73f5-4bc4-a12f-17d1ad07a961;0;0;4b:ae:81:63:06:d3;1784652570.633085;1784652570.635693;2.608060836791992;25.774002075195312;2;38,39;-68.0;-56
513;e20a39f4-73f5-4bc4-a12f-17d1ad07a961;0;0;4b:ae:81:63:06:d3;1784652570.869089;1784652570.869089;0.0;236.00387573242188;1;38;-71.0;-56
514;e20a39f4-73f5-4bc4-a12f-17d1ad07a961;0;0;4b:ae:81:63:06:d3;1784652570.904073;1784652570.904073;0.0;34.98411178588867;1;39;-68.0;-56
515;e20a39f4-73f5-4bc4-a12f-17d1ad07a961;0;0;4b:ae:81:63:06:d3;1784652571.181198;1784652571.181198;0.0;277.12488174438477;1;38;-70.0;-56
516;e20a39f4-73f5-4bc4-a12f-17d1ad07a961;0;0;4b:ae:81:63:06:d3;1784652571.224922;1784652571.224922;0.0;43.72406005859375;1;39;-68.0;-56
517;e20a39f4-73f5-4bc4-a12f-17d1ad07a961;0;0;4b:ae:81:63:02:d3;1784652571.439564;1784652571.439564;0.0;214.64204788208008;1;38;-71.0;-56
518;e20a39f4-73f5-4bc4-a12f-17d1ad07a961;0;0;4b:ae:81:63:06:d3;1784652571.467264;1784652571.467264;0.0;27.699947357177734;1;39;-68.0;-56
519;e20a39f4-73f5-4bc4-a12f-17d1ad07a961;0;0;4b:ae:81:63:06:d3;1784652571.762859;1784652571.762859;0.0;295.5951690673828;1;38;-73.0;-56
520;e20a39f4-73f5-4bc4-a12f-17d1ad07a961;0;0;4b:ae:81:63:06:d3;1784652571.79721;1784652571.79721;0.0;34.35087203979492;1;39;-68.0;-56
521;e20a39f4-73f5-4bc4-a12f-17d1ad07a961;0;0;4b:ae:71:62:06:d3;1784652572.027192;1784652572.028954;1.7619132995605469;229.9821376800537;2;38,39;-70.0;-88
522;e20a39f4-73f5-4bc4-a12f-17d1ad07a961;0;0;4b:ae:81:63:06:d3;1784652572.30736;1784652572.324947;17.58718490600586;280.167818069458;2;38,39;-68.5;-56
523;e20a39f4-73f5-4bc4-a12f-17d1ad07a961;0;0;4b:ae:81:63:06:d3;1784652572.616352;1784652572.616352;0.0;308.9921474456787;1;37;-68.0;-56
524;e20a39f4-73f5-4bc4-a12f-17d1ad07a961;0;0;4b:ae:81:63:06:d3;1784652572.645743;1784652572.645743;0.0;29.390811920166016;1;38;-72.0;-56
525;e20a39f4-73f5-4bc4-a12f-17d1ad07a961;0;0;4b:ae:81:63:06:d3;1784652572.682152;1784652572.682152;0.0;36.40913963317871;1;39;-67.0;-56
526;e20a39f4-73f5-4bc4-a12f-17d1ad07a961;0;0;4b:ae:81:63:06:d3;1784652572.913975;1784652572.918268;4.292964935302734;231.82296752929688;2;38,39;-70.5;-56
527;e20a39f4-73f1-4bc4-a12f-17d1ad07a961;0;0;4b:ae:81:63:06:d3;1784652573.457181;1784652573.457181;0.0;;1;38;-74.0;-56
528;e20a39f4-73f5-4bc4-a12f-17d1ad07a961;0;0;4b:ae:81:63:06:d3;1784652573.484485;1784652573.484485;0.0;570.5099105834961;1;39;-67.0;-56
529;e20a39f4-73f5-4bc4-a12f-17d1ad07a961;0;0;4b:ae:81:67:06:d3;1784652573.80775;1784652573.80775;0.0;323.26507568359375;1;38;-72.0;-56
530;e20a39f4-73f5-4bc4-a12f-17d1ad07a961;0;0;4b:ae:81:63:06:d3;1784652573.840792;1784652573.840792;0.0;33.041954040527344;1;39;-66.0;-56
531;e20a39f4-73f5-4bc4-a12f-17d1ad07a961;0;0;4b:ae:81:63:06:d3;1784652574.024677;1784652574.024677;0.0;183.8850975036621;1;38;-66.0;-56
532;e20a39f4-73f5-4bc4-a12f-17d1ad07a961;0;0;4b:ae:81:63:06:d3;1784652574.057616;1784652574.057616;0.0;32.93895721435547;1;39;-64.0;-56
533;e20a39f4-73f5-4bc4-a12f-17d1ad07a961;0;0;4b:ae:81:63:06:d3;1784652574.313852;1784652574.313852;0.0;256.23607635498047;1;38;-66.0;-56
534;e20a39f4-73f5-4bc4-a12f-17d1ad07a961;0;0;4b:ae:81:63:06:d3;1784652574.340136;1784652574.340136;0.0;26.283979415893555;1;39;-63.0;-56
535;e20a39f4-73f5-4bc4-a12f-17d1ad07a961;0;0;4b:ae:81:63:06:d3;1784652575.192216;1784652575.192216;0.0;852.0798683166504;1;37;-64.0;-56
536;e20a39f4-73f5-4bc4-a12f-17d1ad07a961;0;0;4b:ae:81:63:06:d3;1784652575.452482;1784652575.452482;0.0;260.2660655975342;1;38;-71.0;-56
537;e20a39f4-73f5-4bc4-a12f-17d1ad07a961;0;0;4b:ae:81:63:06:d3;1784652575.485065;1784652575.485065;0.0;32.582998275756836;1;39;-67.0;-56
538;e20a39f4-73f5-4bc4-a12f-17d1ad07a961;0;0;4b:ae:81:63:06:93;1784652576.036518;1784652576.043666;7.147789001464844;551.4531135559082;2;38,39;-66.5;-56
539;e20a39f4-73f5-4bc4-a12f-17d1ad07a961;0;0;4b:ae:81:63:06:d3;1784652576.300806;1784652576.300806;0.0;264.28794860839844;1;38;-68.0;-56
540;e20a39f4-73f5-4bc4-a12f-17d1ad07a961;0;0;4b:ae:81:63:06:d3;1784652576.328741;1784652576.328741;0.0;27.935028076171875;1;39;-66.0;-56
541;e20a39f4-73f5-4bc4-a12f-17d1ad07a961;0;0;4b:ae:81:63:06:d3;1784652576.906813;1784652576.931607;24.79410171508789;578.0718326568604;3;37,38,39;-67.66666666666667;-56
542;e20a39f4-73f5-4bc4-a12f-17d1ad07a961;0;0;4b:ae:81:63:06:d3;1784652577.168741;1784652577.168741;0.0;261.9280815124512;1;38;-70.0;-56
543;e20a39f4-73f5-4bc4-a12f-17d1ad07a961;0;0;4b:ae:81:63:06:d3;1784652577.19849;1784652577.19849;0.0;29.748916625976562;1;39;-70.0;-56
544;e20a39f4-73f5-4bc4-a12f-17d1ad07a961;0;0;4b:ae:81:63:06:d3;1784652577.452918;1784652577.452918;0.0;254.42814826965332;1;38;-70.0;-56
545;e20a39f4-73f5-4bc4-a12f-17d1ad07a961;0;0;4b:ae:81:63:06:d3;1784652577.480399;1784652577.480399;0.0;27.4808406829834;1;39;-70.0;-56
546;e20a39f4-73f5-4bc4-a12f-17d1ad07a961;0;0;4b:ae:81:63:06:d3;1784652578.018067;1784652578.030325;12.258052825927734;537.667989730835;2;38,39;-70.5;-56
547;e20a39f4-73f5-4bc4-a12f-17d1ad07a961;0;0;4b:ae:81:63:06:d3;1784652578.362755;1784652578.362755;0.0;344.68817710876465;1;37;-64.0;-56
548;e20a39f4-73f5-5bc4-a12f-17d1ad07a961;0;0;4b:ae:81:63:06:d3;1784652578.39952;1784652578.39952;0.0;;1;38;-70.0;-56
549;e20a39f4-73f5-4bc4-a12f-17d1ad07a961;0;0;4b:ae:81:63:06:d3;1784652578.426594;1784652578.426594;0.0;63.838958740234375;1;39;-71.0;-56
550;e20a39f4-73f5-4bc4-a12f-17d1ad07a961;0;0;4b:ae:81:63:06:d3;1784652578.584786;1784652578.584786;0.0;158.19191932678223;1;38;-72.0;-56
551;e20a39f4-73f5-4bc4-a12f-17d1ad07a961;0;0;4b:ae:81:63:06:d3;1784652578.607385;1784652578.607385;0.0;22.598981857299805;1;39;-70.0;-56
552;e24a39f4-73f5-4bc4-a12f-17d1ad07a961;0;0;4b:ae:81:63:06:d3;1784652578.873615;1784652578.873615;0.0;;1;38;-70.0;-56
553;e20a39f4-73f5-4bc4-a12f-17d1ad07a961;0;0;4b:ae:81:63:06:d3;1784652578.89613;1784652578.89613;0.0;288.7451648712158;1;39;-70.0;-56
554;e20a39f4-73f5-4bc4-a12f-17d1ad07a961;0;0;4b:ae:81:63:06:d3;1784652579.172689;1784652579.172689;0.0;276.55887603759766;1;38;-70.0;-56
555;e20a39f4-73f5-4bc4-a12f-17d1ad07a961;0;0;4b:ae:81:63:06:d3;1784652579.214372;1784652579.214372;0.0;41.68295860290527;1;39;-67.0;-56
556;e20a39f4-73f5-4bc4-a12f-17d1ad07a961;0;0;4b:ae:81:63:06:d3;1784652579.445083;1784652579.445083;0.0;230.7109832763672;1;38;-70.0;-56
557;e20a39f4-72f5-4bc4-a12f-17d1ad07a961;0;0;4b:ae:81:63:06:d3;1784652579.734568;1784652579.734568;0.0;;1;38;-70.0;-56
558;e20a39f4-73f5-4bc4-a12f-17d1ad07a961;0;0;4b:ae:81:63:06:d3;1784652579.735563;1784652579.735563;0.0;290.4801368713379;1;39;-64.0;-56
559;e20a39f4-73f5-4bc4-a12f-17d1ad07a961;0;0;4b:ae:81:63:06:d3;1784652580.036765;1784652580.036765;0.0;301.20205879211426;1;38;-70.0;-56
560;e20a39f4-73f5-4bc4-a12f-17d1ad07a961;0;0;4b:ae:81:63:06:d3;1784652580.061877;1784652580.061877;0.0;25.111913681030273;1;39;-66.0;-56
561;e20a39f4-73f5-4bc4-a12f-17d1ad07a961;0;0;4b:ae:81:63:06:d3;1784652580.320068;1784652580.320068;0.0;258.1908702850342;1;39;-64.0;-56
562;e20a39f4-73f5-4bfc-a12f-17d1ad17a961;0;0;4b:ae:81:63:06:d3;1784652580.903308;1784652580.903308;0.0;;1;38;-74.0;-56
563;e20a39f4-73f5-4bc4-a12f-17d1ad07a971;31317;42726;4b:ae:81:63:06:d3;1784652580.922921;1784652580.922921;0.0;;1;39;-66.0;109
564;e20a39f4-73f5-4bc4-a12f-17d1ad07a961;0;0;4b:ae:81:63:06:d3;1784652581.196491;1784652581.196491;0.0;876.4231204986572;1;39;-64.0;-56
565;e20a39f4-73f5-4bc4-a12f-17d1ad07a961;0;0;4b:ae:81:63:06:d3;1784652581.49901;1784652581.49901;0.0;302.5190830230713;1;39;-66.0;-56
566;e20a39f4-73f5-4bc4-a12f-17d1ad07a961;0;0;4b:ae:81:63:06:d3;1784652582.340735;1784652582.340735;0.0;841.7248725891113;1;37;-66.0;-56
567;e20a39f4-73f5-4bc4-a12f-17d1ad07a961;0;0;4b:ae:81:63:06:d3;1784652582.363041;1784652582.363041;0.0;22.305965423583984;1;38;-75.0;-56
568;e20a39f4-73f5-4bc4-a12f-17d1ad07a961;0;0;4b:ae:81:63:06:d3;1784652582.397041;1784652582.397041;0.0;34.00015830993652;1;39;-66.0;-56
569;e20a39b4-73f5-4bc4-a12f-17d1ad07a961;0;0;4b:ae:81:63:36:d3;1784652582.608431;1784652582.608431;0.0;;1;38;-73.0;-56
570;e20a39f4-73f5-4bc4-a12f-17d1ad07a961;0;0;4b:ae:81:63:06:d3;1784652582.610252;1784652582.610252;0.0;213.2108211517334;1;39;-66.0;-56
571;e20a39f4-73f5-4bc4-a12f-17d1ad07a961;0;0;4b:ae:81:63:06:d3;1784652582.894152;1784652582.894152;0.0;283.90002250671387;1;38;-73.0;-56
572;e20a39f4-73f5-4bc4-a12f-17d1ad07a961;0;0;4b:ae:81:63:06:d3;1784652582.921687;1784652582.921687;0.0;27.534961700439453;1;39;-66.0;-56
573;e20a39f4-73f5-4bc4-a12f-17d1ad07a961;0;0;4b:ae:81:63:06:d3;1784652583.19889;1784652583.19889;0.0;277.2030830383301;1;37;-66.0;-56
574;e20a39f4-73f5-4bc4-2127-17d1ad07a961;1024;1795;4b:ae:81:63:06:d3;1784652583.243726;1784652583.243726;0.0;;1;38;-75.0;-56
575;e20a39f4-73f5-4bc4-a12f-17d1ad07a961;0;0;4b:ae:81:63:06:d3;1784652583.245444;1784652583.245444;0.0;46.5540885925293;1;39;-66.0;-56
576;e20a39f4-73f5-4bc4-a12f-17d1ad07a961;0;0;4b:ae:81:63:06:d3;1784652583.473434;1784652583.473434;0.0;227.98991203308105;1;38;-75.0;-56
577;e20a39f4-73f5-4bc4-a12f-17d1ad07a961;0;0;4b:ae:81:63:06:d3;1784652583.501218;1784652583.501218;0.0;27.784109115600586;1;39;-66.0;-56
578;e20a39f4-73f5-4bc4-a12f-17d1ad07a961;0;0;4b:ae:81:63:06:d3;1784652583.74779;1784652583.749496;1.7058849334716797;246.57201766967773;2;38,39;-67.5;-56
579;e20a39f4-73f5-4bc4-a12f-17d1ad07a961;0;0;4b:ae:81:63:06:d3;1784652584.037101;1784652584.037101;0.0;289.3109321594238;1;39;-66.0;-56
580;e20a39f4-73f5-4bc4-a12f-57d1aa07a961;1032;0;4b:ae:81:63:06:d3;1784652584.616538;1784652584.616538;0.0;;1;38;-75.0;-56
581;e20a39f4-73f5-4bc4-a12f-17d1ad07a961;0;0;4b:ae:81:63:06:d3;1784652584.618209;1784652584.618209;0.0;581.1078548431396;1;39;-66.0;-56
582;e20a39f4-73f5-4bc4-a12f-17d1ad07a961;0;0;4b:ae:81:63:06:d3;1784652585.485157;1784652585.485157;0.0;866.948127746582;1;37;-67.0;-56
583;e20a39f4-73f5-4bc4-a12f-17d1ad07a961;0;0;4b:ae:81:63:06:d3;1784652587.437981;1784652587.437981;0.0;1952.8238773345947;1;37;-66.0;-56
584;e20a39f4-73f5-4bc4-a12f-17d1ad07a961;0;0;4b:ae:81:63:06:d3;1784652587.737133;1784652587.737133;0.0;299.152135848999;1;37;-67.0;-56
585;e20a39f4-73f5-4bc4-a12f-17d1ad07a961;0;0;4b:ae:81:63:06:d3;1784652588.326285;1784652588.326285;0.0;589.1518592834473;1;38;-76.0;-56
586;e20a39f4-73f5-4bc4-a12f-17d1ad07a961;0;0;4b:ae:81:63:06:d3;1784652588.359329;1784652588.359329;0.0;33.04409980773926;1;39;-66.0;-56
587;e20a39f4-73f5-4bc4-a12f-17d1ad07a961;0;0;4b:ae:81:63:06:d3;1784652588.671203;1784652588.671203;0.0;311.8739128112793;1;37;-67.0;-56
588;e20a39f4-73f5-4bc4-a12f-17d1ad07a961;0;0;4b:ae:81:63:06:d3;1784652588.895625;1784652588.895625;0.0;224.42221641540527;1;39;-66.0;-56
589;e20a39f4-73f5-4bc4-a12f-17d1ad07a961;0;0;4b:ae:81:63:06:d3;1784652589.18123;1784652589.18123;0.0;285.60495376586914;1;37;-67.0;-56
590;e20a39f4-73f5-4bc4-a12f-17d1ad77a961;0;0;4b:ae:81:63:06:d3;1784652589.20839;1784652589.20839;0.0;;1;38;-77.0;-56
591;e20a39f4-73f5-4bc4-a12f-17d1ad07a961;0;0;4b:ae:81:63:06:d3;1784652589.23594;1784652589.23594;0.0;54.70991134643555;1;39;-65.0;-56
592;e20a39f4-73f5-4bc4-a12f-17d1ad07a961;0;0;4b:ae:81:63:06:d3;1784652589.458698;1784652589.458698;0.0;222.75805473327637;1;37;-67.0;-56
593;e20a39f4-73f5-4bc4-a12f-17d1ad07a961;0;0;4b:ae:81:63:06:d3;1784652589.820893;1784652589.820893;0.0;362.1950149536133;1;37;-67.0;-56
594;e20a39f4-73f5-4bc4-a12f-17d1ad07a961;0;0;4b:ae:81:63:06:d3;1784652590.036641;1784652590.036641;0.0;215.74783325195312;1;37;-67.0;-56
595;e20a39f4-33f5-4bc4-a12f-17d1a907a961;0;8;6b:ae:f1:63:06:d3;1784652590.063924;1784652590.063924;0.0;;1;38;-78.0;-56
596;e20a39f4-73f5-4bc4-a12f-17d1ad07a961;0;0;4b:ae:81:63:06:d3;1784652590.086368;1784652590.086368;0.0;49.72720146179199;1;39;-65.0;-56
597;e20a39f4-73f5-4bc4-a12f-17d1ad07a961;0;0;4b:ae:81:63:06:d3;1784652590.370223;1784652590.370223;0.0;283.8549613952637;1;37;-67.0;-56
598;e20a39f4-73f5-4bc4-a12f-17d1ad07a961;0;0;4b:ae:81:63:06:d3;1784652590.631862;1784652590.631862;0.0;261.638879776001;1;37;-67.0;-56
599;e20a39f4-73f5-4bc4-a12f-17d1ad07a961;0;0;4b:ae:81:63:06:d3;1784652590.907249;1784652590.907249;0.0;275.3870487213135;1;38;-78.0;-56
600;e20a39f4-73f5-4bc4-a12f-17d1ad07a961;0;0;4b:ae:81:63:06:d3;1784652590.946088;1784652590.946088;0.0;38.839101791381836;1;39;-66.0;-56
601;e20a59f4-73f5-4bc4-a12f-18d1ad07a961;0;2;4b:ae:81:63:46:d3;1784652591.770456;1784652591.770456;0.0;;1;38;-77.0;-56
602;e20a39f4-73f5-4bc4-a12f-17d1ad07a961;0;0;4b:ae:81:63:06:d3;1784652591.805376;1784652591.805376;0.0;859.2879772186279;1;39;-66.0;-56
603;e20a39f4-73f5-4bc4-a12f-17d1ad07a961;0;0;4b:ae:81:63:06:d3;1784652592.037779;1784652592.037779;0.0;232.40303993225098;1;37;-67.0;-56
604;e20a39f4-73f5-4bc4-a12f-17d1ad07a961;0;0;4b:ae:81:63:02:d3;1784652592.644892;1784652592.644892;0.0;607.1128845214844;1;38;-79.0;-56
605;e20a39f4-73f5-4bc4-a12f-17d1ad07a961;0;0;4b:ae:81:63:06:d3;1784652592.672991;1784652592.672991;0.0;28.09906005859375;1;39;-66.0;-56
606;e20a39f4-73f5-4bc4-a12f-17d1ad07a961;0;0;4b:ae:81:63:06:d3;1784652593.778641;1784652593.778641;0.0;1105.6499481201172;1;39;-65.0;-56
607;e2ca39f4-73f5-4bc4-a12f-17d1ad07a961;0;0;4b:ae:81:43:06:d3;1784652594.045592;1784652594.045592;0.0;;1;38;-80.0;-56
608;e20a39f4-73f5-4bc4-a12f-17d1ad07a961;0;0;4b:ae:81:63:06:d3;1784652594.072808;1784652594.072808;0.0;294.16704177856445;1;39;-66.0;-56
609;e20a39f4-73f5-4bc4-a12f-17d1ad07a961;0;0;4b:ae:81:63:06:d3;1784652594.321506;1784652594.321506;0.0;248.69799613952637;1;38;-71.0;-56
610;e20a39f4-73f5-4bc4-a12f-17d1ad07a961;0;0;4b:ae:81:63:06:d3;1784652594.348954;1784652594.348954;0.0;27.447938919067383;1;39;-67.0;-56
611;e20a39f4-73f5-4bc4-a12f-17d1ad07a961;0;0;4b:ae:81:63:06:d3;1784652594.596921;1784652594.596921;0.0;247.96700477600098;1;38;-61.0;-56
612;e20a39f4-73f5-4bc4-a12f-17d1ad07a961;0;0;4b:ae:81:63:06:d3;1784652594.629969;1784652594.629969;0.0;33.04791450500488;1;39;-65.0;-56
613;e20a39f4-73f5-4bc4-a12f-17d1ad07a961;0;0;4b:ae:81:63:06:d3;1784652594.907438;1784652594.907438;0.0;277.4691581726074;1;38;-65.0;-56
614;e20a39f4-73f5-4bc4-a12f-17d1ad07a961;0;0;4b:ae:81:63:06:d3;1784652595.18163;1784652595.18163;0.0;274.19185638427734;1;38;-66.0;-56
615;e20a39f4-73f5-4bc4-a12f-17d1ad07a961;0;0;4b:ae:81:63:06:d3;1784652595.208891;1784652595.208891;0.0;27.261018753051758;1;39;-63.0;-56
616;e20a39f4-73f5-4bc4-a12f-17d1ad07a961;0;0;4b:ae:81:63:06:d3;1784652595.465945;1784652595.465945;0.0;257.05409049987793;1;38;-72.0;-56
617;e20a39f4-73f5-4bc4-a12f-17d1ad07a961;0;0;4b:ae:81:63:06:d3;1784652595.503846;1784652595.503846;0.0;37.90092468261719;1;39;-62.0;-56
618;e20a39f4-73f5-4bc4-a12f-17d1ad07a961;0;0;4b:ae:81:63:06:d3;1784652595.748423;1784652595.748423;0.0;244.57716941833496;1;38;-63.0;-56
619;e20a39f4-73f5-4bc4-a12f-17d1ad07a961;0;0;4b:ae:81:63:06:d3;1784652595.776966;1784652595.776966;0.0;28.54299545288086;1;39;-64.0;-56
620;e20a39f4-73f5-4bc4-a12f-17d1ad07a961;0;0;4b:ae:81:63:06:d3;1784652596.050809;1784652596.050809;0.0;273.84281158447266;1;38;-65.0;-56
621;e20a39f4-73f5-4bc4-a12f-17d1ad07a961;0;0;4b:ae:81:63:06:d3;1784652596.090203;1784652596.090203;0.0;39.39414024353027;1;39;-67.0;-56
622;e20a39f4-73f5-4bc4-a12f-17d1ad07a961;0;0;4b:ae:81:63:06:d3;1784652596.340232;1784652596.340232;0.0;250.0288486480713;1;38;-66.0;-56
623;e20a39f4-73f5-4bc4-a12f-17d1ad07a961;0;0;4b:ae:81:63:06:d3;1784652596.378095;1784652596.378095;0.0;37.86301612854004;1;39;-66.0;-56
624;e20a39f4-73f5-4bc4-a12f-17d1ad07a961;0;0;4b:ae:81:63:06:d3;1784652596.612744;1784652596.6316;18.855810165405273;234.6491813659668;2;38,39;-66.0;-56
625;e20a39f4-73f5-4bc4-a12f-17d1ad07a961;0;0;4b:ae:81:63:06:d3;1784652596.936408;1784652596.936408;0.0;323.66394996643066;1;37;-63.0;-56
626;e20a39f4-73f5-4bc4-a12f-17d1ad07a961;0;0;4b:ae:81:63:06:d3;1784652596.958799;1784652596.975956;17.15707778930664;22.39084243774414;2;38,39;-66.5;-56
627;e20a39f4-73f5-4bc4-a12f-17d1ad07a961;0;0;4b:ae:81:63:06:d3;1784652597.16903;1784652597.186607;17.576932907104492;210.23106575012207;2;37,38;-63.0;-56
628;e20a39f4-73f5-4bc4-a12f-17d1ad07a961;0;0;4b:ae:81:63:06:d3;1784652597.214292;1784652597.214292;0.0;45.26209831237793;1;39;-70.0;-56
629;e20a39f4-73f5-4bc4-a12f-17d1ad07a961;0;0;4b:ae:81:63:06:d3;1784652597.524638;1784652597.524638;0.0;310.3458881378174;1;37;-63.0;-56
630;e20a39f4-73f5-4bc4-a12f-17d1ad07a961;0;0;4b:ae:81:63:06:d3;1784652597.552655;1784652597.552655;0.0;28.017044067382812;1;38;-64.0;-56
631;e20a39f4-73f5-4bc4-a12f-17d1ad07a961;0;0;4b:ae:81:63:06:d3;1784652597.596482;1784652597.596482;0.0;43.827056884765625;1;39;-66.0;-56
632;e20a39f4-73f5-4bc4-a12f-17d1ad07a961;0;0;4b:ae:81:63:06:d3;1784652597.831525;1784652597.864498;32.97281265258789;235.04304885864258;3;37,38,39;-64.0;-56
633;e20a39f4-73f5-4bc4-a12f-17d1ad07a961;0;0;4b:ae:81:63:06:d3;1784652598.022879;1784652598.032761;9.882211685180664;191.35379791259766;2;37,38;-62.5;-56
634;e20a39f4-73f5-4bc4-a12f-17d1ad07a961;0;0;4b:ae:81:63:06:d3;1784652598.059591;1784652598.059591;0.0;36.7121696472168;1;39;-66.0;-56
635;e20a39f4-73f5-4bc4-a12f-17d1ad07a961;0;0;4b:ae:81:63:06:d3;1784652598.362095;1784652598.38347;21.374940872192383;302.5040626525879;3;37,38,39;-64.0;-56
636;e20a39f4-73f5-4bc4-a12f-17d1ad07a961;0;0;4b:ae:81:63:06:d3;1784652598.616529;1784652598.616529;0.0;254.43387031555176;1;39;-67.0;-56
637;e20a39f4-73f5-4bc4-a12f-17d1ad07a961;0;0;4b:ae:81:63:06:d3;1784652598.961051;1784652598.961051;0.0;344.52199935913086;1;38;-63.0;-56
638;e20a39f4-73f5-4bc4-a12f-17d1ad07a961;0;0;4b:ae:81:63:06:d3;1784652598.985036;1784652598.985036;0.0;23.984909057617188;1;39;-67.0;-56
639;e20a39f4-73f5-4bc4-a12f-17d1ad07a961;0;0;4b:ae:81:63:06:d3;1784652599.190611;1784652599.190611;0.0;205.57498931884766;1;37;-62.0;-56
640;e20a39f4-73f5-4bc4-a12f-17d1ad07a961;0;0;4b:ae:81:63:06:d3;1784652599.22343;1784652599.22343;0.0;32.81903266906738;1;38;-63.0;-56
641;e20a39f4-73f5-4bc4-a12f-17d1ad07a961;0;0;4b:ae:81:63:06:d3;1784652599.266397;1784652599.266397;0.0;42.96708106994629;1;39;-66.0;-56
642;e20a39f4-73f5-4bc4-a12f-17d1ad07a961;0;0;4b:ae:81:63:06:d3;1784652599.471526;1784652599.483923;12.397050857543945;205.12890815734863;2;37,38;-62.5;-56
643;e20a39f4-73f5-4bc4-a12f-17d1ad07a961;0;0;4b:ae:81:63:06:d3;1784652599.516108;1784652599.516108;0.0;44.58212852478027;1;39;-66.0;-56
644;e20a39f4-73f5-4bc4-a12f-17d1ad07a961;0;0;4b:ae:81:63:06:d3;1784652599.754619;1784652599.754619;0.0;238.5108470916748;1;38;-63.0;-56
645;e20a39f4-73f5-4bc4-a12f-17d1ad07a961;0;0;4b:ae:81:63:06:d3;1784652599.789335;1784652599.789335;0.0;34.716129302978516;1;39;-67.0;-56
646;e20a39f4-73f5-4bc4-a12f-17d1ad07a961;0;0;4b:ae:81:63:06:d3;1784652600.049636;1784652600.053193;3.5572052001953125;260.300874710083;3;37,38,39;-63.666666666666664;-56
647;e20a39f4-73f5-4bc4-a12f-17d1ad07a961;0;0;4b:ae:81:63:06:d3;1784652600.309041;1784652600.309041;0.0;259.40513610839844;1;37;-62.0;-56
648;e20a39f4-73f5-4bc4-a12f-17d1ad07a961;0;0;4b:ae:81:63:06:d3;1784652600.353438;1784652600.353438;0.0;44.39687728881836;1;38;-63.0;-56
649;e20a39f4-73f5-4bc4-a12f-17d1ad07a961;0;0;4b:ae:81:63:06:d3;1784652600.386678;1784652600.386678;0.0;33.24007987976074;1;39;-66.0;-56
650;e20a39f4-73f5-4bc4-a12f-17d1ad07a961;0;0;4b:ae:81:63:06:d3;1784652600.613222;1784652600.613222;0.0;226.54390335083008;1;38;-63.0;-56
651;e20a39f4-73f5-4bc4-a12f-17d1ad07a961;0;0;4b:ae:81:63:06:d3;1784652600.64279;1784652600.64279;0.0;29.568195343017578;1;39;-66.0;-56
652;e20a39f4-73f5-4bc4-a12f-17d1ad07a961;0;0;4b:ae:81:63:06:d3;1784652600.972803;1784652600.972803;0.0;330.0130367279053;1;39;-66.0;-56
653;e20a39f4-73f5-4bc4-a12f-17d1ad07a961;0;0;4b:ae:81:63:06:d3;1784652601.185577;1784652601.187631;2.053976058959961;212.77379989624023;2;37,38;-63.0;-56
654;e20a39f4-73f5-4bc4-a12f-17d1ad07a961;0;0;4b:ae:81:63:06:d3;1784652601.215781;1784652601.215781;0.0;30.204057693481445;1;39;-66.0;-56
655;e20a39f4-73f5-4bc4-a12f-17d1ad07a961;0;0;4b:ae:81:63:06:d3;1784652601.468303;1784652601.468303;0.0;252.52199172973633;1;38;-63.0;-56
656;e20a39f4-73f5-4bc4-a12f-17d1ad07a961;0;0;4b:ae:81:63:06:d3;1784652601.505041;1784652601.505041;0.0;36.737918853759766;1;39;-66.0;-56
657;e20a39f4-73f5-4bc4-a12f-17d1ad07a961;0;0;4b:ae:81:63:06:d3;1784652601.763145;1784652601.765641;2.496004104614258;258.1040859222412;2;38,39;-64.5;-56
658;e20a39f4-73f5-4bc4-a12f-17d1ad07a961;0;0;4b:ae:81:63:06:d3;1784652602.034348;1784652602.036738;2.3899078369140625;271.20304107666016;2;38,39;-64.5;-56
659;e20a39f4-73f5-4bc4-a12f-17d1ad07a961;0;0;4b:ae:81:63:06:d3;1784652602.330223;1784652602.331917;1.6939640045166016;295.87507247924805;2;38,39;-64.0;-56
660;e20a39f4-73f5-4bc4-a12f-17d1ad07a961;0;0;4b:ae:81:63:06:d3;1784652602.636685;1784652602.636685;0.0;306.4618110656738;1;38;-63.0;-56
661;e20a39f4-73f5-4bc4-a12f-17d1ad07a961;0;0;4b:ae:81:63:06:d3;1784652602.666441;1784652602.666441;0.0;29.75606918334961;1;39;-65.0;-56
662;e20a39f4-73f5-4bc4-a12f-17d1ad07a961;0;0;4b:ae:81:63:06:d3;1784652602.927933;1784652602.927933;0.0;261.4920139312744;1;39;-66.0;-56
663;e20a39f4-73f5-4bc4-a12f-17d1ad07a961;0;0;4b:ae:81:63:06:d3;1784652603.195709;1784652603.195709;0.0;267.7760124206543;1;38;-62.0;-56
664;e20a39f4-73f5-4bc4-a12f-17d1ad07a961;0;0;4b:ae:81:63:06:d3;1784652603.229001;1784652603.229001;0.0;33.29205513000488;1;39;-65.0;-56
