numero_evenement;timestamp_debut_s;timestamp_fin_s;temps_relatif_s;intervalle_evenements_ms;nombre_trames;canaux_recus;canaux_manquants;rssi_moyen_dbm;rssi_min_dbm;rssi_max_dbm;duree_moyenne_trame_us;duree_radio_totale_us;duree_evenement_ms;longueur_payload_moyenne;types_pdu;company_id;donnees_brutes;uuid_cible;major_cible;minor_cible
1;1784203014.370513916;1784203014.418657064;0.000000;;3;37,38,39;;-44.000;-44;-44;368.000;1104.000;48.143;36.000;0x00;0x004c;0215e20a39f473f54bc4a12f17d1ad07a96100000000c8;e20a39f4-73f5-4bc4-a12f-17d1ad07a961;0;0
2;1784203015.672955990;1784203015.673324108;1.302442;1302.442;1;39;37,38;-44.000;-44;-44;368.000;368.000;0.368;36.000;0x00;0x004c;0215e20a39f473f54bc4a12f17d1ad07a96100000000c8;e20a39f4-73f5-4bc4-a12f-17d1ad07a961;0;0
3;1784203016.952019930;1784203016.979507208;2.581506;1279.064;2;38,39;37;-44.000;-44;-44;368.000;736.000;27.487;36.000;0x00;0x004c;0215e20a39f473f54bc4a12f17d1ad07a96100000000c8;e20a39f4-73f5-4bc4-a12f-17d1ad07a961;0;0
4;1784203018.261080027;1784203018.305832148;3.890566;1309.060;3;37,38,39;;-44.000;-44;-44;368.000;1104.000;44.752;36.000;0x00;0x004c;0215e20a39f473f54bc4a12f17d1ad07a96100000000c8;e20a39f4-73f5-4bc4-a12f-17d1ad07a961;0;0
5;1784203019.512315989;1784203019.512684107;5.141802;1251.236;1;39;37,38;-44.000;-44;-44;368.000;368.000;0.368;36.000;0x00;0x004c;0215e20a39f473f54bc4a12f17d1ad07a96100000000c8;e20a39f4-73f5-4bc4-a12f-17d1ad07a961;0;0
6;1784203020.803193092;1784203020.835667133;6.432679;1290.877;2;38,39;37;-44.000;-44;-44;368.000;736.000;32.474;36.000;0x00;0x004c;0215e20a39f473f54bc4a12f17d1ad07a96100000000c8;e20a39f4-73f5-4bc4-a12f-17d1ad07a961;0;0
7;1784203022.095551968;1784203022.147875071;7.725038;1292.359;3;37,38,39;;-44.000;-44;-44;368.000;1104.000;52.323;36.000;0x00;0x004c;0215e20a39f473f54bc4a12f17d1ad07a96100000000c8;e20a39f4-73f5-4bc4-a12f-17d1ad07a961;0;0
8;1784203023.402844906;1784203023.405610085;9.032331;1307.293;2;38,39;37;-44.000;-44;-44;368.000;736.000;2.765;36.000;0x00;0x004c;0215e20a39f473f54bc4a12f17d1ad07a96100000000c8;e20a39f4-73f5-4bc4-a12f-17d1ad07a961;0;0
9;1784203024.647006035;1784203024.669968128;10.276492;1244.161;2;38,39;37;-44.000;-44;-44;368.000;736.000;22.962;36.000;0x00;0x004c;0215e20a39f473f54bc4a12f17d1ad07a96100000000c8;e20a39f4-73f5-4bc4-a12f-17d1ad07a961;0;0
10;1784203025.907474041;1784203025.928565025;11.536960;1260.468;2;38,39;37;-44.000;-44;-44;368.000;736.000;21.091;36.000;0x00;0x004c;0215e20a39f473f54bc4a12f17d1ad07a96100000000c8;e20a39f4-73f5-4bc4-a12f-17d1ad07a961;0;0
11;1784203027.227000952;1784203027.259408236;12.856487;1319.527;2;38,39;37;-44.000;-44;-44;368.000;736.000;32.407;36.000;0x00;0x004c;0215e20a39f473f54bc4a12f17d1ad07a96100000000c8;e20a39f4-73f5-4bc4-a12f-17d1ad07a961;0;0
12;1784203028.474247932;1784203028.501549006;14.103734;1247.247;3;37,38,39;;-44.000;-44;-44;368.000;1104.000;27.301;36.000;0x00;0x004c;0215e20a39f473f54bc4a12f17d1ad07a96100000000c8;e20a39f4-73f5-4bc4-a12f-17d1ad07a961;0;0
13;1784203029.785130978;1784203029.833727121;15.414617;1310.883;3;37,38,39;;-44.000;-44;-44;368.000;1104.000;48.596;36.000;0x00;0x004c;0215e20a39f473f54bc4a12f17d1ad07a96100000000c8;e20a39f4-73f5-4bc4-a12f-17d1ad07a961;0;0
14;1784203031.060549974;1784203031.092930079;16.690036;1275.419;3;37,38,39;;-44.000;-44;-44;368.000;1104.000;32.380;36.000;0x00;0x004c;0215e20a39f473f54bc4a12f17d1ad07a96100000000c8;e20a39f4-73f5-4bc4-a12f-17d1ad07a961;0;0
15;1784203032.335232019;1784203032.367361069;17.964718;1274.682;2;38,39;37;-44.000;-44;-44;368.000;736.000;32.129;36.000;0x00;0x004c;0215e20a39f473f54bc4a12f17d1ad07a96100000000c8;e20a39f4-73f5-4bc4-a12f-17d1ad07a961;0;0
16;1784203033.617497921;1784203033.617866039;19.246984;1282.266;1;39;37,38;-44.000;-44;-44;368.000;368.000;0.368;36.000;0x00;0x004c;0215e20a39f473f54bc4a12f17d1ad07a96100000000c8;e20a39f4-73f5-4bc4-a12f-17d1ad07a961;0;0
17;1784203034.894886971;1784203034.923788071;20.524373;1277.389;2;38,39;37;-44.000;-44;-44;368.000;736.000;28.901;36.000;0x00;0x004c;0215e20a39f473f54bc4a12f17d1ad07a96100000000c8;e20a39f4-73f5-4bc4-a12f-17d1ad07a961;0;0
18;1784203036.185530901;1784203036.255253077;21.815017;1290.644;3;37,38,39;;-44.000;-44;-44;368.000;1104.000;69.722;36.000;0x00;0x004c;0215e20a39f473f54bc4a12f17d1ad07a96100000000c8;e20a39f4-73f5-4bc4-a12f-17d1ad07a961;0;0
19;1784203037.457921028;1784203037.518031120;23.087407;1272.390;3;37,38,39;;-44.000;-44;-44;368.000;1104.000;60.110;36.000;0x00;0x004c;0215e20a39f473f54bc4a12f17d1ad07a96100000000c8;e20a39f4-73f5-4bc4-a12f-17d1ad07a961;0;0
20;1784203038.727813005;1784203038.728181124;24.357299;1269.892;1;39;37,38;-44.000;-44;-44;368.000;368.000;0.368;36.000;0x00;0x004c;0215e20a39f473f54bc4a12f17d1ad07a96100000000c8;e20a39f4-73f5-4bc4-a12f-17d1ad07a961;0;0
21;1784203040.089895964;1784203040.133934021;25.719382;1362.083;3;37,38,39;;-44.000;-44;-44;368.000;1104.000;44.038;36.000;0x00;0x004c;0215e20a39f473f54bc4a12f17d1ad07a96100000000c8;e20a39f4-73f5-4bc4-a12f-17d1ad07a961;0;0
22;1784203041.343730927;1784203041.402291059;26.973217;1253.835;3;37,38,39;;-44.000;-44;-44;368.000;1104.000;58.560;36.000;0x00;0x004c;0215e20a39f473f54bc4a12f17d1ad07a96100000000c8;e20a39f4-73f5-4bc4-a12f-17d1ad07a961;0;0
23;1784203042.611612082;1784203042.643928051;28.241098;1267.881;2;38,39;37;-44.000;-44;-44;368.000;736.000;32.316;36.000;0x00;0x004c;0215e20a39f473f54bc4a12f17d1ad07a96100000000c8;e20a39f4-73f5-4bc4-a12f-17d1ad07a961;0;0
24;1784203043.901403904;1784203043.956312180;29.530890;1289.792;3;37,38,39;;-44.000;-44;-44;368.000;1104.000;54.908;36.000;0x00;0x004c;0215e20a39f473f54bc4a12f17d1ad07a96100000000c8;e20a39f4-73f5-4bc4-a12f-17d1ad07a961;0;0
25;1784203045.147314072;1784203045.217922211;30.776800;1245.910;3;37,38,39;;-44.000;-44;-44;368.000;1104.000;70.608;36.000;0x00;0x004c;0215e20a39f473f54bc4a12f17d1ad07a96100000000c8;e20a39f4-73f5-4bc4-a12f-17d1ad07a961;0;0
26;1784203046.450232029;1784203046.518787146;32.079718;1302.918;3;37,38,39;;-44.000;-44;-44;368.000;1104.000;68.555;36.000;0x00;0x004c;0215e20a39f473f54bc4a12f17d1ad07a96100000000c8;e20a39f4-73f5-4bc4-a12f-17d1ad07a961;0;0
27;1784203047.724766016;1784203047.725134134;33.354252;1274.534;1;39;37,38;-44.000;-44;-44;368.000;368.000;0.368;36.000;0x00;0x004c;0215e20a39f473f54bc4a12f17d1ad07a96100000000c8;e20a39f4-73f5-4bc4-a12f-17d1ad07a961;0;0
28;1784203049.003382921;1784203049.003751040;34.632869;1278.617;1;39;37,38;-44.000;-44;-44;368.000;368.000;0.368;36.000;0x00;0x004c;0215e20a39f473f54bc4a12f17d1ad07a96100000000c8;e20a39f4-73f5-4bc4-a12f-17d1ad07a961;0;0
29;1784203050.279767990;1784203050.301845074;35.909254;1276.385;2;38,39;37;-44.000;-44;-44;368.000;736.000;22.077;36.000;0x00;0x004c;0215e20a39f473f54bc4a12f17d1ad07a96100000000c8;e20a39f4-73f5-4bc4-a12f-17d1ad07a961;0;0
30;1784203051.588737965;1784203051.589990139;37.218224;1308.970;2;38,39;37;-44.000;-44;-44;368.000;736.000;1.252;36.000;0x00;0x004c;0215e20a39f473f54bc4a12f17d1ad07a96100000000c8;e20a39f4-73f5-4bc4-a12f-17d1ad07a961;0;0
31;1784203052.873661995;1784203052.874030113;38.503148;1284.924;1;39;37,38;-44.000;-44;-44;368.000;368.000;0.368;36.000;0x00;0x004c;0215e20a39f473f54bc4a12f17d1ad07a96100000000c8;e20a39f4-73f5-4bc4-a12f-17d1ad07a961;0;0
32;1784203054.161881924;1784203054.216009140;39.791368;1288.220;3;37,38,39;;-44.000;-44;-44;368.000;1104.000;54.127;36.000;0x00;0x004c;0215e20a39f473f54bc4a12f17d1ad07a96100000000c8;e20a39f4-73f5-4bc4-a12f-17d1ad07a961;0;0
33;1784203055.433564901;1784203055.471411228;41.063051;1271.683;2;38,39;37;-44.000;-44;-44;368.000;736.000;37.846;36.000;0x00;0x004c;0215e20a39f473f54bc4a12f17d1ad07a96100000000c8;e20a39f4-73f5-4bc4-a12f-17d1ad07a961;0;0
34;1784203056.710083008;1784203056.710451126;42.339569;1276.518;1;39;37,38;-44.000;-44;-44;368.000;368.000;0.368;36.000;0x00;0x004c;0215e20a39f473f54bc4a12f17d1ad07a96100000000c8;e20a39f4-73f5-4bc4-a12f-17d1ad07a961;0;0
35;1784203058.001744032;1784203058.011236191;43.631230;1291.661;2;38,39;37;-44.000;-44;-44;368.000;736.000;9.492;36.000;0x00;0x004c;0215e20a39f473f54bc4a12f17d1ad07a96100000000c8;e20a39f4-73f5-4bc4-a12f-17d1ad07a961;0;0
36;1784203059.293081999;1784203059.341454029;44.922568;1291.338;3;37,38,39;;-44.000;-44;-44;368.000;1104.000;48.372;36.000;0x00;0x004c;0215e20a39f473f54bc4a12f17d1ad07a96100000000c8;e20a39f4-73f5-4bc4-a12f-17d1ad07a961;0;0
37;1784203060.529696941;1784203060.530065060;46.159183;1236.615;1;39;37,38;-44.000;-44;-44;368.000;368.000;0.368;36.000;0x00;0x004c;0215e20a39f473f54bc4a12f17d1ad07a96100000000c8;e20a39f4-73f5-4bc4-a12f-17d1ad07a961;0;0
38;1784203061.838932991;1784203061.839301109;47.468419;1309.236;1;39;37,38;-44.000;-44;-44;368.000;368.000;0.368;36.000;0x00;0x004c;0215e20a39f473f54bc4a12f17d1ad07a96100000000c8;e20a39f4-73f5-4bc4-a12f-17d1ad07a961;0;0
39;1784203063.087587118;1784203063.113860130;48.717073;1248.654;2;38,39;37;-44.000;-44;-44;368.000;736.000;26.273;36.000;0x00;0x004c;0215e20a39f473f54bc4a12f17d1ad07a96100000000c8;e20a39f4-73f5-4bc4-a12f-17d1ad07a961;0;0
40;1784203064.390589952;1784203064.417522192;50.020076;1303.003;2;38,39;37;-44.000;-44;-44;368.000;736.000;26.932;36.000;0x00;0x004c;0215e20a39f473f54bc4a12f17d1ad07a96100000000c8;e20a39f4-73f5-4bc4-a12f-17d1ad07a961;0;0
41;1784203065.682631016;1784203065.682999134;51.312117;1292.041;1;39;37,38;-44.000;-44;-44;368.000;368.000;0.368;36.000;0x00;0x004c;0215e20a39f473f54bc4a12f17d1ad07a96100000000c8;e20a39f4-73f5-4bc4-a12f-17d1ad07a961;0;0
42;1784203068.255477905;1784203068.284910202;53.884964;2572.847;2;38,39;37;-44.000;-44;-44;368.000;736.000;29.432;36.000;0x00;0x004c;0215e20a39f473f54bc4a12f17d1ad07a96100000000c8;e20a39f4-73f5-4bc4-a12f-17d1ad07a961;0;0
43;1784203069.498972893;1784203069.521496058;55.128459;1243.495;2;38,39;37;-44.000;-44;-44;368.000;736.000;22.523;36.000;0x00;0x004c;0215e20a39f473f54bc4a12f17d1ad07a96100000000c8;e20a39f4-73f5-4bc4-a12f-17d1ad07a961;0;0
44;1784203070.816806078;1784203070.833615065;56.446292;1317.833;2;38,39;37;-44.000;-44;-44;368.000;736.000;16.809;36.000;0x00;0x004c;0215e20a39f473f54bc4a12f17d1ad07a96100000000c8;e20a39f4-73f5-4bc4-a12f-17d1ad07a961;0;0
45;1784203072.076124907;1784203072.076493025;57.705611;1259.319;1;39;37,38;-44.000;-44;-44;368.000;368.000;0.368;36.000;0x00;0x004c;0215e20a39f473f54bc4a12f17d1ad07a96100000000c8;e20a39f4-73f5-4bc4-a12f-17d1ad07a961;0;0
46;1784203073.339193106;1784203073.339561224;58.968679;1263.068;1;39;37,38;-44.000;-44;-44;368.000;368.000;0.368;36.000;0x00;0x004c;0215e20a39f473f54bc4a12f17d1ad07a96100000000c8;e20a39f4-73f5-4bc4-a12f-17d1ad07a961;0;0
47;1784203074.730607986;1784203074.731822014;60.360094;1391.415;2;38,39;37;-44.000;-44;-44;368.000;736.000;1.214;36.000;0x00;0x004c;0215e20a39f473f54bc4a12f17d1ad07a96100000000c8;e20a39f4-73f5-4bc4-a12f-17d1ad07a961;0;0
48;1784203075.906972885;1784203075.934302092;61.536459;1176.365;2;38,39;37;-44.000;-44;-44;368.000;736.000;27.329;36.000;0x00;0x004c;0215e20a39f473f54bc4a12f17d1ad07a96100000000c8;e20a39f4-73f5-4bc4-a12f-17d1ad07a961;0;0
49;1784203077.253309965;1784203077.253678083;62.882796;1346.337;1;39;37,38;-44.000;-44;-44;368.000;368.000;0.368;36.000;0x00;0x004c;0215e20a39f473f54bc4a12f17d1ad07a96100000000c8;e20a39f4-73f5-4bc4-a12f-17d1ad07a961;0;0
50;1784203078.489991903;1784203078.490360022;64.119478;1236.682;1;39;37,38;-44.000;-44;-44;368.000;368.000;0.368;36.000;0x00;0x004c;0215e20a39f473f54bc4a12f17d1ad07a96100000000c8;e20a39f4-73f5-4bc4-a12f-17d1ad07a961;0;0
51;1784203079.845022917;1784203079.894132137;65.474509;1355.031;3;37,38,39;;-44.000;-44;-44;368.000;1104.000;49.109;36.000;0x00;0x004c;0215e20a39f473f54bc4a12f17d1ad07a96100000000c8;e20a39f4-73f5-4bc4-a12f-17d1ad07a961;0;0
52;1784203081.043776989;1784203081.045547009;66.673263;1198.754;2;38,39;37;-44.000;-44;-44;368.000;736.000;1.770;36.000;0x00;0x004c;0215e20a39f473f54bc4a12f17d1ad07a96100000000c8;e20a39f4-73f5-4bc4-a12f-17d1ad07a961;0;0
53;1784203082.342998981;1784203082.343367100;67.972485;1299.222;1;39;37,38;-44.000;-44;-44;368.000;368.000;0.368;36.000;0x00;0x004c;0215e20a39f473f54bc4a12f17d1ad07a96100000000c8;e20a39f4-73f5-4bc4-a12f-17d1ad07a961;0;0
54;1784203083.623538017;1784203083.623906136;69.253024;1280.539;1;39;37,38;-44.000;-44;-44;368.000;368.000;0.368;36.000;0x00;0x004c;0215e20a39f473f54bc4a12f17d1ad07a96100000000c8;e20a39f4-73f5-4bc4-a12f-17d1ad07a961;0;0
55;1784203084.918354034;1784203084.950466156;70.547840;1294.816;2;38,39;37;-44.000;-44;-44;368.000;736.000;32.112;36.000;0x00;0x004c;0215e20a39f473f54bc4a12f17d1ad07a96100000000c8;e20a39f4-73f5-4bc4-a12f-17d1ad07a961;0;0
56;1784203086.169631004;1784203086.183260202;71.799117;1251.277;3;37,38,39;;-44.000;-44;-44;368.000;1104.000;13.629;36.000;0x00;0x004c;0215e20a39f473f54bc4a12f17d1ad07a96100000000c8;e20a39f4-73f5-4bc4-a12f-17d1ad07a961;0;0
57;1784203087.453156948;1784203087.459948063;73.082643;1283.526;2;38,39;37;-44.000;-44;-44;368.000;736.000;6.791;36.000;0x00;0x004c;0215e20a39f473f54bc4a12f17d1ad07a96100000000c8;e20a39f4-73f5-4bc4-a12f-17d1ad07a961;0;0
58;1784203088.747545004;1784203088.747913122;74.377031;1294.388;1;39;37,38;-44.000;-44;-44;368.000;368.000;0.368;36.000;0x00;0x004c;0215e20a39f473f54bc4a12f17d1ad07a96100000000c8;e20a39f4-73f5-4bc4-a12f-17d1ad07a961;0;0
59;1784203090.070727110;1784203090.109191179;75.700213;1323.182;3;37,38,39;;-44.000;-44;-44;368.000;1104.000;38.464;36.000;0x00;0x004c;0215e20a39f473f54bc4a12f17d1ad07a96100000000c8;e20a39f4-73f5-4bc4-a12f-17d1ad07a961;0;0
60;1784203091.296700001;1784203091.354228020;76.926186;1225.973;3;37,38,39;;-44.000;-44;-44;368.000;1104.000;57.528;36.000;0x00;0x004c;0215e20a39f473f54bc4a12f17d1ad07a96100000000c8;e20a39f4-73f5-4bc4-a12f-17d1ad07a961;0;0
61;1784203092.562884092;1784203092.563252211;78.192370;1266.184;1;39;37,38;-44.000;-44;-44;368.000;368.000;0.368;36.000;0x00;0x004c;0215e20a39f473f54bc4a12f17d1ad07a96100000000c8;e20a39f4-73f5-4bc4-a12f-17d1ad07a961;0;0
62;1784203093.873748064;1784203093.946717024;79.503234;1310.864;3;37,38,39;;-44.000;-44;-44;368.000;1104.000;72.969;36.000;0x00;0x004c;0215e20a39f473f54bc4a12f17d1ad07a96100000000c8;e20a39f4-73f5-4bc4-a12f-17d1ad07a961;0;0
63;1784203095.147175074;1784203095.147543192;80.776661;1273.427;1;39;37,38;-44.000;-44;-44;368.000;368.000;0.368;36.000;0x00;0x004c;0215e20a39f473f54bc4a12f17d1ad07a96100000000c8;e20a39f4-73f5-4bc4-a12f-17d1ad07a961;0;0
64;1784203096.527709961;1784203096.537156105;82.157196;1380.535;2;38,39;37;-44.000;-44;-44;368.000;736.000;9.446;36.000;0x00;0x004c;0215e20a39f473f54bc4a12f17d1ad07a96100000000c8;e20a39f4-73f5-4bc4-a12f-17d1ad07a961;0;0
65;1784203097.733891964;1784203097.805483103;83.363378;1206.182;3;37,38,39;;-44.000;-44;-44;368.000;1104.000;71.591;36.000;0x00;0x004c;0215e20a39f473f54bc4a12f17d1ad07a96100000000c8;e20a39f4-73f5-4bc4-a12f-17d1ad07a961;0;0
66;1784203098.984731913;1784203098.985100031;84.614218;1250.840;1;39;37,38;-44.000;-44;-44;368.000;368.000;0.368;36.000;0x00;0x004c;0215e20a39f473f54bc4a12f17d1ad07a96100000000c8;e20a39f4-73f5-4bc4-a12f-17d1ad07a961;0;0
67;1784203100.242428064;1784203100.258617163;85.871914;1257.696;2;38,39;37;-44.000;-44;-44;368.000;736.000;16.189;36.000;0x00;0x004c;0215e20a39f473f54bc4a12f17d1ad07a96100000000c8;e20a39f4-73f5-4bc4-a12f-17d1ad07a961;0;0
68;1784203101.557065010;1784203101.584244013;87.186551;1314.637;2;38,39;37;-44.000;-44;-44;368.000;736.000;27.179;36.000;0x00;0x004c;0215e20a39f473f54bc4a12f17d1ad07a96100000000c8;e20a39f4-73f5-4bc4-a12f-17d1ad07a961;0;0
69;1784203102.826690912;1784203102.848981142;88.456177;1269.626;2;38,39;37;-44.000;-44;-44;368.000;736.000;22.290;36.000;0x00;0x004c;0215e20a39f473f54bc4a12f17d1ad07a96100000000c8;e20a39f4-73f5-4bc4-a12f-17d1ad07a961;0;0
70;1784203104.173568010;1784203104.173936129;89.803054;1346.877;1;39;37,38;-44.000;-44;-44;368.000;368.000;0.368;36.000;0x00;0x004c;0215e20a39f473f54bc4a12f17d1ad07a96100000000c8;e20a39f4-73f5-4bc4-a12f-17d1ad07a961;0;0
71;1784203105.398730040;1784203105.399098158;91.028216;1225.162;1;39;37,38;-44.000;-44;-44;368.000;368.000;0.368;36.000;0x00;0x004c;0215e20a39f473f54bc4a12f17d1ad07a96100000000c8;e20a39f4-73f5-4bc4-a12f-17d1ad07a961;0;0
72;1784203106.702091932;1784203106.761480093;92.331578;1303.362;3;37,38,39;;-44.000;-44;-44;368.000;1104.000;59.388;36.000;0x00;0x004c;0215e20a39f473f54bc4a12f17d1ad07a96100000000c8;e20a39f4-73f5-4bc4-a12f-17d1ad07a961;0;0
73;1784203107.974354029;1784203107.991478205;93.603840;1272.262;2;38,39;37;-44.000;-44;-44;368.000;736.000;17.124;36.000;0x00;0x004c;0215e20a39f473f54bc4a12f17d1ad07a96100000000c8;e20a39f4-73f5-4bc4-a12f-17d1ad07a961;0;0
74;1784203109.231266022;1784203109.232484102;94.860752;1256.912;2;38,39;37;-44.000;-44;-44;368.000;736.000;1.218;36.000;0x00;0x004c;0215e20a39f473f54bc4a12f17d1ad07a96100000000c8;e20a39f4-73f5-4bc4-a12f-17d1ad07a961;0;0
75;1784203110.574996948;1784203110.608457088;96.204483;1343.731;3;37,38,39;;-44.000;-44;-44;368.000;1104.000;33.460;36.000;0x00;0x004c;0215e20a39f473f54bc4a12f17d1ad07a96100000000c8;e20a39f4-73f5-4bc4-a12f-17d1ad07a961;0;0
76;1784203111.800865889;1784203111.853715181;97.430352;1225.869;3;37,38,39;;-44.000;-44;-44;368.000;1104.000;52.849;36.000;0x00;0x004c;0215e20a39f473f54bc4a12f17d1ad07a96100000000c8;e20a39f4-73f5-4bc4-a12f-17d1ad07a961;0;0
77;1784203113.107300997;1784203113.172508001;98.736787;1306.435;3;37,38,39;;-44.000;-44;-44;368.000;1104.000;65.207;36.000;0x00;0x004c;0215e20a39f473f54bc4a12f17d1ad07a96100000000c8;e20a39f4-73f5-4bc4-a12f-17d1ad07a961;0;0
78;1784203114.563358068;1784203114.637904167;100.192844;1456.057;3;37,38,39;;-44.000;-44;-44;368.000;1104.000;74.546;36.000;0x00;0x004c;0215e20a39f473f54bc4a12f17d1ad07a96100000000c8;e20a39f4-73f5-4bc4-a12f-17d1ad07a961;0;0
79;1784203115.745131016;1784203115.768038034;101.374617;1181.773;2;38,39;37;-44.000;-44;-44;368.000;736.000;22.907;36.000;0x00;0x004c;0215e20a39f473f54bc4a12f17d1ad07a96100000000c8;e20a39f4-73f5-4bc4-a12f-17d1ad07a961;0;0
80;1784203116.931864023;1784203116.953966141;102.561350;1186.733;2;38,39;37;-44.000;-44;-44;368.000;736.000;22.102;36.000;0x00;0x004c;0215e20a39f473f54bc4a12f17d1ad07a96100000000c8;e20a39f4-73f5-4bc4-a12f-17d1ad07a961;0;0
81;1784203118.291912079;1784203118.292280197;103.921398;1360.048;1;39;37,38;-44.000;-44;-44;368.000;368.000;0.368;36.000;0x00;0x004c;0215e20a39f473f54bc4a12f17d1ad07a96100000000c8;e20a39f4-73f5-4bc4-a12f-17d1ad07a961;0;0
82;1784203119.526572943;1784203119.586735010;105.156059;1234.661;3;37,38,39;;-44.000;-44;-44;368.000;1104.000;60.162;36.000;0x00;0x004c;0215e20a39f473f54bc4a12f17d1ad07a96100000000c8;e20a39f4-73f5-4bc4-a12f-17d1ad07a961;0;0
83;1784203120.793296099;1784203120.852623224;106.422782;1266.723;3;37,38,39;;-44.000;-44;-44;368.000;1104.000;59.327;36.000;0x00;0x004c;0215e20a39f473f54bc4a12f17d1ad07a96100000000c8;e20a39f4-73f5-4bc4-a12f-17d1ad07a961;0;0
84;1784203122.077259064;1784203122.099546194;107.706745;1283.963;2;38,39;37;-44.000;-44;-44;368.000;736.000;22.287;36.000;0x00;0x004c;0215e20a39f473f54bc4a12f17d1ad07a96100000000c8;e20a39f4-73f5-4bc4-a12f-17d1ad07a961;0;0
85;1784203123.375475883;1784203123.448265076;109.004962;1298.217;3;37,38,39;;-44.000;-44;-44;368.000;1104.000;72.789;36.000;0x00;0x004c;0215e20a39f473f54bc4a12f17d1ad07a96100000000c8;e20a39f4-73f5-4bc4-a12f-17d1ad07a961;0;0
86;1784203124.644479036;1784203124.698216200;110.273965;1269.003;3;37,38,39;;-44.000;-44;-44;368.000;1104.000;53.737;36.000;0x00;0x004c;0215e20a39f473f54bc4a12f17d1ad07a96100000000c8;e20a39f4-73f5-4bc4-a12f-17d1ad07a961;0;0
87;1784203125.939251900;1784203125.961232185;111.568738;1294.773;2;38,39;37;-44.000;-44;-44;368.000;736.000;21.980;36.000;0x00;0x004c;0215e20a39f473f54bc4a12f17d1ad07a96100000000c8;e20a39f4-73f5-4bc4-a12f-17d1ad07a961;0;0
88;1784203127.233376026;1784203127.255596161;112.862862;1294.124;2;38,39;37;-44.000;-44;-44;368.000;736.000;22.220;36.000;0x00;0x004c;0215e20a39f473f54bc4a12f17d1ad07a96100000000c8;e20a39f4-73f5-4bc4-a12f-17d1ad07a961;0;0
89;1784203128.482724905;1784203128.483093023;114.112211;1249.349;1;39;37,38;-44.000;-44;-44;368.000;368.000;0.368;36.000;0x00;0x004c;0215e20a39f473f54bc4a12f17d1ad07a96100000000c8;e20a39f4-73f5-4bc4-a12f-17d1ad07a961;0;0
90;1784203129.777784109;1784203129.811904192;115.407270;1295.059;2;38,39;37;-44.000;-44;-44;368.000;736.000;34.120;36.000;0x00;0x004c;0215e20a39f473f54bc4a12f17d1ad07a96100000000c8;e20a39f4-73f5-4bc4-a12f-17d1ad07a961;0;0
91;1784203131.218849897;1784203131.238674164;116.848336;1441.066;2;38,39;37;-44.000;-44;-44;368.000;736.000;19.824;36.000;0x00;0x004c;0215e20a39f473f54bc4a12f17d1ad07a96100000000c8;e20a39f4-73f5-4bc4-a12f-17d1ad07a961;0;0
92;1784203132.350449085;1784203132.388007164;117.979935;1131.599;2;38,39;37;-44.000;-44;-44;368.000;736.000;37.558;36.000;0x00;0x004c;0215e20a39f473f54bc4a12f17d1ad07a96100000000c8;e20a39f4-73f5-4bc4-a12f-17d1ad07a961;0;0
93;1784203133.719746113;1784203133.741928101;119.349232;1369.297;2;38,39;37;-44.000;-44;-44;368.000;736.000;22.182;36.000;0x00;0x004c;0215e20a39f473f54bc4a12f17d1ad07a96100000000c8;e20a39f4-73f5-4bc4-a12f-17d1ad07a961;0;0
94;1784203134.885339975;1784203134.911214113;120.514826;1165.594;2;38,39;37;-44.000;-44;-44;368.000;736.000;25.874;36.000;0x00;0x004c;0215e20a39f473f54bc4a12f17d1ad07a96100000000c8;e20a39f4-73f5-4bc4-a12f-17d1ad07a961;0;0
95;1784203136.172008991;1784203136.172377110;121.801495;1286.669;1;39;37,38;-44.000;-44;-44;368.000;368.000;0.368;36.000;0x00;0x004c;0215e20a39f473f54bc4a12f17d1ad07a96100000000c8;e20a39f4-73f5-4bc4-a12f-17d1ad07a961;0;0
96;1784203137.478024006;1784203137.478392124;123.107510;1306.015;1;39;37,38;-44.000;-44;-44;368.000;368.000;0.368;36.000;0x00;0x004c;0215e20a39f473f54bc4a12f17d1ad07a96100000000c8;e20a39f4-73f5-4bc4-a12f-17d1ad07a961;0;0
97;1784203138.762618065;1784203138.795432091;124.392104;1284.594;2;38,39;37;-44.000;-44;-44;368.000;736.000;32.814;36.000;0x00;0x004c;0215e20a39f473f54bc4a12f17d1ad07a96100000000c8;e20a39f4-73f5-4bc4-a12f-17d1ad07a961;0;0
98;1784203140.013511896;1784203140.015993118;125.642998;1250.894;2;38,39;37;-44.000;-44;-44;368.000;736.000;2.481;36.000;0x00;0x004c;0215e20a39f473f54bc4a12f17d1ad07a96100000000c8;e20a39f4-73f5-4bc4-a12f-17d1ad07a961;0;0
99;1784203141.327049017;1784203141.381141186;126.956535;1313.537;3;37,38,39;;-44.000;-44;-44;368.000;1104.000;54.092;36.000;0x00;0x004c;0215e20a39f473f54bc4a12f17d1ad07a96100000000c8;e20a39f4-73f5-4bc4-a12f-17d1ad07a961;0;0
100;1784203142.869153023;1784203142.896977186;128.498639;1542.104;2;38,39;37;-44.000;-44;-44;368.000;736.000;27.824;36.000;0x00;0x004c;0215e20a39f473f54bc4a12f17d1ad07a96100000000c8;e20a39f4-73f5-4bc4-a12f-17d1ad07a961;0;0
101;1784203143.880136967;1784203143.887424231;129.509623;1010.984;2;38,39;37;-44.000;-44;-44;368.000;736.000;7.287;36.000;0x00;0x004c;0215e20a39f473f54bc4a12f17d1ad07a96100000000c8;e20a39f4-73f5-4bc4-a12f-17d1ad07a961;0;0
102;1784203145.164875031;1784203145.209252119;130.794361;1284.738;3;37,38,39;;-44.000;-44;-44;368.000;1104.000;44.377;36.000;0x00;0x004c;0215e20a39f473f54bc4a12f17d1ad07a96100000000c8;e20a39f4-73f5-4bc4-a12f-17d1ad07a961;0;0
103;1784203146.419536114;1784203146.436421156;132.049022;1254.661;2;38,39;37;-44.000;-44;-44;368.000;736.000;16.885;36.000;0x00;0x004c;0215e20a39f473f54bc4a12f17d1ad07a96100000000c8;e20a39f4-73f5-4bc4-a12f-17d1ad07a961;0;0
104;1784203147.735224962;1784203147.767912149;133.364711;1315.689;2;38,39;37;-44.000;-44;-44;368.000;736.000;32.687;36.000;0x00;0x004c;0215e20a39f473f54bc4a12f17d1ad07a96100000000c8;e20a39f4-73f5-4bc4-a12f-17d1ad07a961;0;0
105;1784203149.024966955;1784203149.031546116;134.654453;1289.742;2;38,39;37;-44.000;-44;-44;368.000;736.000;6.579;36.000;0x00;0x004c;0215e20a39f473f54bc4a12f17d1ad07a96100000000c8;e20a39f4-73f5-4bc4-a12f-17d1ad07a961;0;0
106;1784203150.284430981;1784203150.306417227;135.913917;1259.464;2;38,39;37;-44.000;-44;-44;368.000;736.000;21.986;36.000;0x00;0x004c;0215e20a39f473f54bc4a12f17d1ad07a96100000000c8;e20a39f4-73f5-4bc4-a12f-17d1ad07a961;0;0
107;1784203151.553014040;1784203151.553382158;137.182500;1268.583;1;39;37,38;-44.000;-44;-44;368.000;368.000;0.368;36.000;0x00;0x004c;0215e20a39f473f54bc4a12f17d1ad07a96100000000c8;e20a39f4-73f5-4bc4-a12f-17d1ad07a961;0;0
108;1784203152.898541927;1784203152.972664118;138.528028;1345.528;3;37,38,39;;-44.000;-44;-44;368.000;1104.000;74.122;36.000;0x00;0x004c;0215e20a39f473f54bc4a12f17d1ad07a96100000000c8;e20a39f4-73f5-4bc4-a12f-17d1ad07a961;0;0
109;1784203154.187701941;1784203154.188070059;139.817188;1289.160;1;39;37,38;-44.000;-44;-44;368.000;368.000;0.368;36.000;0x00;0x004c;0215e20a39f473f54bc4a12f17d1ad07a96100000000c8;e20a39f4-73f5-4bc4-a12f-17d1ad07a961;0;0
110;1784203155.422883034;1784203155.423251152;141.052369;1235.181;1;39;37,38;-44.000;-44;-44;368.000;368.000;0.368;36.000;0x00;0x004c;0215e20a39f473f54bc4a12f17d1ad07a96100000000c8;e20a39f4-73f5-4bc4-a12f-17d1ad07a961;0;0
111;1784203156.718329906;1784203156.751651049;142.347816;1295.447;3;37,38,39;;-44.000;-44;-44;368.000;1104.000;33.321;36.000;0x00;0x004c;0215e20a39f473f54bc4a12f17d1ad07a96100000000c8;e20a39f4-73f5-4bc4-a12f-17d1ad07a961;0;0
112;1784203157.955034018;1784203157.955402136;143.584520;1236.704;1;39;37,38;-44.000;-44;-44;368.000;368.000;0.368;36.000;0x00;0x004c;0215e20a39f473f54bc4a12f17d1ad07a96100000000c8;e20a39f4-73f5-4bc4-a12f-17d1ad07a961;0;0
113;1784203159.225990057;1784203159.243857145;144.855476;1270.956;2;38,39;37;-44.000;-44;-44;368.000;736.000;17.867;36.000;0x00;0x004c;0215e20a39f473f54bc4a12f17d1ad07a96100000000c8;e20a39f4-73f5-4bc4-a12f-17d1ad07a961;0;0
114;1784203160.549288034;1784203160.586785078;146.178774;1323.298;2;38,39;37;-44.000;-44;-44;368.000;736.000;37.497;36.000;0x00;0x004c;0215e20a39f473f54bc4a12f17d1ad07a96100000000c8;e20a39f4-73f5-4bc4-a12f-17d1ad07a961;0;0
115;1784203161.804213047;1784203161.831255198;147.433699;1254.925;2;38,39;37;-44.000;-44;-44;368.000;736.000;27.042;36.000;0x00;0x004c;0215e20a39f473f54bc4a12f17d1ad07a96100000000c8;e20a39f4-73f5-4bc4-a12f-17d1ad07a961;0;0
116;1784203163.093764067;1784203163.095204115;148.723250;1289.551;2;38,39;37;-44.000;-44;-44;368.000;736.000;1.440;36.000;0x00;0x004c;0215e20a39f473f54bc4a12f17d1ad07a96100000000c8;e20a39f4-73f5-4bc4-a12f-17d1ad07a961;0;0
117;1784203164.351102114;1784203164.351470232;149.980588;1257.338;1;39;37,38;-44.000;-44;-44;368.000;368.000;0.368;36.000;0x00;0x004c;0215e20a39f473f54bc4a12f17d1ad07a96100000000c8;e20a39f4-73f5-4bc4-a12f-17d1ad07a961;0;0
118;1784203165.648987055;1784203165.702101231;151.278473;1297.885;3;37,38,39;;-44.000;-44;-44;368.000;1104.000;53.114;36.000;0x00;0x004c;0215e20a39f473f54bc4a12f17d1ad07a96100000000c8;e20a39f4-73f5-4bc4-a12f-17d1ad07a961;0;0
119;1784203166.994230986;1784203167.032640219;152.623717;1345.244;3;37,38,39;;-44.000;-44;-44;368.000;1104.000;38.409;36.000;0x00;0x004c;0215e20a39f473f54bc4a12f17d1ad07a96100000000c8;e20a39f4-73f5-4bc4-a12f-17d1ad07a961;0;0
120;1784203168.286401987;1784203168.286770105;153.915888;1292.171;1;39;37,38;-44.000;-44;-44;368.000;368.000;0.368;36.000;0x00;0x004c;0215e20a39f473f54bc4a12f17d1ad07a96100000000c8;e20a39f4-73f5-4bc4-a12f-17d1ad07a961;0;0
121;1784203169.550694942;1784203169.585680008;155.180181;1264.293;2;38,39;37;-44.000;-44;-44;368.000;736.000;34.985;36.000;0x00;0x004c;0215e20a39f473f54bc4a12f17d1ad07a96100000000c8;e20a39f4-73f5-4bc4-a12f-17d1ad07a961;0;0
122;1784203170.817718983;1784203170.866755009;156.447205;1267.024;3;37,38,39;;-44.000;-44;-44;368.000;1104.000;49.036;36.000;0x00;0x004c;0215e20a39f473f54bc4a12f17d1ad07a96100000000c8;e20a39f4-73f5-4bc4-a12f-17d1ad07a961;0;0
123;1784203172.081437111;1784203172.110725164;157.710923;1263.718;3;37,38,39;;-44.000;-44;-44;368.000;1104.000;29.288;36.000;0x00;0x004c;0215e20a39f473f54bc4a12f17d1ad07a96100000000c8;e20a39f4-73f5-4bc4-a12f-17d1ad07a961;0;0
124;1784203173.331821918;1784203173.353669167;158.961308;1250.385;2;38,39;37;-44.000;-44;-44;368.000;736.000;21.847;36.000;0x00;0x004c;0215e20a39f473f54bc4a12f17d1ad07a96100000000c8;e20a39f4-73f5-4bc4-a12f-17d1ad07a961;0;0
125;1784203174.736160994;1784203174.759750128;160.365647;1404.339;2;38,39;37;-44.000;-44;-44;368.000;736.000;23.589;36.000;0x00;0x004c;0215e20a39f473f54bc4a12f17d1ad07a96100000000c8;e20a39f4-73f5-4bc4-a12f-17d1ad07a961;0;0
126;1784203176.075325012;1784203176.084996223;161.704811;1339.164;3;37,38,39;;-44.000;-44;-44;368.000;1104.000;9.671;36.000;0x00;0x004c;0215e20a39f473f54bc4a12f17d1ad07a96100000000c8;e20a39f4-73f5-4bc4-a12f-17d1ad07a961;0;0
127;1784203177.195228100;1784203177.196860075;162.824714;1119.903;2;38,39;37;-44.000;-44;-44;368.000;736.000;1.632;36.000;0x00;0x004c;0215e20a39f473f54bc4a12f17d1ad07a96100000000c8;e20a39f4-73f5-4bc4-a12f-17d1ad07a961;0;0
128;1784203178.514986038;1784203178.550056219;164.144472;1319.758;3;37,38,39;;-44.000;-44;-44;368.000;1104.000;35.070;36.000;0x00;0x004c;0215e20a39f473f54bc4a12f17d1ad07a96100000000c8;e20a39f4-73f5-4bc4-a12f-17d1ad07a961;0;0
129;1784203179.755284071;1784203179.788134098;165.384770;1240.298;2;38,39;37;-44.000;-44;-44;368.000;736.000;32.850;36.000;0x00;0x004c;0215e20a39f473f54bc4a12f17d1ad07a96100000000c8;e20a39f4-73f5-4bc4-a12f-17d1ad07a961;0;0
130;1784203181.060983896;1784203181.083135128;166.690470;1305.700;2;38,39;37;-44.000;-44;-44;368.000;736.000;22.151;36.000;0x00;0x004c;0215e20a39f473f54bc4a12f17d1ad07a96100000000c8;e20a39f4-73f5-4bc4-a12f-17d1ad07a961;0;0
131;1784203182.367552996;1784203182.395703077;167.997039;1306.569;2;38,39;37;-44.000;-44;-44;368.000;736.000;28.150;36.000;0x00;0x004c;0215e20a39f473f54bc4a12f17d1ad07a96100000000c8;e20a39f4-73f5-4bc4-a12f-17d1ad07a961;0;0
132;1784203183.572556973;1784203183.591974020;169.202043;1205.004;3;37,38,39;;-44.000;-44;-44;368.000;1104.000;19.417;36.000;0x00;0x004c;0215e20a39f473f54bc4a12f17d1ad07a96100000000c8;e20a39f4-73f5-4bc4-a12f-17d1ad07a961;0;0
133;1784203184.966198921;1784203185.036491156;170.595685;1393.642;3;37,38,39;;-44.000;-44;-44;368.000;1104.000;70.292;36.000;0x00;0x004c;0215e20a39f473f54bc4a12f17d1ad07a96100000000c8;e20a39f4-73f5-4bc4-a12f-17d1ad07a961;0;0
134;1784203186.271440029;1784203186.332522154;171.900926;1305.241;2;37,38;39;-44.000;-44;-44;368.000;736.000;61.082;36.000;0x00;0x004c;0215e20a39f473f54bc4a12f17d1ad07a96100000000c8;e20a39f4-73f5-4bc4-a12f-17d1ad07a961;0;0
135;1784203186.375377893;1784203186.375746012;172.004864;103.938;1;39;37,38;-44.000;-44;-44;368.000;368.000;0.368;36.000;0x00;0x004c;0215e20a39f473f54bc4a12f17d1ad07a96100000000c8;e20a39f4-73f5-4bc4-a12f-17d1ad07a961;0;0
136;1784203187.427483082;1784203187.427851200;173.056969;1052.105;1;39;37,38;-44.000;-44;-44;368.000;368.000;0.368;36.000;0x00;0x004c;0215e20a39f473f54bc4a12f17d1ad07a96100000000c8;e20a39f4-73f5-4bc4-a12f-17d1ad07a961;0;0
137;1784203188.716598034;1784203188.716966152;174.346084;1289.115;1;39;37,38;-44.000;-44;-44;368.000;368.000;0.368;36.000;0x00;0x004c;0215e20a39f473f54bc4a12f17d1ad07a96100000000c8;e20a39f4-73f5-4bc4-a12f-17d1ad07a961;0;0
138;1784203189.996124983;1784203189.996493101;175.625611;1279.527;1;39;37,38;-44.000;-44;-44;368.000;368.000;0.368;36.000;0x00;0x004c;0215e20a39f473f54bc4a12f17d1ad07a96100000000c8;e20a39f4-73f5-4bc4-a12f-17d1ad07a961;0;0
139;1784203191.351593971;1784203191.351962090;176.981080;1355.469;1;39;37,38;-44.000;-44;-44;368.000;368.000;0.368;36.000;0x00;0x004c;0215e20a39f473f54bc4a12f17d1ad07a96100000000c8;e20a39f4-73f5-4bc4-a12f-17d1ad07a961;0;0
140;1784203192.563929081;1784203192.614445210;178.193415;1212.335;3;37,38,39;;-44.000;-44;-44;368.000;1104.000;50.516;36.000;0x00;0x004c;0215e20a39f473f54bc4a12f17d1ad07a96100000000c8;e20a39f4-73f5-4bc4-a12f-17d1ad07a961;0;0
141;1784203193.866719007;1784203193.899741173;179.496205;1302.790;2;38,39;37;-44.000;-44;-44;368.000;736.000;33.022;36.000;0x00;0x004c;0215e20a39f473f54bc4a12f17d1ad07a96100000000c8;e20a39f4-73f5-4bc4-a12f-17d1ad07a961;0;0
142;1784203195.189152002;1784203195.221546173;180.818638;1322.433;2;38,39;37;-44.000;-44;-44;368.000;736.000;32.394;36.000;0x00;0x004c;0215e20a39f473f54bc4a12f17d1ad07a96100000000c8;e20a39f4-73f5-4bc4-a12f-17d1ad07a961;0;0
143;1784203196.451548100;1784203196.507560015;182.081034;1262.396;3;37,38,39;;-44.000;-44;-44;368.000;1104.000;56.012;36.000;0x00;0x004c;0215e20a39f473f54bc4a12f17d1ad07a96100000000c8;e20a39f4-73f5-4bc4-a12f-17d1ad07a961;0;0
144;1784203197.680833101;1784203197.713347197;183.310319;1229.285;2;38,39;37;-44.000;-44;-44;368.000;736.000;32.514;36.000;0x00;0x004c;0215e20a39f473f54bc4a12f17d1ad07a96100000000c8;e20a39f4-73f5-4bc4-a12f-17d1ad07a961;0;0
145;1784203198.940373898;1784203199.004347086;184.569860;1259.541;3;37,38,39;;-44.000;-44;-44;368.000;1104.000;63.973;36.000;0x00;0x004c;0215e20a39f473f54bc4a12f17d1ad07a96100000000c8;e20a39f4-73f5-4bc4-a12f-17d1ad07a961;0;0
146;1784203200.253748894;1784203200.299738169;185.883235;1313.375;2;38,39;37;-44.000;-44;-44;368.000;736.000;45.989;36.000;0x00;0x004c;0215e20a39f473f54bc4a12f17d1ad07a96100000000c8;e20a39f4-73f5-4bc4-a12f-17d1ad07a961;0;0
147;1784203201.539182901;1784203201.571326017;187.168669;1285.434;2;38,39;37;-44.000;-44;-44;368.000;736.000;32.143;36.000;0x00;0x004c;0215e20a39f473f54bc4a12f17d1ad07a96100000000c8;e20a39f4-73f5-4bc4-a12f-17d1ad07a961;0;0
148;1784203202.815429926;1784203202.865107059;188.444916;1276.247;2;38,39;37;-44.000;-44;-44;368.000;736.000;49.677;36.000;0x00;0x004c;0215e20a39f473f54bc4a12f17d1ad07a96100000000c8;e20a39f4-73f5-4bc4-a12f-17d1ad07a961;0;0
149;1784203204.064457893;1784203204.065877199;189.693944;1249.028;2;38,39;37;-44.000;-44;-44;368.000;736.000;1.419;36.000;0x00;0x004c;0215e20a39f473f54bc4a12f17d1ad07a96100000000c8;e20a39f4-73f5-4bc4-a12f-17d1ad07a961;0;0
150;1784203205.384665966;1784203205.449135065;191.014152;1320.208;3;37,38,39;;-44.000;-44;-44;368.000;1104.000;64.469;36.000;0x00;0x004c;0215e20a39f473f54bc4a12f17d1ad07a96100000000c8;e20a39f4-73f5-4bc4-a12f-17d1ad07a961;0;0
151;1784203206.653794050;1784203206.668919086;192.283280;1269.128;2;38,39;37;-44.000;-44;-44;368.000;736.000;15.125;36.000;0x00;0x004c;0215e20a39f473f54bc4a12f17d1ad07a96100000000c8;e20a39f4-73f5-4bc4-a12f-17d1ad07a961;0;0
152;1784203207.927854061;1784203207.965120077;193.557340;1274.060;2;38,39;37;-44.000;-44;-44;368.000;736.000;37.266;36.000;0x00;0x004c;0215e20a39f473f54bc4a12f17d1ad07a96100000000c8;e20a39f4-73f5-4bc4-a12f-17d1ad07a961;0;0
153;1784203209.195209026;1784203209.196739197;194.824695;1267.355;2;38,39;37;-44.000;-44;-44;368.000;736.000;1.530;36.000;0x00;0x004c;0215e20a39f473f54bc4a12f17d1ad07a96100000000c8;e20a39f4-73f5-4bc4-a12f-17d1ad07a961;0;0
154;1784203210.595576048;1784203210.628941059;196.225062;1400.367;3;37,38,39;;-44.000;-44;-44;368.000;1104.000;33.365;36.000;0x00;0x004c;0215e20a39f473f54bc4a12f17d1ad07a96100000000c8;e20a39f4-73f5-4bc4-a12f-17d1ad07a961;0;0
155;1784203211.892245054;1784203211.927185059;197.521731;1296.669;3;37,38,39;;-44.000;-44;-44;368.000;1104.000;34.940;36.000;0x00;0x004c;0215e20a39f473f54bc4a12f17d1ad07a96100000000c8;e20a39f4-73f5-4bc4-a12f-17d1ad07a961;0;0
156;1784203213.423166037;1784203213.493712187;199.052652;1530.921;3;37,38,39;;-44.000;-44;-44;368.000;1104.000;70.546;36.000;0x00;0x004c;0215e20a39f473f54bc4a12f17d1ad07a96100000000c8;e20a39f4-73f5-4bc4-a12f-17d1ad07a961;0;0
157;1784203214.796173096;1784203214.860422134;200.425659;1373.007;3;37,38,39;;-44.000;-44;-44;368.000;1104.000;64.249;36.000;0x00;0x004c;0215e20a39f473f54bc4a12f17d1ad07a96100000000c8;e20a39f4-73f5-4bc4-a12f-17d1ad07a961;0;0
158;1784203216.483038902;1784203216.547269106;202.112525;1686.866;3;37,38,39;;-44.000;-44;-44;368.000;1104.000;64.230;36.000;0x00;0x004c;0215e20a39f473f54bc4a12f17d1ad07a96100000000c8;e20a39f4-73f5-4bc4-a12f-17d1ad07a961;0;0
159;1784203217.899441004;1784203217.954420090;203.528927;1416.402;3;37,38,39;;-44.000;-44;-44;368.000;1104.000;54.979;36.000;0x00;0x004c;0215e20a39f473f54bc4a12f17d1ad07a96100000000c8;e20a39f4-73f5-4bc4-a12f-17d1ad07a961;0;0
160;1784203219.057976007;1784203219.138251066;204.687462;1158.535;3;37,38,39;;-44.000;-44;-44;368.000;1104.000;80.275;36.000;0x00;0x004c;0215e20a39f473f54bc4a12f17d1ad07a96100000000c8;e20a39f4-73f5-4bc4-a12f-17d1ad07a961;0;0
161;1784203220.708075047;1784203220.767147064;206.337561;1650.099;3;37,38,39;;-44.000;-44;-44;368.000;1104.000;59.072;36.000;0x00;0x004c;0215e20a39f473f54bc4a12f17d1ad07a96100000000c8;e20a39f4-73f5-4bc4-a12f-17d1ad07a961;0;0
162;1784203223.101475000;1784203223.101843119;208.730961;2393.400;1;39;37,38;-44.000;-44;-44;368.000;368.000;0.368;36.000;0x00;;;e20a39f4-73f5-4bc4-a12f-17d1ad07a961;0;0
163;1784203224.353825092;1784203224.380821228;209.983311;1252.350;2;38,39;37;-44.000;-44;-44;368.000;736.000;26.996;36.000;0x00;0x004c;0215e20a39f473f54bc4a12f17d1ad07a96100000000c8;e20a39f4-73f5-4bc4-a12f-17d1ad07a961;0;0
164;1784203225.160932064;1784203225.168828011;210.790418;807.107;3;37,38,39;;-44.000;-44;-44;368.000;1104.000;7.896;36.000;0x00;0x004c;0215e20a39f473f54bc4a12f17d1ad07a96100000000c8;e20a39f4-73f5-4bc4-a12f-17d1ad07a961;0;0
165;1784203225.890661955;1784203225.896515131;211.520148;729.730;2;38,39;37;-44.000;-44;-44;368.000;736.000;5.853;36.000;0x00;0x004c;0215e20a39f473f54bc4a12f17d1ad07a96100000000c8;e20a39f4-73f5-4bc4-a12f-17d1ad07a961;0;0
166;1784203227.151479006;1784203227.153013229;212.780965;1260.817;2;38,39;37;-44.000;-44;-44;368.000;736.000;1.534;36.000;0x00;0x004c;0215e20a39f473f54bc4a12f17d1ad07a96100000000c8;e20a39f4-73f5-4bc4-a12f-17d1ad07a961;0;0
167;1784203228.415043116;1784203228.426499128;214.044529;1263.564;2;38,39;37;-44.000;-44;-44;368.000;736.000;11.456;36.000;0x00;0x004c;0215e20a39f473f54bc4a12f17d1ad07a96100000000c8;e20a39f4-73f5-4bc4-a12f-17d1ad07a961;0;0
168;1784203229.743448019;1784203229.745018005;215.372934;1328.405;2;38,39;37;-44.000;-44;-44;368.000;736.000;1.570;36.000;0x00;0x004c;0215e20a39f473f54bc4a12f17d1ad07a96100000000c8;e20a39f4-73f5-4bc4-a12f-17d1ad07a961;0;0
169;1784203230.991775036;1784203231.003351212;216.621261;1248.327;2;38,39;37;-44.000;-44;-44;368.000;736.000;11.576;36.000;0x00;0x004c;0215e20a39f473f54bc4a12f17d1ad07a96100000000c8;e20a39f4-73f5-4bc4-a12f-17d1ad07a961;0;0
170;1784203232.269290924;1784203232.270812035;217.898777;1277.516;2;38,39;37;-44.000;-44;-44;368.000;736.000;1.521;36.000;0x00;0x004c;0215e20a39f473f54bc4a12f17d1ad07a96100000000c8;e20a39f4-73f5-4bc4-a12f-17d1ad07a961;0;0
171;1784203233.586437941;1784203233.623042107;219.215924;1317.147;2;38,39;37;-44.000;-44;-44;368.000;736.000;36.604;36.000;0x00;0x004c;0215e20a39f473f54bc4a12f17d1ad07a96100000000c8;e20a39f4-73f5-4bc4-a12f-17d1ad07a961;0;0
172;1784203234.852782011;1784203234.862528086;220.482268;1266.344;2;38,39;37;-44.000;-44;-44;368.000;736.000;9.746;36.000;0x00;0x004c;0215e20a39f473f54bc4a12f17d1ad07a96100000000c8;e20a39f4-73f5-4bc4-a12f-17d1ad07a961;0;0
173;1784203236.123613119;1784203236.133230209;221.753099;1270.831;2;38,39;37;-44.000;-44;-44;368.000;736.000;9.617;36.000;0x00;0x004c;0215e20a39f473f54bc4a12f17d1ad07a96100000000c8;e20a39f4-73f5-4bc4-a12f-17d1ad07a961;0;0
174;1784203237.403660059;1784203237.406556129;223.033146;1280.047;3;37,38,39;;-44.000;-44;-44;368.000;1104.000;2.896;36.000;0x00;0x004c;0215e20a39f473f54bc4a12f17d1ad07a96100000000c8;e20a39f4-73f5-4bc4-a12f-17d1ad07a961;0;0
175;1784203238.718461037;1784203238.720355034;224.347947;1314.801;2;38,39;37;-44.000;-44;-44;368.000;736.000;1.894;36.000;0x00;0x004c;0215e20a39f473f54bc4a12f17d1ad07a96100000000c8;e20a39f4-73f5-4bc4-a12f-17d1ad07a961;0;0
176;1784203239.982790947;1784203240.001333237;225.612277;1264.330;3;37,38,39;;-44.000;-44;-44;368.000;1104.000;18.542;36.000;0x00;0x004c;0215e20a39f473f54bc4a12f17d1ad07a96100000000c8;e20a39f4-73f5-4bc4-a12f-17d1ad07a961;0;0
177;1784203241.253360987;1784203241.256905079;226.882847;1270.570;2;38,39;37;-44.000;-44;-44;368.000;736.000;3.544;36.000;0x00;0x004c;0215e20a39f473f54bc4a12f17d1ad07a96100000000c8;e20a39f4-73f5-4bc4-a12f-17d1ad07a961;0;0
178;1784203242.553261995;1784203242.553630114;228.182748;1299.901;1;39;37,38;-44.000;-44;-44;368.000;368.000;0.368;36.000;0x00;0x004c;0215e20a39f473f54bc4a12f17d1ad07a96100000000c8;e20a39f4-73f5-4bc4-a12f-17d1ad07a961;0;0
179;1784203243.829008102;1784203243.864207029;229.458494;1275.746;2;38,39;37;-44.000;-44;-44;368.000;736.000;35.199;36.000;0x00;0x004c;0215e20a39f473f54bc4a12f17d1ad07a96100000000c8;e20a39f4-73f5-4bc4-a12f-17d1ad07a961;0;0
180;1784203245.094777107;1784203245.098089218;230.724263;1265.769;2;38,39;37;-44.000;-44;-44;368.000;736.000;3.312;36.000;0x00;0x004c;0215e20a39f473f54bc4a12f17d1ad07a96100000000c8;e20a39f4-73f5-4bc4-a12f-17d1ad07a961;0;0
181;1784203246.374974966;1784203246.377008200;232.004461;1280.198;2;38,39;37;-44.000;-44;-44;368.000;736.000;2.033;36.000;0x00;0x004c;0215e20a39f473f54bc4a12f17d1ad07a96100000000c8;e20a39f4-73f5-4bc4-a12f-17d1ad07a961;0;0
182;1784203247.671237946;1784203247.671606064;233.300724;1296.263;1;39;37,38;-44.000;-44;-44;368.000;368.000;0.368;36.000;0x00;0x004c;0215e20a39f473f54bc4a12f17d1ad07a96100000000c8;e20a39f4-73f5-4bc4-a12f-17d1ad07a961;0;0
183;1784203248.965195894;1784203248.983167171;234.594682;1293.958;3;37,38,39;;-44.000;-44;-44;368.000;1104.000;17.971;36.000;0x00;0x004c;0215e20a39f473f54bc4a12f17d1ad07a96100000000c8;e20a39f4-73f5-4bc4-a12f-17d1ad07a961;0;0
184;1784203250.221352100;1784203250.233177185;235.850838;1256.156;3;37,38,39;;-44.000;-44;-44;368.000;1104.000;11.825;36.000;0x00;0x004c;0215e20a39f473f54bc4a12f17d1ad07a96100000000c8;e20a39f4-73f5-4bc4-a12f-17d1ad07a961;0;0
185;1784203251.532824993;1784203251.570239067;237.162311;1311.473;2;38,39;37;-44.000;-44;-44;368.000;736.000;37.414;36.000;0x00;0x004c;0215e20a39f473f54bc4a12f17d1ad07a96100000000c8;e20a39f4-73f5-4bc4-a12f-17d1ad07a961;0;0
186;1784203252.809396982;1784203252.810799122;238.438883;1276.572;2;38,39;37;-44.000;-44;-44;368.000;736.000;1.402;36.000;0x00;0x004c;0215e20a39f473f54bc4a12f17d1ad07a96100000000c8;e20a39f4-73f5-4bc4-a12f-17d1ad07a961;0;0
187;1784203254.099771023;1784203254.112058163;239.729257;1290.374;2;38,39;37;-44.000;-44;-44;368.000;736.000;12.287;36.000;0x00;0x004c;0215e20a39f473f54bc4a12f17d1ad07a96100000000c8;e20a39f4-73f5-4bc4-a12f-17d1ad07a961;0;0
188;1784203255.385063887;1784203255.386686087;241.014550;1285.293;2;38,39;37;-44.000;-44;-44;368.000;736.000;1.622;36.000;0x00;0x004c;0215e20a39f473f54bc4a12f17d1ad07a96100000000c8;e20a39f4-73f5-4bc4-a12f-17d1ad07a961;0;0
189;1784203256.709842920;1784203256.771931171;242.339329;1324.779;3;37,38,39;;-44.000;-44;-44;368.000;1104.000;62.088;36.000;0x00;0x004c;0215e20a39f473f54bc4a12f17d1ad07a96100000000c8;e20a39f4-73f5-4bc4-a12f-17d1ad07a961;0;0
190;1784203257.939080000;1784203258.016703129;243.568566;1229.237;3;37,38,39;;-44.000;-44;-44;368.000;1104.000;77.623;36.000;0x00;0x004c;0215e20a39f473f54bc4a12f17d1ad07a96100000000c8;e20a39f4-73f5-4bc4-a12f-17d1ad07a961;0;0
191;1784203259.233098030;1784203259.233466148;244.862584;1294.018;1;39;37,38;-44.000;-44;-44;368.000;368.000;0.368;36.000;0x00;0x004c;0215e20a39f473f54bc4a12f17d1ad07a96100000000c8;e20a39f4-73f5-4bc4-a12f-17d1ad07a961;0;0
192;1784203260.484289885;1784203260.524903059;246.113776;1251.192;2;38,39;37;-44.000;-44;-44;368.000;736.000;40.613;36.000;0x00;0x004c;0215e20a39f473f54bc4a12f17d1ad07a96100000000c8;e20a39f4-73f5-4bc4-a12f-17d1ad07a961;0;0
193;1784203261.788594007;1784203261.827741146;247.418080;1304.304;2;38,39;37;-44.000;-44;-44;368.000;736.000;39.147;36.000;0x00;0x004c;0215e20a39f473f54bc4a12f17d1ad07a96100000000c8;e20a39f4-73f5-4bc4-a12f-17d1ad07a961;0;0
194;1784203263.078306913;1784203263.092086077;248.707793;1289.713;2;38,39;37;-45.500;-47;-44;368.000;736.000;13.779;36.000;0x00;0x004c;0215e20a39f473f54bc4a12f17d1ad07a96100000000c8;e20a39f4-73f5-4bc4-a12f-17d1ad07a961;0;0
195;1784203264.342226982;1784203264.364301205;249.971713;1263.920;2;38,39;37;-47.500;-51;-44;368.000;736.000;22.074;36.000;0x00;0x004c;0215e20a39f473f54bc4a12f17d1ad07a96100000000c8;e20a39f4-73f5-4bc4-a12f-17d1ad07a961;0;0
196;1784203265.639360905;1784203265.678389072;251.268847;1297.134;2;38,39;37;-48.500;-53;-44;368.000;736.000;39.028;36.000;0x00;0x004c;0215e20a39f473f54bc4a12f17d1ad07a96100000000c8;e20a39f4-73f5-4bc4-a12f-17d1ad07a961;0;0
197;1784203266.893466949;1784203266.895055056;252.522953;1254.106;2;38,39;37;-49.000;-54;-44;368.000;736.000;1.588;36.000;0x00;0x004c;0215e20a39f473f54bc4a12f17d1ad07a96100000000c8;e20a39f4-73f5-4bc4-a12f-17d1ad07a961;0;0
198;1784203268.292076111;1784203268.292444229;253.921562;1398.609;1;37;38,39;-44.000;-44;-44;368.000;368.000;0.368;36.000;0x00;0x004c;0215e20a39f473f54bc4a12f17d1ad07a96100000000c8;e20a39f4-73f5-4bc4-a12f-17d1ad07a961;0;0
199;1784203268.319739103;1784203268.319915056;253.949225;27.663;1;38;37,39;-44.000;-44;-44;176.000;176.000;0.176;12.000;0x03;;;e20a39f4-73f5-4bc4-a12f-17d1ad07a961;0;0
200;1784203268.353121042;1784203268.353489161;253.982607;33.382;1;39;37,38;-44.000;-44;-44;368.000;368.000;0.368;36.000;0x00;0x004c;0215e20a39f473f54bc4a12f17d1ad07a96100000000c8;e20a39f4-73f5-4bc4-a12f-17d1ad07a961;0;0
201;1784203269.481048107;1784203269.481224060;255.110534;1127.927;1;38;37,39;-44.000;-44;-44;176.000;176.000;0.176;12.000;0x03;;;e20a39f4-73f5-4bc4-a12f-17d1ad07a961;0;0
202;1784203270.766091108;1784203270.766267061;256.395577;1285.043;1;38;37,39;-44.000;-44;-44;176.000;176.000;0.176;12.000;0x03;;;e20a39f4-73f5-4bc4-a12f-17d1ad07a961;0;0
203;1784203270.798422098;1784203270.798790216;256.427908;32.331;1;39;37,38;-44.000;-44;-44;368.000;368.000;0.368;36.000;0x00;0x004c;0215e20a39f473f54bc4a12f17d1ad07a96100000000c8;e20a39f4-73f5-4bc4-a12f-17d1ad07a961;0;0
204;1784203272.084086895;1784203272.084455013;257.713573;1285.665;1;39;37,38;-44.000;-44;-44;368.000;368.000;0.368;36.000;0x00;0x004c;0215e20a39f473f54bc4a12f17d1ad07a96100000000c8;e20a39f4-73f5-4bc4-a12f-17d1ad07a961;0;0
205;1784203273.336071014;1784203273.368463039;258.965557;1251.984;2;38,39;37;-54.000;-64;-44;368.000;736.000;32.392;36.000;0x00;0x004c;0215e20a39f473f54bc4a12f17d1ad07a96100000000c8;e20a39f4-73f5-4bc4-a12f-17d1ad07a961;0;0
206;1784203274.628981113;1784203274.679468155;260.258467;1292.910;3;37,38,39;;-48.667;-58;-44;368.000;1104.000;50.487;36.000;0x00;0x004c;0215e20a39f473f54bc4a12f17d1ad07a96100000000c8;e20a39f4-73f5-4bc4-a12f-17d1ad07a961;0;0
207;1784203275.918999910;1784203275.919368029;261.548486;1290.019;1;39;37,38;-44.000;-44;-44;368.000;368.000;0.368;36.000;0x00;0x004c;0215e20a39f473f54bc4a12f17d1ad07a96100000000c8;e20a39f4-73f5-4bc4-a12f-17d1ad07a961;0;0
208;1784203281.017971039;1784203281.044935226;266.647457;5098.971;2;38,39;37;-57.500;-71;-44;368.000;736.000;26.964;36.000;0x00;0x004c;0215e20a39f473f54bc4a12f17d1ad07a96100000000c8;e20a39f4-73f5-4bc4-a12f-17d1ad07a961;0;0
209;1784203282.351676941;1784203282.352045059;267.981163;1333.706;1;39;37,38;-44.000;-44;-44;368.000;368.000;0.368;36.000;0x00;0x004c;0215e20a39f473f54bc4a12f17d1ad07a96100000000c8;e20a39f4-73f5-4bc4-a12f-17d1ad07a961;0;0
210;1784203283.588495016;1784203283.620916128;269.217981;1236.818;2;38,39;37;-52.000;-60;-44;368.000;736.000;32.421;36.000;0x00;0x004c;0215e20a39f473f54bc4a12f17d1ad07a96100000000c8;e20a39f4-73f5-4bc4-a12f-17d1ad07a961;0;0
211;1784203284.879018068;1784203284.896531105;270.508504;1290.523;2;38,39;37;-53.000;-62;-44;368.000;736.000;17.513;36.000;0x00;0x004c;0215e20a39f473f54bc4a12f17d1ad07a96100000000c8;e20a39f4-73f5-4bc4-a12f-17d1ad07a961;0;0
212;1784203286.152785063;1784203286.190300226;271.782271;1273.767;2;38,39;37;-53.500;-63;-44;368.000;736.000;37.515;36.000;0x00;0x004c;0215e20a39f473f54bc4a12f17d1ad07a96100000000c8;e20a39f4-73f5-4bc4-a12f-17d1ad07a961;0;0
213;1784203287.449740887;1784203287.476904154;273.079227;1296.956;2;38,39;37;-52.000;-60;-44;368.000;736.000;27.163;36.000;0x00;0x004c;0215e20a39f473f54bc4a12f17d1ad07a96100000000c8;e20a39f4-73f5-4bc4-a12f-17d1ad07a961;0;0
214;1784203288.729615927;1784203288.751766205;274.359102;1279.875;2;38,39;37;-52.000;-60;-44;368.000;736.000;22.150;36.000;0x00;0x004c;0215e20a39f473f54bc4a12f17d1ad07a96100000000c8;e20a39f4-73f5-4bc4-a12f-17d1ad07a961;0;0
215;1784203290.028166056;1784203290.053309202;275.657652;1298.550;2;38,39;37;-52.500;-61;-44;368.000;736.000;25.143;36.000;0x00;0x004c;0215e20a39f473f54bc4a12f17d1ad07a96100000000c8;e20a39f4-73f5-4bc4-a12f-17d1ad07a961;0;0
216;1784203291.290307045;1784203291.291768074;276.919793;1262.141;2;38,39;37;-52.500;-61;-44;368.000;736.000;1.461;36.000;0x00;0x004c;0215e20a39f473f54bc4a12f17d1ad07a96100000000c8;e20a39f4-73f5-4bc4-a12f-17d1ad07a961;0;0
217;1784203292.582010031;1784203292.606392145;278.211496;1291.703;2;38,39;37;-53.000;-62;-44;368.000;736.000;24.382;36.000;0x00;0x004c;0215e20a39f473f54bc4a12f17d1ad07a96100000000c8;e20a39f4-73f5-4bc4-a12f-17d1ad07a961;0;0
218;1784203293.862783909;1784203293.881106138;279.492270;1280.774;2;38,39;37;-53.500;-63;-44;368.000;736.000;18.322;36.000;0x00;0x004c;0215e20a39f473f54bc4a12f17d1ad07a96100000000c8;e20a39f4-73f5-4bc4-a12f-17d1ad07a961;0;0
219;1784203295.155121088;1784203295.183343172;280.784607;1292.337;2;38,39;37;-52.000;-60;-44;368.000;736.000;28.222;36.000;0x00;0x004c;0215e20a39f473f54bc4a12f17d1ad07a96100000000c8;e20a39f4-73f5-4bc4-a12f-17d1ad07a961;0;0
220;1784203296.425708055;1784203296.426076174;282.055194;1270.587;1;38;37,39;-69.000;-69;-69;368.000;368.000;0.368;36.000;0x00;0x004c;0215e20a39f473f549c4a12f17d1ad07a96100000000c8;e20a39f4-73f5-4bc4-a12f-17d1ad07a961;0;0
221;1784203296.442240000;1784203296.442608118;282.071726;16.532;1;39;37,38;-44.000;-44;-44;368.000;368.000;0.368;36.000;0x00;0x004c;0215e20a39f473f54bc4a12f17d1ad07a96100000000c8;e20a39f4-73f5-4bc4-a12f-17d1ad07a961;0;0
222;1784203297.680495977;1784203297.707890034;283.309982;1238.256;2;38,39;37;-50.000;-56;-44;368.000;736.000;27.394;36.000;0x00;0x004c;0215e20a39f473f54bc4a12f17d1ad07a96100000000c8;e20a39f4-73f5-4bc4-a12f-17d1ad07a961;0;0
223;1784203298.981508017;1784203298.999267101;284.610994;1301.012;2;38,39;37;-48.500;-53;-44;368.000;736.000;17.759;36.000;0x00;0x004c;0215e20a39f473f54bc4a12f17d1ad07a96100000000c8;e20a39f4-73f5-4bc4-a12f-17d1ad07a961;0;0
224;1784203300.237890959;1784203300.270324230;285.867377;1256.383;2;38,39;37;-49.000;-54;-44;368.000;736.000;32.433;36.000;0x00;0x004c;0215e20a39f473f54bc4a12f17d1ad07a96100000000c8;e20a39f4-73f5-4bc4-a12f-17d1ad07a961;0;0
225;1784203301.542949915;1784203301.544484138;287.172436;1305.059;2;38,39;37;-49.000;-54;-44;368.000;736.000;1.534;36.000;0x00;0x004c;0215e20a39f473f54bc4a12f17d1ad07a96100000000c8;e20a39f4-73f5-4bc4-a12f-17d1ad07a961;0;0
226;1784203302.809750080;1784203302.842146158;288.439236;1266.800;2;38,39;37;-49.500;-55;-44;368.000;736.000;32.396;36.000;0x00;0x004c;0215e20a39f473f54bc4a12f17d1ad07a96100000000c8;e20a39f4-73f5-4bc4-a12f-17d1ad07a961;0;0
227;1784203304.086594105;1784203304.114138126;289.716080;1276.844;2;38,39;37;-49.500;-55;-44;368.000;736.000;27.544;36.000;0x00;0x004c;0215e20a39f473f54bc4a12f17d1ad07a96100000000c8;e20a39f4-73f5-4bc4-a12f-17d1ad07a961;0;0
228;1784203305.365179062;1784203305.392960072;290.994665;1278.585;2;38,39;37;-49.500;-55;-44;368.000;736.000;27.781;36.000;0x00;0x004c;0215e20a39f473f54bc4a12f17d1ad07a96100000000c8;e20a39f4-73f5-4bc4-a12f-17d1ad07a961;0;0
229;1784203306.670619011;1784203306.698001146;292.300105;1305.440;2;38,39;37;-49.500;-55;-44;368.000;736.000;27.382;36.000;0x00;0x004c;0215e20a39f473f54bc4a12f17d1ad07a96100000000c8;e20a39f4-73f5-4bc4-a12f-17d1ad07a961;0;0
230;1784203307.934604883;1784203307.961775064;293.564091;1263.986;2;38,39;37;-44.000;-44;-44;368.000;736.000;27.170;36.000;0x00;0x004c;0215e20a39f473f54bc4a12f17d1ad07a96100000000c8;e20a39f4-73f5-4bc4-a12f-17d1ad07a961;0;0
231;1784203309.239739895;1784203309.262053013;294.869226;1305.135;2;38,39;37;-46.000;-48;-44;368.000;736.000;22.313;36.000;0x00;0x004c;0215e20a39f473f54bc4a12f17d1ad07a96100000000c8;e20a39f4-73f5-4bc4-a12f-17d1ad07a961;0;0
232;1784203310.514254093;1784203310.579455137;296.143740;1274.514;3;37,38,39;;-45.000;-47;-44;368.000;1104.000;65.201;36.000;0x00;0x004c;0215e20a39f473f54bc4a12f17d1ad07a96100000000c8;e20a39f4-73f5-4bc4-a12f-17d1ad07a961;0;0
233;1784203311.796210051;1784203311.818062067;297.425696;1281.956;2;38,39;37;-45.500;-47;-44;368.000;736.000;21.852;36.000;0x00;0x004c;0215e20a39f473f54bc4a12f17d1ad07a96100000000c8;e20a39f4-73f5-4bc4-a12f-17d1ad07a961;0;0
234;1784203313.084369898;1784203313.084738016;298.713856;1288.160;1;39;37,38;-44.000;-44;-44;368.000;368.000;0.368;36.000;0x00;0x004c;0215e20a39f473f54bc4a12f17d1ad07a96100000000c8;e20a39f4-73f5-4bc4-a12f-17d1ad07a961;0;0
235;1784203314.355078936;1784203314.356542110;299.984565;1270.709;2;38,39;37;-46.000;-48;-44;368.000;736.000;1.463;36.000;0x00;0x004c;0215e20a39f473f54bc4a12f17d1ad07a96100000000c8;e20a39f4-73f5-4bc4-a12f-17d1ad07a961;0;0
236;1784203315.626219988;1784203315.664873123;301.255706;1271.141;2;38,39;37;-45.500;-47;-44;368.000;736.000;38.653;36.000;0x00;0x004c;0215e20a39f473f54bc4a12f17d1ad07a96100000000c8;e20a39f4-73f5-4bc4-a12f-17d1ad07a961;0;0
237;1784203316.912106991;1784203316.934052229;302.541593;1285.887;2;38,39;37;-45.500;-47;-44;368.000;736.000;21.945;36.000;0x00;0x004c;0215e20a39f473f54bc4a12f17d1ad07a96100000000c8;e20a39f4-73f5-4bc4-a12f-17d1ad07a961;0;0
238;1784203318.196544886;1784203318.213413000;303.826031;1284.438;2;38,39;37;-45.500;-47;-44;368.000;736.000;16.868;36.000;0x00;0x004c;0215e20a39f473f54bc4a12f17d1ad07a96100000000c8;e20a39f4-73f5-4bc4-a12f-17d1ad07a961;0;0
239;1784203319.487689018;1784203319.488057137;305.117175;1291.144;1;39;37,38;-44.000;-44;-44;368.000;368.000;0.368;36.000;0x00;0x004c;0215e20a39f473f54bc4a12f17d1ad07a96100000000c8;e20a39f4-73f5-4bc4-a12f-17d1ad07a961;0;0
240;1784203320.760391951;1784203320.798271179;306.389878;1272.703;2;38,39;37;-45.500;-47;-44;368.000;736.000;37.879;36.000;0x00;0x004c;0215e20a39f473f54bc4a12f17d1ad07a96100000000c8;e20a39f4-73f5-4bc4-a12f-17d1ad07a961;0;0
241;1784203322.035039902;1784203322.047248125;307.664526;1274.648;2;38,39;37;-45.500;-47;-44;368.000;736.000;12.208;36.000;0x00;0x004c;0215e20a39f473f54bc4a12f17d1ad07a96100000000c8;e20a39f4-73f5-4bc4-a12f-17d1ad07a961;0;0
242;1784203323.317121983;1784203323.319222212;308.946608;1282.082;2;38,39;37;-45.500;-47;-44;368.000;736.000;2.100;36.000;0x00;0x004c;0215e20a39f473f54bc4a12f17d1ad07a96100000000c8;e20a39f4-73f5-4bc4-a12f-17d1ad07a961;0;0
243;1784203324.601577997;1784203324.640988111;310.231064;1284.456;2;38,39;37;-46.000;-48;-44;368.000;736.000;39.410;36.000;0x00;0x004c;0215e20a39f473f54bc4a12f17d1ad07a96100000000c8;e20a39f4-73f5-4bc4-a12f-17d1ad07a961;0;0
244;1784203325.878139973;1784203325.878508091;311.507626;1276.562;1;39;37,38;-44.000;-44;-44;368.000;368.000;0.368;36.000;0x00;0x004c;0215e20a39f473f54bc4a12f17d1ad07a96100000000c8;e20a39f4-73f5-4bc4-a12f-17d1ad07a961;0;0
245;1784203327.165158987;1784203327.192391157;312.794645;1287.019;2;38,39;37;-45.500;-47;-44;368.000;736.000;27.232;36.000;0x00;0x004c;0215e20a39f473f54bc4a12f17d1ad07a96100000000c8;e20a39f4-73f5-4bc4-a12f-17d1ad07a961;0;0
246;1784203328.423237085;1784203328.447681189;314.052723;1258.078;2;38,39;37;-46.000;-48;-44;368.000;736.000;24.444;36.000;0x00;0x004c;0215e20a39f473f54bc4a12f17d1ad07a96100000000c8;e20a39f4-73f5-4bc4-a12f-17d1ad07a961;0;0
247;1784203329.707710028;1784203329.740386009;315.337196;1284.473;2;38,39;37;-45.500;-47;-44;368.000;736.000;32.676;36.000;0x00;0x004c;0215e20a39f473f54bc4a12f17d1ad07a96100000000c8;e20a39f4-73f5-4bc4-a12f-17d1ad07a961;0;0
248;1784203331.006916046;1784203331.039281130;316.636402;1299.206;2;38,39;37;-45.500;-47;-44;368.000;736.000;32.365;36.000;0x00;0x004c;0215e20a39f473f54bc4a12f17d1ad07a96100000000c8;e20a39f4-73f5-4bc4-a12f-17d1ad07a961;0;0
249;1784203332.287189960;1784203332.315809011;317.916676;1280.274;2;38,39;37;-45.500;-47;-44;368.000;736.000;28.619;36.000;0x00;0x004c;0215e20a39f473f54bc4a12f17d1ad07a96100000000c8;e20a39f4-73f5-4bc4-a12f-17d1ad07a961;0;0
250;1784203333.565248013;1784203333.565616131;319.194734;1278.058;1;39;37,38;-44.000;-44;-44;368.000;368.000;0.368;36.000;0x00;0x004c;0215e20a39f473f54bc4a12f17d1ad07a96100000000c8;e20a39f4-73f5-4bc4-a12f-17d1ad07a961;0;0
251;1784203334.844136953;1784203334.871130228;320.473623;1278.889;2;38,39;37;-47.000;-50;-44;368.000;736.000;26.993;36.000;0x00;0x004c;0215e20a39f473f54bc4a12f17d1ad07a96100000000c8;e20a39f4-73f5-4bc4-a12f-17d1ad07a961;0;0
252;1784203336.139735937;1784203336.167600155;321.769222;1295.599;2;38,39;37;-46.000;-48;-44;368.000;736.000;27.864;36.000;0x00;0x004c;0215e20a39f473f54bc4a12f17d1ad07a96100000000c8;e20a39f4-73f5-4bc4-a12f-17d1ad07a961;0;0
253;1784203337.413300037;1784203337.468866110;323.042786;1273.564;3;37,38,39;;-45.667;-49;-44;368.000;1104.000;55.566;36.000;0x00;0x004c;0215e20a39f473f54bc4a12f17d1ad07a96100000000c8;e20a39f4-73f5-4bc4-a12f-17d1ad07a961;0;0
254;1784203338.689888954;1784203338.702385187;324.319375;1276.589;2;38,39;37;-46.500;-49;-44;368.000;736.000;12.496;36.000;0x00;0x004c;0215e20a39f473f54bc4a12f17d1ad07a96100000000c8;e20a39f4-73f5-4bc4-a12f-17d1ad07a961;0;0
255;1784203339.960294008;1784203339.983145237;325.589780;1270.405;2;38,39;37;-46.500;-49;-44;368.000;736.000;22.851;36.000;0x00;0x004c;0215e20a39f473f54bc4a12f17d1ad07a96100000000c8;e20a39f4-73f5-4bc4-a12f-17d1ad07a961;0;0
256;1784203341.247426033;1784203341.269397020;326.876912;1287.132;2;38,39;37;-46.500;-49;-44;368.000;736.000;21.971;36.000;0x00;0x004c;0215e20a39f473f54bc4a12f17d1ad07a96100000000c8;e20a39f4-73f5-4bc4-a12f-17d1ad07a961;0;0
257;1784203342.531702995;1784203342.559763193;328.161189;1284.277;2;38,39;37;-46.500;-49;-44;368.000;736.000;28.060;36.000;0x00;0x004c;0215e20a39f473f54bc4a12f17d1ad07a96100000000c8;e20a39f4-73f5-4bc4-a12f-17d1ad07a961;0;0
258;1784203343.815665960;1784203343.844061136;329.445152;1283.963;2;38,39;37;-46.000;-48;-44;368.000;736.000;28.395;36.000;0x00;0x004c;0215e20a39f473f54bc4a12f17d1ad07a96100000000c8;e20a39f4-73f5-4bc4-a12f-17d1ad07a961;0;0
259;1784203345.100749016;1784203345.131787062;330.730235;1285.083;2;38,39;37;-46.000;-48;-44;368.000;736.000;31.038;36.000;0x00;0x004c;0215e20a39f473f54bc4a12f17d1ad07a96100000000c8;e20a39f4-73f5-4bc4-a12f-17d1ad07a961;0;0
260;1784203346.379204035;1784203346.406404018;332.008690;1278.455;2;38,39;37;-46.500;-49;-44;368.000;736.000;27.200;36.000;0x00;0x004c;0215e20a39f473f54bc4a12f17d1ad07a96100000000c8;e20a39f4-73f5-4bc4-a12f-17d1ad07a961;0;0
261;1784203347.667757988;1784203347.674342155;333.297244;1288.554;2;38,39;37;-46.500;-49;-44;368.000;736.000;6.584;36.000;0x00;0x004c;0215e20a39f473f54bc4a12f17d1ad07a96100000000c8;e20a39f4-73f5-4bc4-a12f-17d1ad07a961;0;0
262;1784203348.944240093;1784203348.953546047;334.573726;1276.482;2;38,39;37;-46.000;-48;-44;368.000;736.000;9.306;36.000;0x00;0x004c;0215e20a39f473f54bc4a12f17d1ad07a96100000000c8;e20a39f4-73f5-4bc4-a12f-17d1ad07a961;0;0
263;1784203350.209105968;1784203350.232472181;335.838592;1264.866;2;38,39;37;-46.000;-48;-44;368.000;736.000;23.366;36.000;0x00;0x004c;0215e20a39f473f54bc4a12f17d1ad07a96100000000c8;e20a39f4-73f5-4bc4-a12f-17d1ad07a961;0;0
264;1784203351.516886950;1784203351.534954071;337.146373;1307.781;2;38,39;37;-47.000;-50;-44;368.000;736.000;18.067;36.000;0x00;0x004c;0215e20a39f473f54bc4a12f17d1ad07a96100000000c8;e20a39f4-73f5-4bc4-a12f-17d1ad07a961;0;0
265;1784203352.788688898;1784203352.811407089;338.418175;1271.802;2;38,39;37;-46.500;-49;-44;368.000;736.000;22.718;36.000;0x00;0x004c;0215e20a39f473f54bc4a12f17d1ad07a96100000000c8;e20a39f4-73f5-4bc4-a12f-17d1ad07a961;0;0
266;1784203354.059993029;1784203354.089094162;339.689479;1271.304;2;38,39;37;-46.000;-48;-44;368.000;736.000;29.101;36.000;0x00;0x004c;0215e20a39f473f54bc4a12f17d1ad07a96100000000c8;e20a39f4-73f5-4bc4-a12f-17d1ad07a961;0;0
