numero;timestamp_s;temps_relatif_s;mac;longueur_payload_octets;type_pdu;rssi_dbm;canal;duree_estimee_us;timestamp_fin_s;company_id;donnees_brutes
1;1784203014.370513916;0.000000;dc:a6:32:65:e5:71;36;0x00;-44;37;368.000;1784203014.370882034;0x004c;0215e20a39f473f54bc4a12f17d1ad07a96100000000c8
2;1784203014.396927118;0.026413;dc:a6:32:65:e5:71;36;0x00;-44;38;368.000;1784203014.397295237;0x004c;0215e20a39f473f54bc4a12f17d1ad07a96100000000c8
3;1784203014.418288946;0.047775;dc:a6:32:65:e5:71;36;0x00;-44;39;368.000;1784203014.418657064;0x004c;0215e20a39f473f54bc4a12f17d1ad07a96100000000c8
4;1784203015.672955990;1.302442;dc:a6:32:65:e5:71;36;0x00;-44;39;368.000;1784203015.673324108;0x004c;0215e20a39f473f54bc4a12f17d1ad07a96100000000c8
5;1784203016.952019930;2.581506;dc:a6:32:65:e5:71;36;0x00;-44;38;368.000;1784203016.952388048;0x004c;0215e20a39f473f54bc4a12f17d1ad07a96100000000c8
6;1784203016.979139090;2.608625;dc:a6:32:65:e5:71;36;0x00;-44;39;368.000;1784203016.979507208;0x004c;0215e20a39f473f54bc4a12f17d1ad07a96100000000c8
7;1784203018.261080027;3.890566;dc:a6:32:65:e5:71;36;0x00;-44;37;368.000;1784203018.261448145;0x004c;0215e20a39f473f54bc4a12f17d1ad07a96100000000c8
8;1784203018.288693905;3.918180;dc:a6:32:65:e5:71;36;0x00;-44;38;368.000;1784203018.289062023;0x004c;0215e20a39f473f54bc4a12f17d1ad07a96100000000c8
9;1784203018.305464029;3.934950;dc:a6:32:65:e5:71;36;0x00;-44;39;368.000;1784203018.305832148;0x004c;0215e20a39f473f54bc4a12f17d1ad07a96100000000c8
10;1784203019.512315989;5.141802;dc:a6:32:65:e5:71;36;0x00;-44;39;368.000;1784203019.512684107;0x004c;0215e20a39f473f54bc4a12f17d1ad07a96100000000c8
11;1784203020.803193092;6.432679;dc:a6:32:65:e5:71;36;0x00;-44;38;368.000;1784203020.803561211;0x004c;0215e20a39f473f54bc4a12f17d1ad07a96100000000c8
12;1784203020.835299015;6.464785;dc:a6:32:65:e5:71;36;0x00;-44;39;368.000;1784203020.835667133;0x004c;0215e20a39f473f54bc4a12f17d1ad07a96100000000c8
13;1784203022.095551968;7.725038;dc:a6:32:65:e5:71;36;0x00;-44;37;368.000;1784203022.095920086;0x004c;0215e20a39f473f54bc4a12f17d1ad07a96100000000c8
14;1784203022.120827913;7.750314;dc:a6:32:65:e5:71;36;0x00;-44;38;368.000;1784203022.121196032;0x004c;0215e20a39f473f54bc4a12f17d1ad07a96100000000c8
15;1784203022.147506952;7.776993;dc:a6:32:65:e5:71;36;0x00;-44;39;368.000;1784203022.147875071;0x004c;0215e20a39f473f54bc4a12f17d1ad07a96100000000c8
16;1784203023.402844906;9.032331;dc:a6:32:65:e5:71;36;0x00;-44;38;368.000;1784203023.403213024;0x004c;0215e20a39f473f54bc4a12f17d1ad07a96100000000c8
17;1784203023.405241966;9.034728;dc:a6:32:65:e5:71;36;0x00;-44;39;368.000;1784203023.405610085;0x004c;0215e20a39f473f54bc4a12f17d1ad07a96100000000c8
18;1784203024.647006035;10.276492;dc:a6:32:65:e5:71;36;0x00;-44;38;368.000;1784203024.647374153;0x004c;0215e20a39f473f54bc4a12f17d1ad07a96100000000c8
19;1784203024.669600010;10.299086;dc:a6:32:65:e5:71;36;0x00;-44;39;368.000;1784203024.669968128;0x004c;0215e20a39f473f54bc4a12f17d1ad07a96100000000c8
20;1784203025.907474041;11.536960;dc:a6:32:65:e5:71;36;0x00;-44;38;368.000;1784203025.907842159;0x004c;0215e20a39f473f54bc4a12f17d1ad07a96100000000c8
21;1784203025.928196907;11.557683;dc:a6:32:65:e5:71;36;0x00;-44;39;368.000;1784203025.928565025;0x004c;0215e20a39f473f54bc4a12f17d1ad07a96100000000c8
22;1784203027.227000952;12.856487;dc:a6:32:65:e5:71;36;0x00;-44;38;368.000;1784203027.227369070;0x004c;0215e20a39f473f54bc4a12f17d1ad07a96100000000c8
23;1784203027.259040117;12.888526;dc:a6:32:65:e5:71;36;0x00;-44;39;368.000;1784203027.259408236;0x004c;0215e20a39f473f54bc4a12f17d1ad07a96100000000c8
24;1784203028.474247932;14.103734;dc:a6:32:65:e5:71;36;0x00;-44;37;368.000;1784203028.474616051;0x004c;0215e20a39f473f54bc4a12f17d1ad07a96100000000c8
25;1784203028.488799095;14.118285;dc:a6:32:65:e5:71;36;0x00;-44;38;368.000;1784203028.489167213;0x004c;0215e20a39f473f54bc4a12f17d1ad07a96100000000c8
26;1784203028.501180887;14.130667;dc:a6:32:65:e5:71;36;0x00;-44;39;368.000;1784203028.501549006;0x004c;0215e20a39f473f54bc4a12f17d1ad07a96100000000c8
27;1784203029.785130978;15.414617;dc:a6:32:65:e5:71;36;0x00;-44;37;368.000;1784203029.785499096;0x004c;0215e20a39f473f54bc4a12f17d1ad07a96100000000c8
28;1784203029.806807041;15.436293;dc:a6:32:65:e5:71;36;0x00;-44;38;368.000;1784203029.807175159;0x004c;0215e20a39f473f54bc4a12f17d1ad07a96100000000c8
29;1784203029.833359003;15.462845;dc:a6:32:65:e5:71;36;0x00;-44;39;368.000;1784203029.833727121;0x004c;0215e20a39f473f54bc4a12f17d1ad07a96100000000c8
30;1784203031.060549974;16.690036;dc:a6:32:65:e5:71;36;0x00;-44;37;368.000;1784203031.060918093;0x004c;0215e20a39f473f54bc4a12f17d1ad07a96100000000c8
31;1784203031.082890034;16.712376;dc:a6:32:65:e5:71;36;0x00;-44;38;368.000;1784203031.083258152;0x004c;0215e20a39f473f54bc4a12f17d1ad07a96100000000c8
32;1784203031.092561960;16.722048;dc:a6:32:65:e5:71;36;0x00;-44;39;368.000;1784203031.092930079;0x004c;0215e20a39f473f54bc4a12f17d1ad07a96100000000c8
33;1784203032.335232019;17.964718;dc:a6:32:65:e5:71;36;0x00;-44;38;368.000;1784203032.335600138;0x004c;0215e20a39f473f54bc4a12f17d1ad07a96100000000c8
34;1784203032.366992950;17.996479;dc:a6:32:65:e5:71;36;0x00;-44;39;368.000;1784203032.367361069;0x004c;0215e20a39f473f54bc4a12f17d1ad07a96100000000c8
35;1784203033.617497921;19.246984;dc:a6:32:65:e5:71;36;0x00;-44;39;368.000;1784203033.617866039;0x004c;0215e20a39f473f54bc4a12f17d1ad07a96100000000c8
36;1784203034.894886971;20.524373;dc:a6:32:65:e5:71;36;0x00;-44;38;368.000;1784203034.895255089;0x004c;0215e20a39f473f54bc4a12f17d1ad07a96100000000c8
37;1784203034.923419952;20.552906;dc:a6:32:65:e5:71;36;0x00;-44;39;368.000;1784203034.923788071;0x004c;0215e20a39f473f54bc4a12f17d1ad07a96100000000c8
38;1784203036.185530901;21.815017;dc:a6:32:65:e5:71;36;0x00;-44;37;368.000;1784203036.185899019;0x004c;0215e20a39f473f54bc4a12f17d1ad07a96100000000c8
39;1784203036.223005056;21.852491;dc:a6:32:65:e5:71;36;0x00;-44;38;368.000;1784203036.223373175;0x004c;0215e20a39f473f54bc4a12f17d1ad07a96100000000c8
40;1784203036.254884958;21.884371;dc:a6:32:65:e5:71;36;0x00;-44;39;368.000;1784203036.255253077;0x004c;0215e20a39f473f54bc4a12f17d1ad07a96100000000c8
41;1784203037.457921028;23.087407;dc:a6:32:65:e5:71;36;0x00;-44;37;368.000;1784203037.458289146;0x004c;0215e20a39f473f54bc4a12f17d1ad07a96100000000c8
42;1784203037.493165016;23.122651;dc:a6:32:65:e5:71;36;0x00;-44;38;368.000;1784203037.493533134;0x004c;0215e20a39f473f54bc4a12f17d1ad07a96100000000c8
43;1784203037.517663002;23.147149;dc:a6:32:65:e5:71;36;0x00;-44;39;368.000;1784203037.518031120;0x004c;0215e20a39f473f54bc4a12f17d1ad07a96100000000c8
44;1784203038.727813005;24.357299;dc:a6:32:65:e5:71;36;0x00;-44;39;368.000;1784203038.728181124;0x004c;0215e20a39f473f54bc4a12f17d1ad07a96100000000c8
45;1784203040.089895964;25.719382;dc:a6:32:65:e5:71;36;0x00;-44;37;368.000;1784203040.090264082;0x004c;0215e20a39f473f54bc4a12f17d1ad07a96100000000c8
46;1784203040.116646051;25.746132;dc:a6:32:65:e5:71;36;0x00;-44;38;368.000;1784203040.117014170;0x004c;0215e20a39f473f54bc4a12f17d1ad07a96100000000c8
47;1784203040.133565903;25.763052;dc:a6:32:65:e5:71;36;0x00;-44;39;368.000;1784203040.133934021;0x004c;0215e20a39f473f54bc4a12f17d1ad07a96100000000c8
48;1784203041.343730927;26.973217;dc:a6:32:65:e5:71;36;0x00;-44;37;368.000;1784203041.344099045;0x004c;0215e20a39f473f54bc4a12f17d1ad07a96100000000c8
49;1784203041.380422115;27.009908;dc:a6:32:65:e5:71;36;0x00;-44;38;368.000;1784203041.380790234;0x004c;0215e20a39f473f54bc4a12f17d1ad07a96100000000c8
50;1784203041.401922941;27.031409;dc:a6:32:65:e5:71;36;0x00;-44;39;368.000;1784203041.402291059;0x004c;0215e20a39f473f54bc4a12f17d1ad07a96100000000c8
51;1784203042.611612082;28.241098;dc:a6:32:65:e5:71;36;0x00;-44;38;368.000;1784203042.611980200;0x004c;0215e20a39f473f54bc4a12f17d1ad07a96100000000c8
52;1784203042.643559933;28.273046;dc:a6:32:65:e5:71;36;0x00;-44;39;368.000;1784203042.643928051;0x004c;0215e20a39f473f54bc4a12f17d1ad07a96100000000c8
53;1784203043.901403904;29.530890;dc:a6:32:65:e5:71;36;0x00;-44;37;368.000;1784203043.901772022;0x004c;0215e20a39f473f54bc4a12f17d1ad07a96100000000c8
54;1784203043.923362970;29.552849;dc:a6:32:65:e5:71;36;0x00;-44;38;368.000;1784203043.923731089;0x004c;0215e20a39f473f54bc4a12f17d1ad07a96100000000c8
55;1784203043.955944061;29.585430;dc:a6:32:65:e5:71;36;0x00;-44;39;368.000;1784203043.956312180;0x004c;0215e20a39f473f54bc4a12f17d1ad07a96100000000c8
56;1784203045.147314072;30.776800;dc:a6:32:65:e5:71;36;0x00;-44;37;368.000;1784203045.147682190;0x004c;0215e20a39f473f54bc4a12f17d1ad07a96100000000c8
57;1784203045.185669899;30.815156;dc:a6:32:65:e5:71;36;0x00;-44;38;368.000;1784203045.186038017;0x004c;0215e20a39f473f54bc4a12f17d1ad07a96100000000c8
58;1784203045.217554092;30.847040;dc:a6:32:65:e5:71;36;0x00;-44;39;368.000;1784203045.217922211;0x004c;0215e20a39f473f54bc4a12f17d1ad07a96100000000c8
59;1784203046.450232029;32.079718;dc:a6:32:65:e5:71;36;0x00;-44;37;368.000;1784203046.450600147;0x004c;0215e20a39f473f54bc4a12f17d1ad07a96100000000c8
60;1784203046.485654116;32.115140;dc:a6:32:65:e5:71;36;0x00;-44;38;368.000;1784203046.486022234;0x004c;0215e20a39f473f54bc4a12f17d1ad07a96100000000c8
61;1784203046.518419027;32.147905;dc:a6:32:65:e5:71;36;0x00;-44;39;368.000;1784203046.518787146;0x004c;0215e20a39f473f54bc4a12f17d1ad07a96100000000c8
62;1784203047.724766016;33.354252;dc:a6:32:65:e5:71;36;0x00;-44;39;368.000;1784203047.725134134;0x004c;0215e20a39f473f54bc4a12f17d1ad07a96100000000c8
63;1784203049.003382921;34.632869;dc:a6:32:65:e5:71;36;0x00;-44;39;368.000;1784203049.003751040;0x004c;0215e20a39f473f54bc4a12f17d1ad07a96100000000c8
64;1784203050.279767990;35.909254;dc:a6:32:65:e5:71;36;0x00;-44;38;368.000;1784203050.280136108;0x004c;0215e20a39f473f54bc4a12f17d1ad07a96100000000c8
65;1784203050.301476955;35.930963;dc:a6:32:65:e5:71;36;0x00;-44;39;368.000;1784203050.301845074;0x004c;0215e20a39f473f54bc4a12f17d1ad07a96100000000c8
66;1784203051.588737965;37.218224;dc:a6:32:65:e5:71;36;0x00;-44;38;368.000;1784203051.589106083;0x004c;0215e20a39f473f54bc4a12f17d1ad07a96100000000c8
67;1784203051.589622021;37.219108;dc:a6:32:65:e5:71;36;0x00;-44;39;368.000;1784203051.589990139;0x004c;0215e20a39f473f54bc4a12f17d1ad07a96100000000c8
68;1784203052.873661995;38.503148;dc:a6:32:65:e5:71;36;0x00;-44;39;368.000;1784203052.874030113;0x004c;0215e20a39f473f54bc4a12f17d1ad07a96100000000c8
69;1784203054.161881924;39.791368;dc:a6:32:65:e5:71;36;0x00;-44;37;368.000;1784203054.162250042;0x004c;0215e20a39f473f54bc4a12f17d1ad07a96100000000c8
70;1784203054.208049059;39.837535;dc:a6:32:65:e5:71;36;0x00;-44;38;368.000;1784203054.208417177;0x004c;0215e20a39f473f54bc4a12f17d1ad07a96100000000c8
71;1784203054.215641022;39.845127;dc:a6:32:65:e5:71;36;0x00;-44;39;368.000;1784203054.216009140;0x004c;0215e20a39f473f54bc4a12f17d1ad07a96100000000c8
72;1784203055.433564901;41.063051;dc:a6:32:65:e5:71;36;0x00;-44;38;368.000;1784203055.433933020;0x004c;0215e20a39f473f54bc4a12f17d1ad07a96100000000c8
73;1784203055.471043110;41.100529;dc:a6:32:65:e5:71;36;0x00;-44;39;368.000;1784203055.471411228;0x004c;0215e20a39f473f54bc4a12f17d1ad07a96100000000c8
74;1784203056.710083008;42.339569;dc:a6:32:65:e5:71;36;0x00;-44;39;368.000;1784203056.710451126;0x004c;0215e20a39f473f54bc4a12f17d1ad07a96100000000c8
75;1784203058.001744032;43.631230;dc:a6:32:65:e5:71;36;0x00;-44;38;368.000;1784203058.002112150;0x004c;0215e20a39f473f54bc4a12f17d1ad07a96100000000c8
76;1784203058.010868073;43.640354;dc:a6:32:65:e5:71;36;0x00;-44;39;368.000;1784203058.011236191;0x004c;0215e20a39f473f54bc4a12f17d1ad07a96100000000c8
77;1784203059.293081999;44.922568;dc:a6:32:65:e5:71;36;0x00;-44;37;368.000;1784203059.293450117;0x004c;0215e20a39f473f54bc4a12f17d1ad07a96100000000c8
78;1784203059.314395905;44.943882;dc:a6:32:65:e5:71;36;0x00;-44;38;368.000;1784203059.314764023;0x004c;0215e20a39f473f54bc4a12f17d1ad07a96100000000c8
79;1784203059.341085911;44.970572;dc:a6:32:65:e5:71;36;0x00;-44;39;368.000;1784203059.341454029;0x004c;0215e20a39f473f54bc4a12f17d1ad07a96100000000c8
80;1784203060.529696941;46.159183;dc:a6:32:65:e5:71;36;0x00;-44;39;368.000;1784203060.530065060;0x004c;0215e20a39f473f54bc4a12f17d1ad07a96100000000c8
81;1784203061.838932991;47.468419;dc:a6:32:65:e5:71;36;0x00;-44;39;368.000;1784203061.839301109;0x004c;0215e20a39f473f54bc4a12f17d1ad07a96100000000c8
82;1784203063.087587118;48.717073;dc:a6:32:65:e5:71;36;0x00;-44;38;368.000;1784203063.087955236;0x004c;0215e20a39f473f54bc4a12f17d1ad07a96100000000c8
83;1784203063.113492012;48.742978;dc:a6:32:65:e5:71;36;0x00;-44;39;368.000;1784203063.113860130;0x004c;0215e20a39f473f54bc4a12f17d1ad07a96100000000c8
84;1784203064.390589952;50.020076;dc:a6:32:65:e5:71;36;0x00;-44;38;368.000;1784203064.390958071;0x004c;0215e20a39f473f54bc4a12f17d1ad07a96100000000c8
85;1784203064.417154074;50.046640;dc:a6:32:65:e5:71;36;0x00;-44;39;368.000;1784203064.417522192;0x004c;0215e20a39f473f54bc4a12f17d1ad07a96100000000c8
86;1784203065.682631016;51.312117;dc:a6:32:65:e5:71;36;0x00;-44;39;368.000;1784203065.682999134;0x004c;0215e20a39f473f54bc4a12f17d1ad07a96100000000c8
87;1784203068.255477905;53.884964;dc:a6:32:65:e5:71;36;0x00;-44;38;368.000;1784203068.255846024;0x004c;0215e20a39f473f54bc4a12f17d1ad07a96100000000c8
88;1784203068.284542084;53.914028;dc:a6:32:65:e5:71;36;0x00;-44;39;368.000;1784203068.284910202;0x004c;0215e20a39f473f54bc4a12f17d1ad07a96100000000c8
89;1784203069.498972893;55.128459;dc:a6:32:65:e5:71;36;0x00;-44;38;368.000;1784203069.499341011;0x004c;0215e20a39f473f54bc4a12f17d1ad07a96100000000c8
90;1784203069.521127939;55.150614;dc:a6:32:65:e5:71;36;0x00;-44;39;368.000;1784203069.521496058;0x004c;0215e20a39f473f54bc4a12f17d1ad07a96100000000c8
91;1784203070.816806078;56.446292;dc:a6:32:65:e5:71;36;0x00;-44;38;368.000;1784203070.817174196;0x004c;0215e20a39f473f54bc4a12f17d1ad07a96100000000c8
92;1784203070.833246946;56.462733;dc:a6:32:65:e5:71;36;0x00;-44;39;368.000;1784203070.833615065;0x004c;0215e20a39f473f54bc4a12f17d1ad07a96100000000c8
93;1784203072.076124907;57.705611;dc:a6:32:65:e5:71;36;0x00;-44;39;368.000;1784203072.076493025;0x004c;0215e20a39f473f54bc4a12f17d1ad07a96100000000c8
94;1784203073.339193106;58.968679;dc:a6:32:65:e5:71;36;0x00;-44;39;368.000;1784203073.339561224;0x004c;0215e20a39f473f54bc4a12f17d1ad07a96100000000c8
95;1784203074.730607986;60.360094;dc:a6:32:65:e5:71;36;0x00;-44;38;368.000;1784203074.730976105;0x004c;0215e20a39f473f54bc4a12f17d1ad07a96100000000c8
96;1784203074.731453896;60.360940;dc:a6:32:65:e5:71;36;0x00;-44;39;368.000;1784203074.731822014;0x004c;0215e20a39f473f54bc4a12f17d1ad07a96100000000c8
97;1784203075.906972885;61.536459;dc:a6:32:65:e5:71;36;0x00;-44;38;368.000;1784203075.907341003;0x004c;0215e20a39f473f54bc4a12f17d1ad07a96100000000c8
98;1784203075.933933973;61.563420;dc:a6:32:65:e5:71;36;0x00;-44;39;368.000;1784203075.934302092;0x004c;0215e20a39f473f54bc4a12f17d1ad07a96100000000c8
99;1784203077.253309965;62.882796;dc:a6:32:65:e5:71;36;0x00;-44;39;368.000;1784203077.253678083;0x004c;0215e20a39f473f54bc4a12f17d1ad07a96100000000c8
100;1784203078.489991903;64.119478;dc:a6:32:65:e5:71;36;0x00;-44;39;368.000;1784203078.490360022;0x004c;0215e20a39f473f54bc4a12f17d1ad07a96100000000c8
101;1784203079.845022917;65.474509;dc:a6:32:65:e5:71;36;0x00;-44;37;368.000;1784203079.845391035;0x004c;0215e20a39f473f54bc4a12f17d1ad07a96100000000c8
102;1784203079.866596937;65.496083;dc:a6:32:65:e5:71;36;0x00;-44;38;368.000;1784203079.866965055;0x004c;0215e20a39f473f54bc4a12f17d1ad07a96100000000c8
103;1784203079.893764019;65.523250;dc:a6:32:65:e5:71;36;0x00;-44;39;368.000;1784203079.894132137;0x004c;0215e20a39f473f54bc4a12f17d1ad07a96100000000c8
104;1784203081.043776989;66.673263;dc:a6:32:65:e5:71;36;0x00;-44;38;368.000;1784203081.044145107;0x004c;0215e20a39f473f54bc4a12f17d1ad07a96100000000c8
105;1784203081.045178890;66.674665;dc:a6:32:65:e5:71;36;0x00;-44;39;368.000;1784203081.045547009;0x004c;0215e20a39f473f54bc4a12f17d1ad07a96100000000c8
106;1784203082.342998981;67.972485;dc:a6:32:65:e5:71;36;0x00;-44;39;368.000;1784203082.343367100;0x004c;0215e20a39f473f54bc4a12f17d1ad07a96100000000c8
107;1784203083.623538017;69.253024;dc:a6:32:65:e5:71;36;0x00;-44;39;368.000;1784203083.623906136;0x004c;0215e20a39f473f54bc4a12f17d1ad07a96100000000c8
108;1784203084.918354034;70.547840;dc:a6:32:65:e5:71;36;0x00;-44;38;368.000;1784203084.918722153;0x004c;0215e20a39f473f54bc4a12f17d1ad07a96100000000c8
109;1784203084.950098038;70.579584;dc:a6:32:65:e5:71;36;0x00;-44;39;368.000;1784203084.950466156;0x004c;0215e20a39f473f54bc4a12f17d1ad07a96100000000c8
110;1784203086.169631004;71.799117;dc:a6:32:65:e5:71;36;0x00;-44;37;368.000;1784203086.169999123;0x004c;0215e20a39f473f54bc4a12f17d1ad07a96100000000c8
111;1784203086.170816898;71.800303;dc:a6:32:65:e5:71;36;0x00;-44;38;368.000;1784203086.171185017;0x004c;0215e20a39f473f54bc4a12f17d1ad07a96100000000c8
112;1784203086.182892084;71.812378;dc:a6:32:65:e5:71;36;0x00;-44;39;368.000;1784203086.183260202;0x004c;0215e20a39f473f54bc4a12f17d1ad07a96100000000c8
113;1784203087.453156948;73.082643;dc:a6:32:65:e5:71;36;0x00;-44;38;368.000;1784203087.453525066;0x004c;0215e20a39f473f54bc4a12f17d1ad07a96100000000c8
114;1784203087.459579945;73.089066;dc:a6:32:65:e5:71;36;0x00;-44;39;368.000;1784203087.459948063;0x004c;0215e20a39f473f54bc4a12f17d1ad07a96100000000c8
115;1784203088.747545004;74.377031;dc:a6:32:65:e5:71;36;0x00;-44;39;368.000;1784203088.747913122;0x004c;0215e20a39f473f54bc4a12f17d1ad07a96100000000c8
116;1784203090.070727110;75.700213;dc:a6:32:65:e5:71;36;0x00;-44;37;368.000;1784203090.071095228;0x004c;0215e20a39f473f54bc4a12f17d1ad07a96100000000c8
117;1784203090.077012062;75.706498;dc:a6:32:65:e5:71;36;0x00;-44;38;368.000;1784203090.077380180;0x004c;0215e20a39f473f54bc4a12f17d1ad07a96100000000c8
118;1784203090.108823061;75.738309;dc:a6:32:65:e5:71;36;0x00;-44;39;368.000;1784203090.109191179;0x004c;0215e20a39f473f54bc4a12f17d1ad07a96100000000c8
119;1784203091.296700001;76.926186;dc:a6:32:65:e5:71;36;0x00;-44;37;368.000;1784203091.297068119;0x004c;0215e20a39f473f54bc4a12f17d1ad07a96100000000c8
120;1784203091.327203035;76.956689;dc:a6:32:65:e5:71;36;0x00;-44;38;368.000;1784203091.327571154;0x004c;0215e20a39f473f54bc4a12f17d1ad07a96100000000c8
121;1784203091.353859901;76.983346;dc:a6:32:65:e5:71;36;0x00;-44;39;368.000;1784203091.354228020;0x004c;0215e20a39f473f54bc4a12f17d1ad07a96100000000c8
122;1784203092.562884092;78.192370;dc:a6:32:65:e5:71;36;0x00;-44;39;368.000;1784203092.563252211;0x004c;0215e20a39f473f54bc4a12f17d1ad07a96100000000c8
123;1784203093.873748064;79.503234;dc:a6:32:65:e5:71;36;0x00;-44;37;368.000;1784203093.874116182;0x004c;0215e20a39f473f54bc4a12f17d1ad07a96100000000c8
124;1784203093.904206038;79.533692;dc:a6:32:65:e5:71;36;0x00;-44;38;368.000;1784203093.904574156;0x004c;0215e20a39f473f54bc4a12f17d1ad07a96100000000c8
125;1784203093.946348906;79.575835;dc:a6:32:65:e5:71;36;0x00;-44;39;368.000;1784203093.946717024;0x004c;0215e20a39f473f54bc4a12f17d1ad07a96100000000c8
126;1784203095.147175074;80.776661;dc:a6:32:65:e5:71;36;0x00;-44;39;368.000;1784203095.147543192;0x004c;0215e20a39f473f54bc4a12f17d1ad07a96100000000c8
127;1784203096.527709961;82.157196;dc:a6:32:65:e5:71;36;0x00;-44;38;368.000;1784203096.528078079;0x004c;0215e20a39f473f54bc4a12f17d1ad07a96100000000c8
128;1784203096.536787987;82.166274;dc:a6:32:65:e5:71;36;0x00;-44;39;368.000;1784203096.537156105;0x004c;0215e20a39f473f54bc4a12f17d1ad07a96100000000c8
129;1784203097.733891964;83.363378;dc:a6:32:65:e5:71;36;0x00;-44;37;368.000;1784203097.734260082;0x004c;0215e20a39f473f54bc4a12f17d1ad07a96100000000c8
130;1784203097.777240992;83.406727;dc:a6:32:65:e5:71;36;0x00;-44;38;368.000;1784203097.777609110;0x004c;0215e20a39f473f54bc4a12f17d1ad07a96100000000c8
131;1784203097.805114985;83.434601;dc:a6:32:65:e5:71;36;0x00;-44;39;368.000;1784203097.805483103;0x004c;0215e20a39f473f54bc4a12f17d1ad07a96100000000c8
132;1784203098.984731913;84.614218;dc:a6:32:65:e5:71;36;0x00;-44;39;368.000;1784203098.985100031;0x004c;0215e20a39f473f54bc4a12f17d1ad07a96100000000c8
133;1784203100.242428064;85.871914;dc:a6:32:65:e5:71;36;0x00;-44;38;368.000;1784203100.242796183;0x004c;0215e20a39f473f54bc4a12f17d1ad07a96100000000c8
134;1784203100.258249044;85.887735;dc:a6:32:65:e5:71;36;0x00;-44;39;368.000;1784203100.258617163;0x004c;0215e20a39f473f54bc4a12f17d1ad07a96100000000c8
135;1784203101.557065010;87.186551;dc:a6:32:65:e5:71;36;0x00;-44;38;368.000;1784203101.557433128;0x004c;0215e20a39f473f54bc4a12f17d1ad07a96100000000c8
136;1784203101.583875895;87.213362;dc:a6:32:65:e5:71;36;0x00;-44;39;368.000;1784203101.584244013;0x004c;0215e20a39f473f54bc4a12f17d1ad07a96100000000c8
137;1784203102.826690912;88.456177;dc:a6:32:65:e5:71;36;0x00;-44;38;368.000;1784203102.827059031;0x004c;0215e20a39f473f54bc4a12f17d1ad07a96100000000c8
138;1784203102.848613024;88.478099;dc:a6:32:65:e5:71;36;0x00;-44;39;368.000;1784203102.848981142;0x004c;0215e20a39f473f54bc4a12f17d1ad07a96100000000c8
139;1784203104.173568010;89.803054;dc:a6:32:65:e5:71;36;0x00;-44;39;368.000;1784203104.173936129;0x004c;0215e20a39f473f54bc4a12f17d1ad07a96100000000c8
140;1784203105.398730040;91.028216;dc:a6:32:65:e5:71;36;0x00;-44;39;368.000;1784203105.399098158;0x004c;0215e20a39f473f54bc4a12f17d1ad07a96100000000c8
141;1784203106.702091932;92.331578;dc:a6:32:65:e5:71;36;0x00;-44;37;368.000;1784203106.702460051;0x004c;0215e20a39f473f54bc4a12f17d1ad07a96100000000c8
142;1784203106.739314079;92.368800;dc:a6:32:65:e5:71;36;0x00;-44;38;368.000;1784203106.739682198;0x004c;0215e20a39f473f54bc4a12f17d1ad07a96100000000c8
143;1784203106.761111975;92.390598;dc:a6:32:65:e5:71;36;0x00;-44;39;368.000;1784203106.761480093;0x004c;0215e20a39f473f54bc4a12f17d1ad07a96100000000c8
144;1784203107.974354029;93.603840;dc:a6:32:65:e5:71;36;0x00;-44;38;368.000;1784203107.974722147;0x004c;0215e20a39f473f54bc4a12f17d1ad07a96100000000c8
145;1784203107.991110086;93.620596;dc:a6:32:65:e5:71;36;0x00;-44;39;368.000;1784203107.991478205;0x004c;0215e20a39f473f54bc4a12f17d1ad07a96100000000c8
146;1784203109.231266022;94.860752;dc:a6:32:65:e5:71;36;0x00;-44;38;368.000;1784203109.231634140;0x004c;0215e20a39f473f54bc4a12f17d1ad07a96100000000c8
147;1784203109.232115984;94.861602;dc:a6:32:65:e5:71;36;0x00;-44;39;368.000;1784203109.232484102;0x004c;0215e20a39f473f54bc4a12f17d1ad07a96100000000c8
148;1784203110.574996948;96.204483;dc:a6:32:65:e5:71;36;0x00;-44;37;368.000;1784203110.575365067;0x004c;0215e20a39f473f54bc4a12f17d1ad07a96100000000c8
149;1784203110.596533060;96.226019;dc:a6:32:65:e5:71;36;0x00;-44;38;368.000;1784203110.596901178;0x004c;0215e20a39f473f54bc4a12f17d1ad07a96100000000c8
150;1784203110.608088970;96.237575;dc:a6:32:65:e5:71;36;0x00;-44;39;368.000;1784203110.608457088;0x004c;0215e20a39f473f54bc4a12f17d1ad07a96100000000c8
151;1784203111.800865889;97.430352;dc:a6:32:65:e5:71;36;0x00;-44;37;368.000;1784203111.801234007;0x004c;0215e20a39f473f54bc4a12f17d1ad07a96100000000c8
152;1784203111.814857006;97.444343;dc:a6:32:65:e5:71;36;0x00;-44;38;368.000;1784203111.815225124;0x004c;0215e20a39f473f54bc4a12f17d1ad07a96100000000c8
153;1784203111.853347063;97.482833;dc:a6:32:65:e5:71;36;0x00;-44;39;368.000;1784203111.853715181;0x004c;0215e20a39f473f54bc4a12f17d1ad07a96100000000c8
154;1784203113.107300997;98.736787;dc:a6:32:65:e5:71;36;0x00;-44;37;368.000;1784203113.107669115;0x004c;0215e20a39f473f54bc4a12f17d1ad07a96100000000c8
155;1784203113.144732952;98.774219;dc:a6:32:65:e5:71;36;0x00;-44;38;368.000;1784203113.145101070;0x004c;0215e20a39f473f54bc4a12f17d1ad07a96100000000c8
156;1784203113.172139883;98.801626;dc:a6:32:65:e5:71;36;0x00;-44;39;368.000;1784203113.172508001;0x004c;0215e20a39f473f54bc4a12f17d1ad07a96100000000c8
157;1784203114.563358068;100.192844;dc:a6:32:65:e5:71;36;0x00;-44;37;368.000;1784203114.563726187;0x004c;0215e20a39f473f54bc4a12f17d1ad07a96100000000c8
158;1784203114.609814882;100.239301;dc:a6:32:65:e5:71;36;0x00;-44;38;368.000;1784203114.610183001;0x004c;0215e20a39f473f54bc4a12f17d1ad07a96100000000c8
159;1784203114.637536049;100.267022;dc:a6:32:65:e5:71;36;0x00;-44;39;368.000;1784203114.637904167;0x004c;0215e20a39f473f54bc4a12f17d1ad07a96100000000c8
160;1784203115.745131016;101.374617;dc:a6:32:65:e5:71;36;0x00;-44;38;368.000;1784203115.745499134;0x004c;0215e20a39f473f54bc4a12f17d1ad07a96100000000c8
161;1784203115.767669916;101.397156;dc:a6:32:65:e5:71;36;0x00;-44;39;368.000;1784203115.768038034;0x004c;0215e20a39f473f54bc4a12f17d1ad07a96100000000c8
162;1784203116.931864023;102.561350;dc:a6:32:65:e5:71;36;0x00;-44;38;368.000;1784203116.932232141;0x004c;0215e20a39f473f54bc4a12f17d1ad07a96100000000c8
163;1784203116.953598022;102.583084;dc:a6:32:65:e5:71;36;0x00;-44;39;368.000;1784203116.953966141;0x004c;0215e20a39f473f54bc4a12f17d1ad07a96100000000c8
164;1784203118.291912079;103.921398;dc:a6:32:65:e5:71;36;0x00;-44;39;368.000;1784203118.292280197;0x004c;0215e20a39f473f54bc4a12f17d1ad07a96100000000c8
165;1784203119.526572943;105.156059;dc:a6:32:65:e5:71;36;0x00;-44;37;368.000;1784203119.526941061;0x004c;0215e20a39f473f54bc4a12f17d1ad07a96100000000c8
166;1784203119.559812069;105.189298;dc:a6:32:65:e5:71;36;0x00;-44;38;368.000;1784203119.560180187;0x004c;0215e20a39f473f54bc4a12f17d1ad07a96100000000c8
167;1784203119.586366892;105.215853;dc:a6:32:65:e5:71;36;0x00;-44;39;368.000;1784203119.586735010;0x004c;0215e20a39f473f54bc4a12f17d1ad07a96100000000c8
168;1784203120.793296099;106.422782;dc:a6:32:65:e5:71;36;0x00;-44;37;368.000;1784203120.793664217;0x004c;0215e20a39f473f54bc4a12f17d1ad07a96100000000c8
169;1784203120.820559025;106.450045;dc:a6:32:65:e5:71;36;0x00;-44;38;368.000;1784203120.820927143;0x004c;0215e20a39f473f54bc4a12f17d1ad07a96100000000c8
170;1784203120.852255106;106.481741;dc:a6:32:65:e5:71;36;0x00;-44;39;368.000;1784203120.852623224;0x004c;0215e20a39f473f54bc4a12f17d1ad07a96100000000c8
171;1784203122.077259064;107.706745;dc:a6:32:65:e5:71;36;0x00;-44;38;368.000;1784203122.077627182;0x004c;0215e20a39f473f54bc4a12f17d1ad07a96100000000c8
172;1784203122.099178076;107.728664;dc:a6:32:65:e5:71;36;0x00;-44;39;368.000;1784203122.099546194;0x004c;0215e20a39f473f54bc4a12f17d1ad07a96100000000c8
173;1784203123.375475883;109.004962;dc:a6:32:65:e5:71;36;0x00;-44;37;368.000;1784203123.375844002;0x004c;0215e20a39f473f54bc4a12f17d1ad07a96100000000c8
174;1784203123.415875912;109.045362;dc:a6:32:65:e5:71;36;0x00;-44;38;368.000;1784203123.416244030;0x004c;0215e20a39f473f54bc4a12f17d1ad07a96100000000c8
175;1784203123.447896957;109.077383;dc:a6:32:65:e5:71;36;0x00;-44;39;368.000;1784203123.448265076;0x004c;0215e20a39f473f54bc4a12f17d1ad07a96100000000c8
176;1784203124.644479036;110.273965;dc:a6:32:65:e5:71;36;0x00;-44;37;368.000;1784203124.644847155;0x004c;0215e20a39f473f54bc4a12f17d1ad07a96100000000c8
177;1784203124.671194077;110.300680;dc:a6:32:65:e5:71;36;0x00;-44;38;368.000;1784203124.671562195;0x004c;0215e20a39f473f54bc4a12f17d1ad07a96100000000c8
178;1784203124.697848082;110.327334;dc:a6:32:65:e5:71;36;0x00;-44;39;368.000;1784203124.698216200;0x004c;0215e20a39f473f54bc4a12f17d1ad07a96100000000c8
179;1784203125.939251900;111.568738;dc:a6:32:65:e5:71;36;0x00;-44;38;368.000;1784203125.939620018;0x004c;0215e20a39f473f54bc4a12f17d1ad07a96100000000c8
180;1784203125.960864067;111.590350;dc:a6:32:65:e5:71;36;0x00;-44;39;368.000;1784203125.961232185;0x004c;0215e20a39f473f54bc4a12f17d1ad07a96100000000c8
181;1784203127.233376026;112.862862;dc:a6:32:65:e5:71;36;0x00;-44;38;368.000;1784203127.233744144;0x004c;0215e20a39f473f54bc4a12f17d1ad07a96100000000c8
182;1784203127.255228043;112.884714;dc:a6:32:65:e5:71;36;0x00;-44;39;368.000;1784203127.255596161;0x004c;0215e20a39f473f54bc4a12f17d1ad07a96100000000c8
183;1784203128.482724905;114.112211;dc:a6:32:65:e5:71;36;0x00;-44;39;368.000;1784203128.483093023;0x004c;0215e20a39f473f54bc4a12f17d1ad07a96100000000c8
184;1784203129.777784109;115.407270;dc:a6:32:65:e5:71;36;0x00;-44;38;368.000;1784203129.778152227;0x004c;0215e20a39f473f54bc4a12f17d1ad07a96100000000c8
185;1784203129.811536074;115.441022;dc:a6:32:65:e5:71;36;0x00;-44;39;368.000;1784203129.811904192;0x004c;0215e20a39f473f54bc4a12f17d1ad07a96100000000c8
186;1784203131.218849897;116.848336;dc:a6:32:65:e5:71;36;0x00;-44;38;368.000;1784203131.219218016;0x004c;0215e20a39f473f54bc4a12f17d1ad07a96100000000c8
187;1784203131.238306046;116.867792;dc:a6:32:65:e5:71;36;0x00;-44;39;368.000;1784203131.238674164;0x004c;0215e20a39f473f54bc4a12f17d1ad07a96100000000c8
188;1784203132.350449085;117.979935;dc:a6:32:65:e5:71;36;0x00;-44;38;368.000;1784203132.350817204;0x004c;0215e20a39f473f54bc4a12f17d1ad07a96100000000c8
189;1784203132.387639046;118.017125;dc:a6:32:65:e5:71;36;0x00;-44;39;368.000;1784203132.388007164;0x004c;0215e20a39f473f54bc4a12f17d1ad07a96100000000c8
190;1784203133.719746113;119.349232;dc:a6:32:65:e5:71;36;0x00;-44;38;368.000;1784203133.720114231;0x004c;0215e20a39f473f54bc4a12f17d1ad07a96100000000c8
191;1784203133.741559982;119.371046;dc:a6:32:65:e5:71;36;0x00;-44;39;368.000;1784203133.741928101;0x004c;0215e20a39f473f54bc4a12f17d1ad07a96100000000c8
192;1784203134.885339975;120.514826;dc:a6:32:65:e5:71;36;0x00;-44;38;368.000;1784203134.885708094;0x004c;0215e20a39f473f54bc4a12f17d1ad07a96100000000c8
193;1784203134.910845995;120.540332;dc:a6:32:65:e5:71;36;0x00;-44;39;368.000;1784203134.911214113;0x004c;0215e20a39f473f54bc4a12f17d1ad07a96100000000c8
194;1784203136.172008991;121.801495;dc:a6:32:65:e5:71;36;0x00;-44;39;368.000;1784203136.172377110;0x004c;0215e20a39f473f54bc4a12f17d1ad07a96100000000c8
195;1784203137.478024006;123.107510;dc:a6:32:65:e5:71;36;0x00;-44;39;368.000;1784203137.478392124;0x004c;0215e20a39f473f54bc4a12f17d1ad07a96100000000c8
196;1784203138.762618065;124.392104;dc:a6:32:65:e5:71;36;0x00;-44;38;368.000;1784203138.762986183;0x004c;0215e20a39f473f54bc4a12f17d1ad07a96100000000c8
197;1784203138.795063972;124.424550;dc:a6:32:65:e5:71;36;0x00;-44;39;368.000;1784203138.795432091;0x004c;0215e20a39f473f54bc4a12f17d1ad07a96100000000c8
198;1784203140.013511896;125.642998;dc:a6:32:65:e5:71;36;0x00;-44;38;368.000;1784203140.013880014;0x004c;0215e20a39f473f54bc4a12f17d1ad07a96100000000c8
199;1784203140.015625000;125.645111;dc:a6:32:65:e5:71;36;0x00;-44;39;368.000;1784203140.015993118;0x004c;0215e20a39f473f54bc4a12f17d1ad07a96100000000c8
200;1784203141.327049017;126.956535;dc:a6:32:65:e5:71;36;0x00;-44;37;368.000;1784203141.327417135;0x004c;0215e20a39f473f54bc4a12f17d1ad07a96100000000c8
201;1784203141.349067926;126.978554;dc:a6:32:65:e5:71;36;0x00;-44;38;368.000;1784203141.349436045;0x004c;0215e20a39f473f54bc4a12f17d1ad07a96100000000c8
202;1784203141.380773067;127.010259;dc:a6:32:65:e5:71;36;0x00;-44;39;368.000;1784203141.381141186;0x004c;0215e20a39f473f54bc4a12f17d1ad07a96100000000c8
203;1784203142.869153023;128.498639;dc:a6:32:65:e5:71;36;0x00;-44;38;368.000;1784203142.869521141;0x004c;0215e20a39f473f54bc4a12f17d1ad07a96100000000c8
204;1784203142.896609068;128.526095;dc:a6:32:65:e5:71;36;0x00;-44;39;368.000;1784203142.896977186;0x004c;0215e20a39f473f54bc4a12f17d1ad07a96100000000c8
205;1784203143.880136967;129.509623;dc:a6:32:65:e5:71;36;0x00;-44;38;368.000;1784203143.880505085;0x004c;0215e20a39f473f54bc4a12f17d1ad07a96100000000c8
206;1784203143.887056112;129.516542;dc:a6:32:65:e5:71;36;0x00;-44;39;368.000;1784203143.887424231;0x004c;0215e20a39f473f54bc4a12f17d1ad07a96100000000c8
207;1784203145.164875031;130.794361;dc:a6:32:65:e5:71;36;0x00;-44;37;368.000;1784203145.165243149;0x004c;0215e20a39f473f54bc4a12f17d1ad07a96100000000c8
208;1784203145.192287922;130.821774;dc:a6:32:65:e5:71;36;0x00;-44;38;368.000;1784203145.192656040;0x004c;0215e20a39f473f54bc4a12f17d1ad07a96100000000c8
209;1784203145.208884001;130.838370;dc:a6:32:65:e5:71;36;0x00;-44;39;368.000;1784203145.209252119;0x004c;0215e20a39f473f54bc4a12f17d1ad07a96100000000c8
210;1784203146.419536114;132.049022;dc:a6:32:65:e5:71;36;0x00;-44;38;368.000;1784203146.419904232;0x004c;0215e20a39f473f54bc4a12f17d1ad07a96100000000c8
211;1784203146.436053038;132.065539;dc:a6:32:65:e5:71;36;0x00;-44;39;368.000;1784203146.436421156;0x004c;0215e20a39f473f54bc4a12f17d1ad07a96100000000c8
212;1784203147.735224962;133.364711;dc:a6:32:65:e5:71;36;0x00;-44;38;368.000;1784203147.735593081;0x004c;0215e20a39f473f54bc4a12f17d1ad07a96100000000c8
213;1784203147.767544031;133.397030;dc:a6:32:65:e5:71;36;0x00;-44;39;368.000;1784203147.767912149;0x004c;0215e20a39f473f54bc4a12f17d1ad07a96100000000c8
214;1784203149.024966955;134.654453;dc:a6:32:65:e5:71;36;0x00;-44;38;368.000;1784203149.025335073;0x004c;0215e20a39f473f54bc4a12f17d1ad07a96100000000c8
215;1784203149.031177998;134.660664;dc:a6:32:65:e5:71;36;0x00;-44;39;368.000;1784203149.031546116;0x004c;0215e20a39f473f54bc4a12f17d1ad07a96100000000c8
216;1784203150.284430981;135.913917;dc:a6:32:65:e5:71;36;0x00;-44;38;368.000;1784203150.284799099;0x004c;0215e20a39f473f54bc4a12f17d1ad07a96100000000c8
217;1784203150.306049109;135.935535;dc:a6:32:65:e5:71;36;0x00;-44;39;368.000;1784203150.306417227;0x004c;0215e20a39f473f54bc4a12f17d1ad07a96100000000c8
218;1784203151.553014040;137.182500;dc:a6:32:65:e5:71;36;0x00;-44;39;368.000;1784203151.553382158;0x004c;0215e20a39f473f54bc4a12f17d1ad07a96100000000c8
219;1784203152.898541927;138.528028;dc:a6:32:65:e5:71;36;0x00;-44;37;368.000;1784203152.898910046;0x004c;0215e20a39f473f54bc4a12f17d1ad07a96100000000c8
220;1784203152.930557013;138.560043;dc:a6:32:65:e5:71;36;0x00;-44;38;368.000;1784203152.930925131;0x004c;0215e20a39f473f54bc4a12f17d1ad07a96100000000c8
221;1784203152.972296000;138.601782;dc:a6:32:65:e5:71;36;0x00;-44;39;368.000;1784203152.972664118;0x004c;0215e20a39f473f54bc4a12f17d1ad07a96100000000c8
222;1784203154.187701941;139.817188;dc:a6:32:65:e5:71;36;0x00;-44;39;368.000;1784203154.188070059;0x004c;0215e20a39f473f54bc4a12f17d1ad07a96100000000c8
223;1784203155.422883034;141.052369;dc:a6:32:65:e5:71;36;0x00;-44;39;368.000;1784203155.423251152;0x004c;0215e20a39f473f54bc4a12f17d1ad07a96100000000c8
224;1784203156.718329906;142.347816;dc:a6:32:65:e5:71;36;0x00;-44;37;368.000;1784203156.718698025;0x004c;0215e20a39f473f54bc4a12f17d1ad07a96100000000c8
225;1784203156.734920025;142.364406;dc:a6:32:65:e5:71;36;0x00;-44;38;368.000;1784203156.735288143;0x004c;0215e20a39f473f54bc4a12f17d1ad07a96100000000c8
226;1784203156.751282930;142.380769;dc:a6:32:65:e5:71;36;0x00;-44;39;368.000;1784203156.751651049;0x004c;0215e20a39f473f54bc4a12f17d1ad07a96100000000c8
227;1784203157.955034018;143.584520;dc:a6:32:65:e5:71;36;0x00;-44;39;368.000;1784203157.955402136;0x004c;0215e20a39f473f54bc4a12f17d1ad07a96100000000c8
228;1784203159.225990057;144.855476;dc:a6:32:65:e5:71;36;0x00;-44;38;368.000;1784203159.226358175;0x004c;0215e20a39f473f54bc4a12f17d1ad07a96100000000c8
229;1784203159.243489027;144.872975;dc:a6:32:65:e5:71;36;0x00;-44;39;368.000;1784203159.243857145;0x004c;0215e20a39f473f54bc4a12f17d1ad07a96100000000c8
230;1784203160.549288034;146.178774;dc:a6:32:65:e5:71;36;0x00;-44;38;368.000;1784203160.549656153;0x004c;0215e20a39f473f54bc4a12f17d1ad07a96100000000c8
231;1784203160.586416960;146.215903;dc:a6:32:65:e5:71;36;0x00;-44;39;368.000;1784203160.586785078;0x004c;0215e20a39f473f54bc4a12f17d1ad07a96100000000c8
232;1784203161.804213047;147.433699;dc:a6:32:65:e5:71;36;0x00;-44;38;368.000;1784203161.804581165;0x004c;0215e20a39f473f54bc4a12f17d1ad07a96100000000c8
233;1784203161.830887079;147.460373;dc:a6:32:65:e5:71;36;0x00;-44;39;368.000;1784203161.831255198;0x004c;0215e20a39f473f54bc4a12f17d1ad07a96100000000c8
234;1784203163.093764067;148.723250;dc:a6:32:65:e5:71;36;0x00;-44;38;368.000;1784203163.094132185;0x004c;0215e20a39f473f54bc4a12f17d1ad07a96100000000c8
235;1784203163.094835997;148.724322;dc:a6:32:65:e5:71;36;0x00;-44;39;368.000;1784203163.095204115;0x004c;0215e20a39f473f54bc4a12f17d1ad07a96100000000c8
236;1784203164.351102114;149.980588;dc:a6:32:65:e5:71;36;0x00;-44;39;368.000;1784203164.351470232;0x004c;0215e20a39f473f54bc4a12f17d1ad07a96100000000c8
237;1784203165.648987055;151.278473;dc:a6:32:65:e5:71;36;0x00;-44;37;368.000;1784203165.649355173;0x004c;0215e20a39f473f54bc4a12f17d1ad07a96100000000c8
238;1784203165.671164036;151.300650;dc:a6:32:65:e5:71;36;0x00;-44;38;368.000;1784203165.671532154;0x004c;0215e20a39f473f54bc4a12f17d1ad07a96100000000c8
239;1784203165.701733112;151.331219;dc:a6:32:65:e5:71;36;0x00;-44;39;368.000;1784203165.702101231;0x004c;0215e20a39f473f54bc4a12f17d1ad07a96100000000c8
240;1784203166.994230986;152.623717;dc:a6:32:65:e5:71;36;0x00;-44;37;368.000;1784203166.994599104;0x004c;0215e20a39f473f54bc4a12f17d1ad07a96100000000c8
241;1784203167.015805960;152.645292;dc:a6:32:65:e5:71;36;0x00;-44;38;368.000;1784203167.016174078;0x004c;0215e20a39f473f54bc4a12f17d1ad07a96100000000c8
242;1784203167.032272100;152.661758;dc:a6:32:65:e5:71;36;0x00;-44;39;368.000;1784203167.032640219;0x004c;0215e20a39f473f54bc4a12f17d1ad07a96100000000c8
243;1784203168.286401987;153.915888;dc:a6:32:65:e5:71;36;0x00;-44;39;368.000;1784203168.286770105;0x004c;0215e20a39f473f54bc4a12f17d1ad07a96100000000c8
244;1784203169.550694942;155.180181;dc:a6:32:65:e5:71;36;0x00;-44;38;368.000;1784203169.551063061;0x004c;0215e20a39f473f54bc4a12f17d1ad07a96100000000c8
245;1784203169.585311890;155.214798;dc:a6:32:65:e5:71;36;0x00;-44;39;368.000;1784203169.585680008;0x004c;0215e20a39f473f54bc4a12f17d1ad07a96100000000c8
246;1784203170.817718983;156.447205;dc:a6:32:65:e5:71;36;0x00;-44;37;368.000;1784203170.818087101;0x004c;0215e20a39f473f54bc4a12f17d1ad07a96100000000c8
247;1784203170.834342003;156.463828;dc:a6:32:65:e5:71;36;0x00;-44;38;368.000;1784203170.834710121;0x004c;0215e20a39f473f54bc4a12f17d1ad07a96100000000c8
248;1784203170.866386890;156.495873;dc:a6:32:65:e5:71;36;0x00;-44;39;368.000;1784203170.866755009;0x004c;0215e20a39f473f54bc4a12f17d1ad07a96100000000c8
249;1784203172.081437111;157.710923;dc:a6:32:65:e5:71;36;0x00;-44;37;368.000;1784203172.081805229;0x004c;0215e20a39f473f54bc4a12f17d1ad07a96100000000c8
250;1784203172.093182087;157.722668;dc:a6:32:65:e5:71;36;0x00;-44;38;368.000;1784203172.093550205;0x004c;0215e20a39f473f54bc4a12f17d1ad07a96100000000c8
251;1784203172.110357046;157.739843;dc:a6:32:65:e5:71;36;0x00;-44;39;368.000;1784203172.110725164;0x004c;0215e20a39f473f54bc4a12f17d1ad07a96100000000c8
252;1784203173.331821918;158.961308;dc:a6:32:65:e5:71;36;0x00;-44;38;368.000;1784203173.332190037;0x004c;0215e20a39f473f54bc4a12f17d1ad07a96100000000c8
253;1784203173.353301048;158.982787;dc:a6:32:65:e5:71;36;0x00;-44;39;368.000;1784203173.353669167;0x004c;0215e20a39f473f54bc4a12f17d1ad07a96100000000c8
254;1784203174.736160994;160.365647;dc:a6:32:65:e5:71;36;0x00;-44;38;368.000;1784203174.736529112;0x004c;0215e20a39f473f54bc4a12f17d1ad07a96100000000c8
255;1784203174.759382010;160.388868;dc:a6:32:65:e5:71;36;0x00;-44;39;368.000;1784203174.759750128;0x004c;0215e20a39f473f54bc4a12f17d1ad07a96100000000c8
256;1784203176.075325012;161.704811;dc:a6:32:65:e5:71;36;0x00;-44;37;368.000;1784203176.075693130;0x004c;0215e20a39f473f54bc4a12f17d1ad07a96100000000c8
257;1784203176.083553076;161.713039;dc:a6:32:65:e5:71;36;0x00;-44;38;368.000;1784203176.083921194;0x004c;0215e20a39f473f54bc4a12f17d1ad07a96100000000c8
258;1784203176.084628105;161.714114;dc:a6:32:65:e5:71;36;0x00;-44;39;368.000;1784203176.084996223;0x004c;0215e20a39f473f54bc4a12f17d1ad07a96100000000c8
259;1784203177.195228100;162.824714;dc:a6:32:65:e5:71;36;0x00;-44;38;368.000;1784203177.195596218;0x004c;0215e20a39f473f54bc4a12f17d1ad07a96100000000c8
260;1784203177.196491957;162.825978;dc:a6:32:65:e5:71;36;0x00;-44;39;368.000;1784203177.196860075;0x004c;0215e20a39f473f54bc4a12f17d1ad07a96100000000c8
261;1784203178.514986038;164.144472;dc:a6:32:65:e5:71;36;0x00;-44;37;368.000;1784203178.515354156;0x004c;0215e20a39f473f54bc4a12f17d1ad07a96100000000c8
262;1784203178.533257961;164.162744;dc:a6:32:65:e5:71;36;0x00;-44;38;368.000;1784203178.533626080;0x004c;0215e20a39f473f54bc4a12f17d1ad07a96100000000c8
263;1784203178.549688101;164.179174;dc:a6:32:65:e5:71;36;0x00;-44;39;368.000;1784203178.550056219;0x004c;0215e20a39f473f54bc4a12f17d1ad07a96100000000c8
264;1784203179.755284071;165.384770;dc:a6:32:65:e5:71;36;0x00;-44;38;368.000;1784203179.755652189;0x004c;0215e20a39f473f54bc4a12f17d1ad07a96100000000c8
265;1784203179.787765980;165.417252;dc:a6:32:65:e5:71;36;0x00;-44;39;368.000;1784203179.788134098;0x004c;0215e20a39f473f54bc4a12f17d1ad07a96100000000c8
266;1784203181.060983896;166.690470;dc:a6:32:65:e5:71;36;0x00;-44;38;368.000;1784203181.061352015;0x004c;0215e20a39f473f54bc4a12f17d1ad07a96100000000c8
267;1784203181.082767010;166.712253;dc:a6:32:65:e5:71;36;0x00;-44;39;368.000;1784203181.083135128;0x004c;0215e20a39f473f54bc4a12f17d1ad07a96100000000c8
268;1784203182.367552996;167.997039;dc:a6:32:65:e5:71;36;0x00;-44;38;368.000;1784203182.367921114;0x004c;0215e20a39f473f54bc4a12f17d1ad07a96100000000c8
269;1784203182.395334959;168.024821;dc:a6:32:65:e5:71;36;0x00;-44;39;368.000;1784203182.395703077;0x004c;0215e20a39f473f54bc4a12f17d1ad07a96100000000c8
270;1784203183.572556973;169.202043;dc:a6:32:65:e5:71;36;0x00;-44;37;368.000;1784203183.572925091;0x004c;0215e20a39f473f54bc4a12f17d1ad07a96100000000c8
271;1784203183.580132961;169.209619;dc:a6:32:65:e5:71;36;0x00;-44;38;368.000;1784203183.580501080;0x004c;0215e20a39f473f54bc4a12f17d1ad07a96100000000c8
272;1784203183.591605902;169.221092;dc:a6:32:65:e5:71;36;0x00;-44;39;368.000;1784203183.591974020;0x004c;0215e20a39f473f54bc4a12f17d1ad07a96100000000c8
273;1784203184.966198921;170.595685;dc:a6:32:65:e5:71;36;0x00;-44;37;368.000;1784203184.966567039;0x004c;0215e20a39f473f54bc4a12f17d1ad07a96100000000c8
274;1784203184.997958899;170.627445;dc:a6:32:65:e5:71;36;0x00;-44;38;368.000;1784203184.998327017;0x004c;0215e20a39f473f54bc4a12f17d1ad07a96100000000c8
275;1784203185.036123037;170.665609;dc:a6:32:65:e5:71;36;0x00;-44;39;368.000;1784203185.036491156;0x004c;0215e20a39f473f54bc4a12f17d1ad07a96100000000c8
276;1784203186.271440029;171.900926;dc:a6:32:65:e5:71;36;0x00;-44;37;368.000;1784203186.271808147;0x004c;0215e20a39f473f54bc4a12f17d1ad07a96100000000c8
277;1784203186.332154036;171.961640;dc:a6:32:65:e5:71;36;0x00;-44;38;368.000;1784203186.332522154;0x004c;0215e20a39f473f54bc4a12f17d1ad07a96100000000c8
278;1784203186.375377893;172.004864;dc:a6:32:65:e5:71;36;0x00;-44;39;368.000;1784203186.375746012;0x004c;0215e20a39f473f54bc4a12f17d1ad07a96100000000c8
279;1784203187.427483082;173.056969;dc:a6:32:65:e5:71;36;0x00;-44;39;368.000;1784203187.427851200;0x004c;0215e20a39f473f54bc4a12f17d1ad07a96100000000c8
280;1784203188.716598034;174.346084;dc:a6:32:65:e5:71;36;0x00;-44;39;368.000;1784203188.716966152;0x004c;0215e20a39f473f54bc4a12f17d1ad07a96100000000c8
281;1784203189.996124983;175.625611;dc:a6:32:65:e5:71;36;0x00;-44;39;368.000;1784203189.996493101;0x004c;0215e20a39f473f54bc4a12f17d1ad07a96100000000c8
282;1784203191.351593971;176.981080;dc:a6:32:65:e5:71;36;0x00;-44;39;368.000;1784203191.351962090;0x004c;0215e20a39f473f54bc4a12f17d1ad07a96100000000c8
283;1784203192.563929081;178.193415;dc:a6:32:65:e5:71;36;0x00;-44;37;368.000;1784203192.564297199;0x004c;0215e20a39f473f54bc4a12f17d1ad07a96100000000c8
284;1784203192.591934919;178.221421;dc:a6:32:65:e5:71;36;0x00;-44;38;368.000;1784203192.592303038;0x004c;0215e20a39f473f54bc4a12f17d1ad07a96100000000c8
285;1784203192.614077091;178.243563;dc:a6:32:65:e5:71;36;0x00;-44;39;368.000;1784203192.614445210;0x004c;0215e20a39f473f54bc4a12f17d1ad07a96100000000c8
286;1784203193.866719007;179.496205;dc:a6:32:65:e5:71;36;0x00;-44;38;368.000;1784203193.867087126;0x004c;0215e20a39f473f54bc4a12f17d1ad07a96100000000c8
287;1784203193.899373055;179.528859;dc:a6:32:65:e5:71;36;0x00;-44;39;368.000;1784203193.899741173;0x004c;0215e20a39f473f54bc4a12f17d1ad07a96100000000c8
288;1784203195.189152002;180.818638;dc:a6:32:65:e5:71;36;0x00;-44;38;368.000;1784203195.189520121;0x004c;0215e20a39f473f54bc4a12f17d1ad07a96100000000c8
289;1784203195.221178055;180.850664;dc:a6:32:65:e5:71;36;0x00;-44;39;368.000;1784203195.221546173;0x004c;0215e20a39f473f54bc4a12f17d1ad07a96100000000c8
290;1784203196.451548100;182.081034;dc:a6:32:65:e5:71;36;0x00;-44;37;368.000;1784203196.451916218;0x004c;0215e20a39f473f54bc4a12f17d1ad07a96100000000c8
291;1784203196.483721972;182.113208;dc:a6:32:65:e5:71;36;0x00;-44;38;368.000;1784203196.484090090;0x004c;0215e20a39f473f54bc4a12f17d1ad07a96100000000c8
292;1784203196.507191896;182.136678;dc:a6:32:65:e5:71;36;0x00;-44;39;368.000;1784203196.507560015;0x004c;0215e20a39f473f54bc4a12f17d1ad07a96100000000c8
293;1784203197.680833101;183.310319;dc:a6:32:65:e5:71;36;0x00;-44;38;368.000;1784203197.681201220;0x004c;0215e20a39f473f54bc4a12f17d1ad07a96100000000c8
294;1784203197.712979078;183.342465;dc:a6:32:65:e5:71;36;0x00;-44;39;368.000;1784203197.713347197;0x004c;0215e20a39f473f54bc4a12f17d1ad07a96100000000c8
295;1784203198.940373898;184.569860;dc:a6:32:65:e5:71;36;0x00;-44;37;368.000;1784203198.940742016;0x004c;0215e20a39f473f54bc4a12f17d1ad07a96100000000c8
296;1784203198.977169037;184.606655;dc:a6:32:65:e5:71;36;0x00;-44;38;368.000;1784203198.977537155;0x004c;0215e20a39f473f54bc4a12f17d1ad07a96100000000c8
297;1784203199.003978968;184.633465;dc:a6:32:65:e5:71;36;0x00;-44;39;368.000;1784203199.004347086;0x004c;0215e20a39f473f54bc4a12f17d1ad07a96100000000c8
298;1784203200.253748894;185.883235;dc:a6:32:65:e5:71;36;0x00;-44;38;368.000;1784203200.254117012;0x004c;0215e20a39f473f54bc4a12f17d1ad07a96100000000c8
299;1784203200.299370050;185.928856;dc:a6:32:65:e5:71;36;0x00;-44;39;368.000;1784203200.299738169;0x004c;0215e20a39f473f54bc4a12f17d1ad07a96100000000c8
300;1784203201.539182901;187.168669;dc:a6:32:65:e5:71;36;0x00;-44;38;368.000;1784203201.539551020;0x004c;0215e20a39f473f54bc4a12f17d1ad07a96100000000c8
301;1784203201.570957899;187.200444;dc:a6:32:65:e5:71;36;0x00;-44;39;368.000;1784203201.571326017;0x004c;0215e20a39f473f54bc4a12f17d1ad07a96100000000c8
302;1784203202.815429926;188.444916;dc:a6:32:65:e5:71;36;0x00;-44;38;368.000;1784203202.815798044;0x004c;0215e20a39f473f54bc4a12f17d1ad07a96100000000c8
303;1784203202.864738941;188.494225;dc:a6:32:65:e5:71;36;0x00;-44;39;368.000;1784203202.865107059;0x004c;0215e20a39f473f54bc4a12f17d1ad07a96100000000c8
304;1784203204.064457893;189.693944;dc:a6:32:65:e5:71;36;0x00;-44;38;368.000;1784203204.064826012;0x004c;0215e20a39f473f54bc4a12f17d1ad07a96100000000c8
305;1784203204.065509081;189.694995;dc:a6:32:65:e5:71;36;0x00;-44;39;368.000;1784203204.065877199;0x004c;0215e20a39f473f54bc4a12f17d1ad07a96100000000c8
306;1784203205.384665966;191.014152;dc:a6:32:65:e5:71;36;0x00;-44;37;368.000;1784203205.385034084;0x004c;0215e20a39f473f54bc4a12f17d1ad07a96100000000c8
307;1784203205.422103882;191.051590;dc:a6:32:65:e5:71;36;0x00;-44;38;368.000;1784203205.422472000;0x004c;0215e20a39f473f54bc4a12f17d1ad07a96100000000c8
308;1784203205.448766947;191.078253;dc:a6:32:65:e5:71;36;0x00;-44;39;368.000;1784203205.449135065;0x004c;0215e20a39f473f54bc4a12f17d1ad07a96100000000c8
309;1784203206.653794050;192.283280;dc:a6:32:65:e5:71;36;0x00;-44;38;368.000;1784203206.654162169;0x004c;0215e20a39f473f54bc4a12f17d1ad07a96100000000c8
310;1784203206.668550968;192.298037;dc:a6:32:65:e5:71;36;0x00;-44;39;368.000;1784203206.668919086;0x004c;0215e20a39f473f54bc4a12f17d1ad07a96100000000c8
311;1784203207.927854061;193.557340;dc:a6:32:65:e5:71;36;0x00;-44;38;368.000;1784203207.928222179;0x004c;0215e20a39f473f54bc4a12f17d1ad07a96100000000c8
312;1784203207.964751959;193.594238;dc:a6:32:65:e5:71;36;0x00;-44;39;368.000;1784203207.965120077;0x004c;0215e20a39f473f54bc4a12f17d1ad07a96100000000c8
313;1784203209.195209026;194.824695;dc:a6:32:65:e5:71;36;0x00;-44;38;368.000;1784203209.195577145;0x004c;0215e20a39f473f54bc4a12f17d1ad07a96100000000c8
314;1784203209.196371078;194.825857;dc:a6:32:65:e5:71;36;0x00;-44;39;368.000;1784203209.196739197;0x004c;0215e20a39f473f54bc4a12f17d1ad07a96100000000c8
315;1784203210.595576048;196.225062;dc:a6:32:65:e5:71;36;0x00;-44;37;368.000;1784203210.595944166;0x004c;0215e20a39f473f54bc4a12f17d1ad07a96100000000c8
316;1784203210.601944923;196.231431;dc:a6:32:65:e5:71;36;0x00;-44;38;368.000;1784203210.602313042;0x004c;0215e20a39f473f54bc4a12f17d1ad07a96100000000c8
317;1784203210.628572941;196.258059;dc:a6:32:65:e5:71;36;0x00;-44;39;368.000;1784203210.628941059;0x004c;0215e20a39f473f54bc4a12f17d1ad07a96100000000c8
318;1784203211.892245054;197.521731;dc:a6:32:65:e5:71;36;0x00;-44;37;368.000;1784203211.892613173;0x004c;0215e20a39f473f54bc4a12f17d1ad07a96100000000c8
319;1784203211.908720016;197.538206;dc:a6:32:65:e5:71;36;0x00;-44;38;368.000;1784203211.909088135;0x004c;0215e20a39f473f54bc4a12f17d1ad07a96100000000c8
320;1784203211.926816940;197.556303;dc:a6:32:65:e5:71;36;0x00;-44;39;368.000;1784203211.927185059;0x004c;0215e20a39f473f54bc4a12f17d1ad07a96100000000c8
321;1784203213.423166037;199.052652;dc:a6:32:65:e5:71;36;0x00;-44;37;368.000;1784203213.423534155;0x004c;0215e20a39f473f54bc4a12f17d1ad07a96100000000c8
322;1784203213.466080904;199.095567;dc:a6:32:65:e5:71;36;0x00;-44;38;368.000;1784203213.466449022;0x004c;0215e20a39f473f54bc4a12f17d1ad07a96100000000c8
323;1784203213.493344069;199.122830;dc:a6:32:65:e5:71;36;0x00;-44;39;368.000;1784203213.493712187;0x004c;0215e20a39f473f54bc4a12f17d1ad07a96100000000c8
324;1784203214.796173096;200.425659;dc:a6:32:65:e5:71;36;0x00;-44;37;368.000;1784203214.796541214;0x004c;0215e20a39f473f54bc4a12f17d1ad07a96100000000c8
325;1784203214.822906971;200.452393;dc:a6:32:65:e5:71;36;0x00;-44;38;368.000;1784203214.823275089;0x004c;0215e20a39f473f54bc4a12f17d1ad07a96100000000c8
326;1784203214.860054016;200.489540;dc:a6:32:65:e5:71;36;0x00;-44;39;368.000;1784203214.860422134;0x004c;0215e20a39f473f54bc4a12f17d1ad07a96100000000c8
327;1784203216.483038902;202.112525;dc:a6:32:65:e5:71;36;0x00;-44;37;368.000;1784203216.483407021;0x004c;0215e20a39f473f54bc4a12f17d1ad07a96100000000c8
328;1784203216.514981031;202.144467;dc:a6:32:65:e5:71;36;0x00;-44;38;368.000;1784203216.515349150;0x004c;0215e20a39f473f54bc4a12f17d1ad07a96100000000c8
329;1784203216.546900988;202.176387;dc:a6:32:65:e5:71;36;0x00;-44;39;368.000;1784203216.547269106;0x004c;0215e20a39f473f54bc4a12f17d1ad07a96100000000c8
330;1784203217.899441004;203.528927;dc:a6:32:65:e5:71;36;0x00;-44;37;368.000;1784203217.899809122;0x004c;0215e20a39f473f54bc4a12f17d1ad07a96100000000c8
331;1784203217.926876068;203.556362;dc:a6:32:65:e5:71;36;0x00;-44;38;368.000;1784203217.927244186;0x004c;0215e20a39f473f54bc4a12f17d1ad07a96100000000c8
332;1784203217.954051971;203.583538;dc:a6:32:65:e5:71;36;0x00;-44;39;368.000;1784203217.954420090;0x004c;0215e20a39f473f54bc4a12f17d1ad07a96100000000c8
333;1784203219.057976007;204.687462;dc:a6:32:65:e5:71;36;0x00;-44;37;368.000;1784203219.058344126;0x004c;0215e20a39f473f54bc4a12f17d1ad07a96100000000c8
334;1784203219.095433950;204.724920;dc:a6:32:65:e5:71;36;0x00;-44;38;368.000;1784203219.095802069;0x004c;0215e20a39f473f54bc4a12f17d1ad07a96100000000c8
335;1784203219.137882948;204.767369;dc:a6:32:65:e5:71;36;0x00;-44;39;368.000;1784203219.138251066;0x004c;0215e20a39f473f54bc4a12f17d1ad07a96100000000c8
336;1784203220.708075047;206.337561;dc:a6:32:65:e5:71;36;0x00;-44;37;368.000;1784203220.708443165;0x004c;0215e20a39f473f54bc4a12f17d1ad07a96100000000c8
337;1784203220.745151043;206.374637;dc:a6:32:65:e5:71;36;0x00;-44;38;368.000;1784203220.745519161;0x004c;0215e20a39f473f54bc4a12f17d1ad07a96100000000c8
338;1784203220.766778946;206.396265;dc:a6:32:65:e5:71;36;0x00;-44;39;368.000;1784203220.767147064;0x004c;0215e20a39f473f54bc4a12f17d1ad07a96100000000c8
339;1784203223.101475000;208.730961;dc:a6:32:65:e5:71;36;0x00;-44;39;368.000;1784203223.101843119;;
340;1784203224.353825092;209.983311;dc:a6:32:65:e5:71;36;0x00;-44;38;368.000;1784203224.354193211;0x004c;0215e20a39f473f54bc4a12f17d1ad07a96100000000c8
341;1784203224.380453110;210.009939;dc:a6:32:65:e5:71;36;0x00;-44;39;368.000;1784203224.380821228;0x004c;0215e20a39f473f54bc4a12f17d1ad07a96100000000c8
342;1784203225.160932064;210.790418;dc:a6:32:65:e5:71;36;0x00;-44;37;368.000;1784203225.161300182;0x004c;0215e20a39f473f54bc4a12f17d1ad07a96100000000c8
343;1784203225.167213917;210.796700;dc:a6:32:65:e5:71;36;0x00;-44;38;368.000;1784203225.167582035;0x004c;0215e20a39f473f54bc4a12f17d1ad07a96100000000c8
344;1784203225.168459892;210.797946;dc:a6:32:65:e5:71;36;0x00;-44;39;368.000;1784203225.168828011;0x004c;0215e20a39f473f54bc4a12f17d1ad07a96100000000c8
345;1784203225.890661955;211.520148;dc:a6:32:65:e5:71;36;0x00;-44;38;368.000;1784203225.891030073;0x004c;0215e20a39f473f54bc4a12f17d1ad07a96100000000c8
346;1784203225.896147013;211.525633;dc:a6:32:65:e5:71;36;0x00;-44;39;368.000;1784203225.896515131;0x004c;0215e20a39f473f54bc4a12f17d1ad07a96100000000c8
347;1784203227.151479006;212.780965;dc:a6:32:65:e5:71;36;0x00;-44;38;368.000;1784203227.151847124;0x004c;0215e20a39f473f54bc4a12f17d1ad07a96100000000c8
348;1784203227.152645111;212.782131;dc:a6:32:65:e5:71;36;0x00;-44;39;368.000;1784203227.153013229;0x004c;0215e20a39f473f54bc4a12f17d1ad07a96100000000c8
349;1784203228.415043116;214.044529;dc:a6:32:65:e5:71;36;0x00;-44;38;368.000;1784203228.415411234;0x004c;0215e20a39f473f54bc4a12f17d1ad07a96100000000c8
350;1784203228.426131010;214.055617;dc:a6:32:65:e5:71;36;0x00;-44;39;368.000;1784203228.426499128;0x004c;0215e20a39f473f54bc4a12f17d1ad07a96100000000c8
351;1784203229.743448019;215.372934;dc:a6:32:65:e5:71;36;0x00;-44;38;368.000;1784203229.743816137;0x004c;0215e20a39f473f54bc4a12f17d1ad07a96100000000c8
352;1784203229.744649887;215.374136;dc:a6:32:65:e5:71;36;0x00;-44;39;368.000;1784203229.745018005;0x004c;0215e20a39f473f54bc4a12f17d1ad07a96100000000c8
353;1784203230.991775036;216.621261;dc:a6:32:65:e5:71;36;0x00;-44;38;368.000;1784203230.992143154;0x004c;0215e20a39f473f54bc4a12f17d1ad07a96100000000c8
354;1784203231.002983093;216.632469;dc:a6:32:65:e5:71;36;0x00;-44;39;368.000;1784203231.003351212;0x004c;0215e20a39f473f54bc4a12f17d1ad07a96100000000c8
355;1784203232.269290924;217.898777;dc:a6:32:65:e5:71;36;0x00;-44;38;368.000;1784203232.269659042;0x004c;0215e20a39f473f54bc4a12f17d1ad07a96100000000c8
356;1784203232.270443916;217.899930;dc:a6:32:65:e5:71;36;0x00;-44;39;368.000;1784203232.270812035;0x004c;0215e20a39f473f54bc4a12f17d1ad07a96100000000c8
357;1784203233.586437941;219.215924;dc:a6:32:65:e5:71;36;0x00;-44;38;368.000;1784203233.586806059;0x004c;0215e20a39f473f54bc4a12f17d1ad07a96100000000c8
358;1784203233.622673988;219.252160;dc:a6:32:65:e5:71;36;0x00;-44;39;368.000;1784203233.623042107;0x004c;0215e20a39f473f54bc4a12f17d1ad07a96100000000c8
359;1784203234.852782011;220.482268;dc:a6:32:65:e5:71;36;0x00;-44;38;368.000;1784203234.853150129;0x004c;0215e20a39f473f54bc4a12f17d1ad07a96100000000c8
360;1784203234.862159967;220.491646;dc:a6:32:65:e5:71;36;0x00;-44;39;368.000;1784203234.862528086;0x004c;0215e20a39f473f54bc4a12f17d1ad07a96100000000c8
361;1784203236.123613119;221.753099;dc:a6:32:65:e5:71;36;0x00;-44;38;368.000;1784203236.123981237;0x004c;0215e20a39f473f54bc4a12f17d1ad07a96100000000c8
362;1784203236.132862091;221.762348;dc:a6:32:65:e5:71;36;0x00;-44;39;368.000;1784203236.133230209;0x004c;0215e20a39f473f54bc4a12f17d1ad07a96100000000c8
363;1784203237.403660059;223.033146;dc:a6:32:65:e5:71;36;0x00;-44;37;368.000;1784203237.404028177;0x004c;0215e20a39f473f54bc4a12f17d1ad07a96100000000c8
364;1784203237.404711008;223.034197;dc:a6:32:65:e5:71;36;0x00;-44;38;368.000;1784203237.405079126;0x004c;0215e20a39f473f54bc4a12f17d1ad07a96100000000c8
365;1784203237.406188011;223.035674;dc:a6:32:65:e5:71;36;0x00;-44;39;368.000;1784203237.406556129;0x004c;0215e20a39f473f54bc4a12f17d1ad07a96100000000c8
366;1784203238.718461037;224.347947;dc:a6:32:65:e5:71;36;0x00;-44;38;368.000;1784203238.718829155;0x004c;0215e20a39f473f54bc4a12f17d1ad07a96100000000c8
367;1784203238.719986916;224.349473;dc:a6:32:65:e5:71;36;0x00;-44;39;368.000;1784203238.720355034;0x004c;0215e20a39f473f54bc4a12f17d1ad07a96100000000c8
368;1784203239.982790947;225.612277;dc:a6:32:65:e5:71;36;0x00;-44;37;368.000;1784203239.983159065;0x004c;0215e20a39f473f54bc4a12f17d1ad07a96100000000c8
369;1784203239.984527111;225.614013;dc:a6:32:65:e5:71;36;0x00;-44;38;368.000;1784203239.984895229;0x004c;0215e20a39f473f54bc4a12f17d1ad07a96100000000c8
370;1784203240.000965118;225.630451;dc:a6:32:65:e5:71;36;0x00;-44;39;368.000;1784203240.001333237;0x004c;0215e20a39f473f54bc4a12f17d1ad07a96100000000c8
371;1784203241.253360987;226.882847;dc:a6:32:65:e5:71;36;0x00;-44;38;368.000;1784203241.253729105;0x004c;0215e20a39f473f54bc4a12f17d1ad07a96100000000c8
372;1784203241.256536961;226.886023;dc:a6:32:65:e5:71;36;0x00;-44;39;368.000;1784203241.256905079;0x004c;0215e20a39f473f54bc4a12f17d1ad07a96100000000c8
373;1784203242.553261995;228.182748;dc:a6:32:65:e5:71;36;0x00;-44;39;368.000;1784203242.553630114;0x004c;0215e20a39f473f54bc4a12f17d1ad07a96100000000c8
374;1784203243.829008102;229.458494;dc:a6:32:65:e5:71;36;0x00;-44;38;368.000;1784203243.829376221;0x004c;0215e20a39f473f54bc4a12f17d1ad07a96100000000c8
375;1784203243.863838911;229.493325;dc:a6:32:65:e5:71;36;0x00;-44;39;368.000;1784203243.864207029;0x004c;0215e20a39f473f54bc4a12f17d1ad07a96100000000c8
376;1784203245.094777107;230.724263;dc:a6:32:65:e5:71;36;0x00;-44;38;368.000;1784203245.095145226;0x004c;0215e20a39f473f54bc4a12f17d1ad07a96100000000c8
377;1784203245.097721100;230.727207;dc:a6:32:65:e5:71;36;0x00;-44;39;368.000;1784203245.098089218;0x004c;0215e20a39f473f54bc4a12f17d1ad07a96100000000c8
378;1784203246.374974966;232.004461;dc:a6:32:65:e5:71;36;0x00;-44;38;368.000;1784203246.375343084;0x004c;0215e20a39f473f54bc4a12f17d1ad07a96100000000c8
379;1784203246.376640081;232.006126;dc:a6:32:65:e5:71;36;0x00;-44;39;368.000;1784203246.377008200;0x004c;0215e20a39f473f54bc4a12f17d1ad07a96100000000c8
380;1784203247.671237946;233.300724;dc:a6:32:65:e5:71;36;0x00;-44;39;368.000;1784203247.671606064;0x004c;0215e20a39f473f54bc4a12f17d1ad07a96100000000c8
381;1784203248.965195894;234.594682;dc:a6:32:65:e5:71;36;0x00;-44;37;368.000;1784203248.965564013;0x004c;0215e20a39f473f54bc4a12f17d1ad07a96100000000c8
382;1784203248.980767012;234.610253;dc:a6:32:65:e5:71;36;0x00;-44;38;368.000;1784203248.981135130;0x004c;0215e20a39f473f54bc4a12f17d1ad07a96100000000c8
383;1784203248.982799053;234.612285;dc:a6:32:65:e5:71;36;0x00;-44;39;368.000;1784203248.983167171;0x004c;0215e20a39f473f54bc4a12f17d1ad07a96100000000c8
384;1784203250.221352100;235.850838;dc:a6:32:65:e5:71;36;0x00;-44;37;368.000;1784203250.221720219;0x004c;0215e20a39f473f54bc4a12f17d1ad07a96100000000c8
385;1784203250.223355055;235.852841;dc:a6:32:65:e5:71;36;0x00;-44;38;368.000;1784203250.223723173;0x004c;0215e20a39f473f54bc4a12f17d1ad07a96100000000c8
386;1784203250.232809067;235.862295;dc:a6:32:65:e5:71;36;0x00;-44;39;368.000;1784203250.233177185;0x004c;0215e20a39f473f54bc4a12f17d1ad07a96100000000c8
387;1784203251.532824993;237.162311;dc:a6:32:65:e5:71;36;0x00;-44;38;368.000;1784203251.533193111;0x004c;0215e20a39f473f54bc4a12f17d1ad07a96100000000c8
388;1784203251.569870949;237.199357;dc:a6:32:65:e5:71;36;0x00;-44;39;368.000;1784203251.570239067;0x004c;0215e20a39f473f54bc4a12f17d1ad07a96100000000c8
389;1784203252.809396982;238.438883;dc:a6:32:65:e5:71;36;0x00;-44;38;368.000;1784203252.809765100;0x004c;0215e20a39f473f54bc4a12f17d1ad07a96100000000c8
390;1784203252.810431004;238.439917;dc:a6:32:65:e5:71;36;0x00;-44;39;368.000;1784203252.810799122;0x004c;0215e20a39f473f54bc4a12f17d1ad07a96100000000c8
391;1784203254.099771023;239.729257;dc:a6:32:65:e5:71;36;0x00;-44;38;368.000;1784203254.100139141;0x004c;0215e20a39f473f54bc4a12f17d1ad07a96100000000c8
392;1784203254.111690044;239.741176;dc:a6:32:65:e5:71;36;0x00;-44;39;368.000;1784203254.112058163;0x004c;0215e20a39f473f54bc4a12f17d1ad07a96100000000c8
393;1784203255.385063887;241.014550;dc:a6:32:65:e5:71;36;0x00;-44;38;368.000;1784203255.385432005;0x004c;0215e20a39f473f54bc4a12f17d1ad07a96100000000c8
394;1784203255.386317968;241.015804;dc:a6:32:65:e5:71;36;0x00;-44;39;368.000;1784203255.386686087;0x004c;0215e20a39f473f54bc4a12f17d1ad07a96100000000c8
395;1784203256.709842920;242.339329;dc:a6:32:65:e5:71;36;0x00;-44;37;368.000;1784203256.710211039;0x004c;0215e20a39f473f54bc4a12f17d1ad07a96100000000c8
396;1784203256.748800039;242.378286;dc:a6:32:65:e5:71;36;0x00;-44;38;368.000;1784203256.749168158;0x004c;0215e20a39f473f54bc4a12f17d1ad07a96100000000c8
397;1784203256.771563053;242.401049;dc:a6:32:65:e5:71;36;0x00;-44;39;368.000;1784203256.771931171;0x004c;0215e20a39f473f54bc4a12f17d1ad07a96100000000c8
398;1784203257.939080000;243.568566;dc:a6:32:65:e5:71;36;0x00;-44;37;368.000;1784203257.939448118;0x004c;0215e20a39f473f54bc4a12f17d1ad07a96100000000c8
399;1784203257.973577023;243.603063;dc:a6:32:65:e5:71;36;0x00;-44;38;368.000;1784203257.973945141;0x004c;0215e20a39f473f54bc4a12f17d1ad07a96100000000c8
400;1784203258.016335011;243.645821;dc:a6:32:65:e5:71;36;0x00;-44;39;368.000;1784203258.016703129;0x004c;0215e20a39f473f54bc4a12f17d1ad07a96100000000c8
401;1784203259.233098030;244.862584;dc:a6:32:65:e5:71;36;0x00;-44;39;368.000;1784203259.233466148;0x004c;0215e20a39f473f54bc4a12f17d1ad07a96100000000c8
402;1784203260.484289885;246.113776;dc:a6:32:65:e5:71;36;0x00;-44;38;368.000;1784203260.484658003;0x004c;0215e20a39f473f54bc4a12f17d1ad07a96100000000c8
403;1784203260.524534941;246.154021;dc:a6:32:65:e5:71;36;0x00;-44;39;368.000;1784203260.524903059;0x004c;0215e20a39f473f54bc4a12f17d1ad07a96100000000c8
404;1784203261.788594007;247.418080;dc:a6:32:65:e5:71;36;0x00;-44;38;368.000;1784203261.788962126;0x004c;0215e20a39f473f54bc4a12f17d1ad07a96100000000c8
405;1784203261.827373028;247.456859;dc:a6:32:65:e5:71;36;0x00;-44;39;368.000;1784203261.827741146;0x004c;0215e20a39f473f54bc4a12f17d1ad07a96100000000c8
406;1784203263.078306913;248.707793;dc:a6:32:65:e5:71;36;0x00;-44;38;368.000;1784203263.078675032;0x004c;0215e20a39f473f54bc4a12f17d1ad07a96100000000c8
407;1784203263.091717958;248.721204;dc:a6:32:65:e5:71;36;0x00;-47;39;368.000;1784203263.092086077;0x004c;0215e20a39f473f54bc4a12f17d1ad07a96100000000c8
408;1784203264.342226982;249.971713;dc:a6:32:65:e5:71;36;0x00;-51;38;368.000;1784203264.342595100;0x004c;0215e20a39f473f54bc4a12f17d1ad07a96100000000c8
409;1784203264.363933086;249.993419;dc:a6:32:65:e5:71;36;0x00;-44;39;368.000;1784203264.364301205;0x004c;0215e20a39f473f54bc4a12f17d1ad07a96100000000c8
410;1784203265.639360905;251.268847;dc:a6:32:65:e5:71;36;0x00;-53;38;368.000;1784203265.639729023;0x004c;0215e20a39f473f54bc4a12f17d1ad07a96100000000c8
411;1784203265.678020954;251.307507;dc:a6:32:65:e5:71;36;0x00;-44;39;368.000;1784203265.678389072;0x004c;0215e20a39f473f54bc4a12f17d1ad07a96100000000c8
412;1784203266.893466949;252.522953;dc:a6:32:65:e5:71;36;0x00;-54;38;368.000;1784203266.893835068;0x004c;0215e20a39f473f54bc4a12f17d1ad07a96100000000c8
413;1784203266.894686937;252.524173;dc:a6:32:65:e5:71;36;0x00;-44;39;368.000;1784203266.895055056;0x004c;0215e20a39f473f54bc4a12f17d1ad07a96100000000c8
414;1784203268.292076111;253.921562;dc:a6:32:65:e5:71;36;0x00;-44;37;368.000;1784203268.292444229;0x004c;0215e20a39f473f54bc4a12f17d1ad07a96100000000c8
415;1784203268.319739103;253.949225;dc:a6:32:65:e5:71;12;0x03;-44;38;176.000;1784203268.319915056;;
416;1784203268.353121042;253.982607;dc:a6:32:65:e5:71;36;0x00;-44;39;368.000;1784203268.353489161;0x004c;0215e20a39f473f54bc4a12f17d1ad07a96100000000c8
417;1784203269.481048107;255.110534;dc:a6:32:65:e5:71;12;0x03;-44;38;176.000;1784203269.481224060;;
418;1784203270.766091108;256.395577;dc:a6:32:65:e5:71;12;0x03;-44;38;176.000;1784203270.766267061;;
419;1784203270.798422098;256.427908;dc:a6:32:65:e5:71;36;0x00;-44;39;368.000;1784203270.798790216;0x004c;0215e20a39f473f54bc4a12f17d1ad07a96100000000c8
420;1784203272.084086895;257.713573;dc:a6:32:65:e5:71;36;0x00;-44;39;368.000;1784203272.084455013;0x004c;0215e20a39f473f54bc4a12f17d1ad07a96100000000c8
421;1784203273.336071014;258.965557;dc:a6:32:65:e5:71;36;0x00;-64;38;368.000;1784203273.336439133;0x004c;0215e20a39f473f54bc4a12f17d1ad07a96100000000c8
422;1784203273.368094921;258.997581;dc:a6:32:65:e5:71;36;0x00;-44;39;368.000;1784203273.368463039;0x004c;0215e20a39f473f54bc4a12f17d1ad07a96100000000c8
423;1784203274.628981113;260.258467;dc:a6:32:65:e5:71;36;0x00;-44;37;368.000;1784203274.629349232;0x004c;0215e20a39f473f54bc4a12f17d1ad07a96100000000c8
424;1784203274.651221991;260.280708;dc:a6:32:65:e5:71;36;0x00;-58;38;368.000;1784203274.651590109;0x004c;0215e20a39f473f54bc4a12f17d1ad07a96100000000c8
425;1784203274.679100037;260.308586;dc:a6:32:65:e5:71;36;0x00;-44;39;368.000;1784203274.679468155;0x004c;0215e20a39f473f54bc4a12f17d1ad07a96100000000c8
426;1784203275.918999910;261.548486;dc:a6:32:65:e5:71;36;0x00;-44;39;368.000;1784203275.919368029;0x004c;0215e20a39f473f54bc4a12f17d1ad07a96100000000c8
427;1784203281.017971039;266.647457;dc:a6:32:65:e5:71;36;0x00;-71;38;368.000;1784203281.018339157;0x004c;0215e20a39f473f54bc4a12f17d1ad07a96100000000c8
428;1784203281.044567108;266.674053;dc:a6:32:65:e5:71;36;0x00;-44;39;368.000;1784203281.044935226;0x004c;0215e20a39f473f54bc4a12f17d1ad07a96100000000c8
429;1784203282.351676941;267.981163;dc:a6:32:65:e5:71;36;0x00;-44;39;368.000;1784203282.352045059;0x004c;0215e20a39f473f54bc4a12f17d1ad07a96100000000c8
430;1784203283.588495016;269.217981;dc:a6:32:65:e5:71;36;0x00;-60;38;368.000;1784203283.588863134;0x004c;0215e20a39f473f54bc4a12f17d1ad07a96100000000c8
431;1784203283.620548010;269.250034;dc:a6:32:65:e5:71;36;0x00;-44;39;368.000;1784203283.620916128;0x004c;0215e20a39f473f54bc4a12f17d1ad07a96100000000c8
432;1784203284.879018068;270.508504;dc:a6:32:65:e5:71;36;0x00;-62;38;368.000;1784203284.879386187;0x004c;0215e20a39f473f54bc4a12f17d1ad07a96100000000c8
433;1784203284.896162987;270.525649;dc:a6:32:65:e5:71;36;0x00;-44;39;368.000;1784203284.896531105;0x004c;0215e20a39f473f54bc4a12f17d1ad07a96100000000c8
434;1784203286.152785063;271.782271;dc:a6:32:65:e5:71;36;0x00;-63;38;368.000;1784203286.153153181;0x004c;0215e20a39f473f54bc4a12f17d1ad07a96100000000c8
435;1784203286.189932108;271.819418;dc:a6:32:65:e5:71;36;0x00;-44;39;368.000;1784203286.190300226;0x004c;0215e20a39f473f54bc4a12f17d1ad07a96100000000c8
436;1784203287.449740887;273.079227;dc:a6:32:65:e5:71;36;0x00;-60;38;368.000;1784203287.450109005;0x004c;0215e20a39f473f54bc4a12f17d1ad07a96100000000c8
437;1784203287.476536036;273.106022;dc:a6:32:65:e5:71;36;0x00;-44;39;368.000;1784203287.476904154;0x004c;0215e20a39f473f54bc4a12f17d1ad07a96100000000c8
438;1784203288.729615927;274.359102;dc:a6:32:65:e5:71;36;0x00;-60;38;368.000;1784203288.729984045;0x004c;0215e20a39f473f54bc4a12f17d1ad07a96100000000c8
439;1784203288.751398087;274.380884;dc:a6:32:65:e5:71;36;0x00;-44;39;368.000;1784203288.751766205;0x004c;0215e20a39f473f54bc4a12f17d1ad07a96100000000c8
440;1784203290.028166056;275.657652;dc:a6:32:65:e5:71;36;0x00;-61;38;368.000;1784203290.028534174;0x004c;0215e20a39f473f54bc4a12f17d1ad07a96100000000c8
441;1784203290.052941084;275.682427;dc:a6:32:65:e5:71;36;0x00;-44;39;368.000;1784203290.053309202;0x004c;0215e20a39f473f54bc4a12f17d1ad07a96100000000c8
442;1784203291.290307045;276.919793;dc:a6:32:65:e5:71;36;0x00;-61;38;368.000;1784203291.290675163;0x004c;0215e20a39f473f54bc4a12f17d1ad07a96100000000c8
443;1784203291.291399956;276.920886;dc:a6:32:65:e5:71;36;0x00;-44;39;368.000;1784203291.291768074;0x004c;0215e20a39f473f54bc4a12f17d1ad07a96100000000c8
444;1784203292.582010031;278.211496;dc:a6:32:65:e5:71;36;0x00;-62;38;368.000;1784203292.582378149;0x004c;0215e20a39f473f54bc4a12f17d1ad07a96100000000c8
445;1784203292.606024027;278.235510;dc:a6:32:65:e5:71;36;0x00;-44;39;368.000;1784203292.606392145;0x004c;0215e20a39f473f54bc4a12f17d1ad07a96100000000c8
446;1784203293.862783909;279.492270;dc:a6:32:65:e5:71;36;0x00;-63;38;368.000;1784203293.863152027;0x004c;0215e20a39f473f54bc4a12f17d1ad07a96100000000c8
447;1784203293.880738020;279.510224;dc:a6:32:65:e5:71;36;0x00;-44;39;368.000;1784203293.881106138;0x004c;0215e20a39f473f54bc4a12f17d1ad07a96100000000c8
448;1784203295.155121088;280.784607;dc:a6:32:65:e5:71;36;0x00;-60;38;368.000;1784203295.155489206;0x004c;0215e20a39f473f54bc4a12f17d1ad07a96100000000c8
449;1784203295.182975054;280.812461;dc:a6:32:65:e5:71;36;0x00;-44;39;368.000;1784203295.183343172;0x004c;0215e20a39f473f54bc4a12f17d1ad07a96100000000c8
450;1784203296.425708055;282.055194;dc:a6:32:65:e5:71;36;0x00;-69;38;368.000;1784203296.426076174;0x004c;0215e20a39f473f549c4a12f17d1ad07a96100000000c8
451;1784203296.442240000;282.071726;dc:a6:32:65:e5:71;36;0x00;-44;39;368.000;1784203296.442608118;0x004c;0215e20a39f473f54bc4a12f17d1ad07a96100000000c8
452;1784203297.680495977;283.309982;dc:a6:32:65:e5:71;36;0x00;-56;38;368.000;1784203297.680864096;0x004c;0215e20a39f473f54bc4a12f17d1ad07a96100000000c8
453;1784203297.707521915;283.337008;dc:a6:32:65:e5:71;36;0x00;-44;39;368.000;1784203297.707890034;0x004c;0215e20a39f473f54bc4a12f17d1ad07a96100000000c8
454;1784203298.981508017;284.610994;dc:a6:32:65:e5:71;36;0x00;-53;38;368.000;1784203298.981876135;0x004c;0215e20a39f473f54bc4a12f17d1ad07a96100000000c8
455;1784203298.998898983;284.628385;dc:a6:32:65:e5:71;36;0x00;-44;39;368.000;1784203298.999267101;0x004c;0215e20a39f473f54bc4a12f17d1ad07a96100000000c8
456;1784203300.237890959;285.867377;dc:a6:32:65:e5:71;36;0x00;-54;38;368.000;1784203300.238259077;0x004c;0215e20a39f473f54bc4a12f17d1ad07a96100000000c8
457;1784203300.269956112;285.899442;dc:a6:32:65:e5:71;36;0x00;-44;39;368.000;1784203300.270324230;0x004c;0215e20a39f473f54bc4a12f17d1ad07a96100000000c8
458;1784203301.542949915;287.172436;dc:a6:32:65:e5:71;36;0x00;-54;38;368.000;1784203301.543318033;0x004c;0215e20a39f473f54bc4a12f17d1ad07a96100000000c8
459;1784203301.544116020;287.173602;dc:a6:32:65:e5:71;36;0x00;-44;39;368.000;1784203301.544484138;0x004c;0215e20a39f473f54bc4a12f17d1ad07a96100000000c8
460;1784203302.809750080;288.439236;dc:a6:32:65:e5:71;36;0x00;-55;38;368.000;1784203302.810118198;0x004c;0215e20a39f473f54bc4a12f17d1ad07a96100000000c8
461;1784203302.841778040;288.471264;dc:a6:32:65:e5:71;36;0x00;-44;39;368.000;1784203302.842146158;0x004c;0215e20a39f473f54bc4a12f17d1ad07a96100000000c8
462;1784203304.086594105;289.716080;dc:a6:32:65:e5:71;36;0x00;-55;38;368.000;1784203304.086962223;0x004c;0215e20a39f473f54bc4a12f17d1ad07a96100000000c8
463;1784203304.113770008;289.743256;dc:a6:32:65:e5:71;36;0x00;-44;39;368.000;1784203304.114138126;0x004c;0215e20a39f473f54bc4a12f17d1ad07a96100000000c8
464;1784203305.365179062;290.994665;dc:a6:32:65:e5:71;36;0x00;-55;38;368.000;1784203305.365547180;0x004c;0215e20a39f473f54bc4a12f17d1ad07a96100000000c8
465;1784203305.392591953;291.022078;dc:a6:32:65:e5:71;36;0x00;-44;39;368.000;1784203305.392960072;0x004c;0215e20a39f473f54bc4a12f17d1ad07a96100000000c8
466;1784203306.670619011;292.300105;dc:a6:32:65:e5:71;36;0x00;-55;38;368.000;1784203306.670987129;0x004c;0215e20a39f473f54bc4a12f17d1ad07a96100000000c8
467;1784203306.697633028;292.327119;dc:a6:32:65:e5:71;36;0x00;-44;39;368.000;1784203306.698001146;0x004c;0215e20a39f473f54bc4a12f17d1ad07a96100000000c8
468;1784203307.934604883;293.564091;dc:a6:32:65:e5:71;36;0x00;-44;38;368.000;1784203307.934973001;0x004c;0215e20a39f473f54bc4a12f17d1ad07a96100000000c8
469;1784203307.961406946;293.590893;dc:a6:32:65:e5:71;36;0x00;-44;39;368.000;1784203307.961775064;0x004c;0215e20a39f473f54bc4a12f17d1ad07a96100000000c8
470;1784203309.239739895;294.869226;dc:a6:32:65:e5:71;36;0x00;-48;38;368.000;1784203309.240108013;0x004c;0215e20a39f473f54bc4a12f17d1ad07a96100000000c8
471;1784203309.261684895;294.891171;dc:a6:32:65:e5:71;36;0x00;-44;39;368.000;1784203309.262053013;0x004c;0215e20a39f473f54bc4a12f17d1ad07a96100000000c8
472;1784203310.514254093;296.143740;dc:a6:32:65:e5:71;36;0x00;-44;37;368.000;1784203310.514622211;0x004c;0215e20a39f473f54bc4a12f17d1ad07a96100000000c8
473;1784203310.541802883;296.171289;dc:a6:32:65:e5:71;36;0x00;-47;38;368.000;1784203310.542171001;0x004c;0215e20a39f473f54bc4a12f17d1ad07a96100000000c8
474;1784203310.579087019;296.208573;dc:a6:32:65:e5:71;36;0x00;-44;39;368.000;1784203310.579455137;0x004c;0215e20a39f473f54bc4a12f17d1ad07a96100000000c8
475;1784203311.796210051;297.425696;dc:a6:32:65:e5:71;36;0x00;-47;38;368.000;1784203311.796578169;0x004c;0215e20a39f473f54bc4a12f17d1ad07a96100000000c8
476;1784203311.817693949;297.447180;dc:a6:32:65:e5:71;36;0x00;-44;39;368.000;1784203311.818062067;0x004c;0215e20a39f473f54bc4a12f17d1ad07a96100000000c8
477;1784203313.084369898;298.713856;dc:a6:32:65:e5:71;36;0x00;-44;39;368.000;1784203313.084738016;0x004c;0215e20a39f473f54bc4a12f17d1ad07a96100000000c8
478;1784203314.355078936;299.984565;dc:a6:32:65:e5:71;36;0x00;-48;38;368.000;1784203314.355447054;0x004c;0215e20a39f473f54bc4a12f17d1ad07a96100000000c8
479;1784203314.356173992;299.985660;dc:a6:32:65:e5:71;36;0x00;-44;39;368.000;1784203314.356542110;0x004c;0215e20a39f473f54bc4a12f17d1ad07a96100000000c8
480;1784203315.626219988;301.255706;dc:a6:32:65:e5:71;36;0x00;-47;38;368.000;1784203315.626588106;0x004c;0215e20a39f473f54bc4a12f17d1ad07a96100000000c8
481;1784203315.664505005;301.293991;dc:a6:32:65:e5:71;36;0x00;-44;39;368.000;1784203315.664873123;0x004c;0215e20a39f473f54bc4a12f17d1ad07a96100000000c8
482;1784203316.912106991;302.541593;dc:a6:32:65:e5:71;36;0x00;-47;38;368.000;1784203316.912475109;0x004c;0215e20a39f473f54bc4a12f17d1ad07a96100000000c8
483;1784203316.933684111;302.563170;dc:a6:32:65:e5:71;36;0x00;-44;39;368.000;1784203316.934052229;0x004c;0215e20a39f473f54bc4a12f17d1ad07a96100000000c8
484;1784203318.196544886;303.826031;dc:a6:32:65:e5:71;36;0x00;-47;38;368.000;1784203318.196913004;0x004c;0215e20a39f473f54bc4a12f17d1ad07a96100000000c8
485;1784203318.213044882;303.842531;dc:a6:32:65:e5:71;36;0x00;-44;39;368.000;1784203318.213413000;0x004c;0215e20a39f473f54bc4a12f17d1ad07a96100000000c8
486;1784203319.487689018;305.117175;dc:a6:32:65:e5:71;36;0x00;-44;39;368.000;1784203319.488057137;0x004c;0215e20a39f473f54bc4a12f17d1ad07a96100000000c8
487;1784203320.760391951;306.389878;dc:a6:32:65:e5:71;36;0x00;-47;38;368.000;1784203320.760760069;0x004c;0215e20a39f473f54bc4a12f17d1ad07a96100000000c8
488;1784203320.797903061;306.427389;dc:a6:32:65:e5:71;36;0x00;-44;39;368.000;1784203320.798271179;0x004c;0215e20a39f473f54bc4a12f17d1ad07a96100000000c8
489;1784203322.035039902;307.664526;dc:a6:32:65:e5:71;36;0x00;-47;38;368.000;1784203322.035408020;0x004c;0215e20a39f473f54bc4a12f17d1ad07a96100000000c8
490;1784203322.046880007;307.676366;dc:a6:32:65:e5:71;36;0x00;-44;39;368.000;1784203322.047248125;0x004c;0215e20a39f473f54bc4a12f17d1ad07a96100000000c8
491;1784203323.317121983;308.946608;dc:a6:32:65:e5:71;36;0x00;-47;38;368.000;1784203323.317490101;0x004c;0215e20a39f473f54bc4a12f17d1ad07a96100000000c8
492;1784203323.318854094;308.948340;dc:a6:32:65:e5:71;36;0x00;-44;39;368.000;1784203323.319222212;0x004c;0215e20a39f473f54bc4a12f17d1ad07a96100000000c8
493;1784203324.601577997;310.231064;dc:a6:32:65:e5:71;36;0x00;-48;38;368.000;1784203324.601946115;0x004c;0215e20a39f473f54bc4a12f17d1ad07a96100000000c8
494;1784203324.640619993;310.270106;dc:a6:32:65:e5:71;36;0x00;-44;39;368.000;1784203324.640988111;0x004c;0215e20a39f473f54bc4a12f17d1ad07a96100000000c8
495;1784203325.878139973;311.507626;dc:a6:32:65:e5:71;36;0x00;-44;39;368.000;1784203325.878508091;0x004c;0215e20a39f473f54bc4a12f17d1ad07a96100000000c8
496;1784203327.165158987;312.794645;dc:a6:32:65:e5:71;36;0x00;-47;38;368.000;1784203327.165527105;0x004c;0215e20a39f473f54bc4a12f17d1ad07a96100000000c8
497;1784203327.192023039;312.821509;dc:a6:32:65:e5:71;36;0x00;-44;39;368.000;1784203327.192391157;0x004c;0215e20a39f473f54bc4a12f17d1ad07a96100000000c8
498;1784203328.423237085;314.052723;dc:a6:32:65:e5:71;36;0x00;-48;38;368.000;1784203328.423605204;0x004c;0215e20a39f473f54bc4a12f17d1ad07a96100000000c8
499;1784203328.447313070;314.076799;dc:a6:32:65:e5:71;36;0x00;-44;39;368.000;1784203328.447681189;0x004c;0215e20a39f473f54bc4a12f17d1ad07a96100000000c8
500;1784203329.707710028;315.337196;dc:a6:32:65:e5:71;36;0x00;-47;38;368.000;1784203329.708078146;0x004c;0215e20a39f473f54bc4a12f17d1ad07a96100000000c8
501;1784203329.740017891;315.369504;dc:a6:32:65:e5:71;36;0x00;-44;39;368.000;1784203329.740386009;0x004c;0215e20a39f473f54bc4a12f17d1ad07a96100000000c8
502;1784203331.006916046;316.636402;dc:a6:32:65:e5:71;36;0x00;-47;38;368.000;1784203331.007284164;0x004c;0215e20a39f473f54bc4a12f17d1ad07a96100000000c8
503;1784203331.038913012;316.668399;dc:a6:32:65:e5:71;36;0x00;-44;39;368.000;1784203331.039281130;0x004c;0215e20a39f473f54bc4a12f17d1ad07a96100000000c8
504;1784203332.287189960;317.916676;dc:a6:32:65:e5:71;36;0x00;-47;38;368.000;1784203332.287558079;0x004c;0215e20a39f473f54bc4a12f17d1ad07a96100000000c8
505;1784203332.315440893;317.944927;dc:a6:32:65:e5:71;36;0x00;-44;39;368.000;1784203332.315809011;0x004c;0215e20a39f473f54bc4a12f17d1ad07a96100000000c8
506;1784203333.565248013;319.194734;dc:a6:32:65:e5:71;36;0x00;-44;39;368.000;1784203333.565616131;0x004c;0215e20a39f473f54bc4a12f17d1ad07a96100000000c8
507;1784203334.844136953;320.473623;dc:a6:32:65:e5:71;36;0x00;-50;38;368.000;1784203334.844505072;0x004c;0215e20a39f473f54bc4a12f17d1ad07a96100000000c8
508;1784203334.870762110;320.500248;dc:a6:32:65:e5:71;36;0x00;-44;39;368.000;1784203334.871130228;0x004c;0215e20a39f473f54bc4a12f17d1ad07a96100000000c8
509;1784203336.139735937;321.769222;dc:a6:32:65:e5:71;36;0x00;-48;38;368.000;1784203336.140104055;0x004c;0215e20a39f473f54bc4a12f17d1ad07a96100000000c8
510;1784203336.167232037;321.796718;dc:a6:32:65:e5:71;36;0x00;-44;39;368.000;1784203336.167600155;0x004c;0215e20a39f473f54bc4a12f17d1ad07a96100000000c8
511;1784203337.413300037;323.042786;dc:a6:32:65:e5:71;36;0x00;-44;37;368.000;1784203337.413668156;0x004c;0215e20a39f473f54bc4a12f17d1ad07a96100000000c8
512;1784203337.439930916;323.069417;dc:a6:32:65:e5:71;36;0x00;-49;38;368.000;1784203337.440299034;0x004c;0215e20a39f473f54bc4a12f17d1ad07a96100000000c8
513;1784203337.468497992;323.097984;dc:a6:32:65:e5:71;36;0x00;-44;39;368.000;1784203337.468866110;0x004c;0215e20a39f473f54bc4a12f17d1ad07a96100000000c8
514;1784203338.689888954;324.319375;dc:a6:32:65:e5:71;36;0x00;-49;38;368.000;1784203338.690257072;0x004c;0215e20a39f473f54bc4a12f17d1ad07a96100000000c8
515;1784203338.702017069;324.331503;dc:a6:32:65:e5:71;36;0x00;-44;39;368.000;1784203338.702385187;0x004c;0215e20a39f473f54bc4a12f17d1ad07a96100000000c8
516;1784203339.960294008;325.589780;dc:a6:32:65:e5:71;36;0x00;-49;38;368.000;1784203339.960662127;0x004c;0215e20a39f473f54bc4a12f17d1ad07a96100000000c8
517;1784203339.982777119;325.612263;dc:a6:32:65:e5:71;36;0x00;-44;39;368.000;1784203339.983145237;0x004c;0215e20a39f473f54bc4a12f17d1ad07a96100000000c8
518;1784203341.247426033;326.876912;dc:a6:32:65:e5:71;36;0x00;-49;38;368.000;1784203341.247794151;0x004c;0215e20a39f473f54bc4a12f17d1ad07a96100000000c8
519;1784203341.269028902;326.898515;dc:a6:32:65:e5:71;36;0x00;-44;39;368.000;1784203341.269397020;0x004c;0215e20a39f473f54bc4a12f17d1ad07a96100000000c8
520;1784203342.531702995;328.161189;dc:a6:32:65:e5:71;36;0x00;-49;38;368.000;1784203342.532071114;0x004c;0215e20a39f473f54bc4a12f17d1ad07a96100000000c8
521;1784203342.559395075;328.188881;dc:a6:32:65:e5:71;36;0x00;-44;39;368.000;1784203342.559763193;0x004c;0215e20a39f473f54bc4a12f17d1ad07a96100000000c8
522;1784203343.815665960;329.445152;dc:a6:32:65:e5:71;36;0x00;-48;38;368.000;1784203343.816034079;0x004c;0215e20a39f473f54bc4a12f17d1ad07a96100000000c8
523;1784203343.843693018;329.473179;dc:a6:32:65:e5:71;36;0x00;-44;39;368.000;1784203343.844061136;0x004c;0215e20a39f473f54bc4a12f17d1ad07a96100000000c8
524;1784203345.100749016;330.730235;dc:a6:32:65:e5:71;36;0x00;-48;38;368.000;1784203345.101117134;0x004c;0215e20a39f473f54bc4a12f17d1ad07a96100000000c8
525;1784203345.131418943;330.760905;dc:a6:32:65:e5:71;36;0x00;-44;39;368.000;1784203345.131787062;0x004c;0215e20a39f473f54bc4a12f17d1ad07a96100000000c8
526;1784203346.379204035;332.008690;dc:a6:32:65:e5:71;36;0x00;-49;38;368.000;1784203346.379572153;0x004c;0215e20a39f473f54bc4a12f17d1ad07a96100000000c8
527;1784203346.406035900;332.035522;dc:a6:32:65:e5:71;36;0x00;-44;39;368.000;1784203346.406404018;0x004c;0215e20a39f473f54bc4a12f17d1ad07a96100000000c8
528;1784203347.667757988;333.297244;dc:a6:32:65:e5:71;36;0x00;-49;38;368.000;1784203347.668126106;0x004c;0215e20a39f473f54bc4a12f17d1ad07a96100000000c8
529;1784203347.673974037;333.303460;dc:a6:32:65:e5:71;36;0x00;-44;39;368.000;1784203347.674342155;0x004c;0215e20a39f473f54bc4a12f17d1ad07a96100000000c8
530;1784203348.944240093;334.573726;dc:a6:32:65:e5:71;36;0x00;-48;38;368.000;1784203348.944608212;0x004c;0215e20a39f473f54bc4a12f17d1ad07a96100000000c8
531;1784203348.953177929;334.582664;dc:a6:32:65:e5:71;36;0x00;-44;39;368.000;1784203348.953546047;0x004c;0215e20a39f473f54bc4a12f17d1ad07a96100000000c8
532;1784203350.209105968;335.838592;dc:a6:32:65:e5:71;36;0x00;-48;38;368.000;1784203350.209474087;0x004c;0215e20a39f473f54bc4a12f17d1ad07a96100000000c8
533;1784203350.232104063;335.861590;dc:a6:32:65:e5:71;36;0x00;-44;39;368.000;1784203350.232472181;0x004c;0215e20a39f473f54bc4a12f17d1ad07a96100000000c8
534;1784203351.516886950;337.146373;dc:a6:32:65:e5:71;36;0x00;-50;38;368.000;1784203351.517255068;0x004c;0215e20a39f473f54bc4a12f17d1ad07a96100000000c8
535;1784203351.534585953;337.164072;dc:a6:32:65:e5:71;36;0x00;-44;39;368.000;1784203351.534954071;0x004c;0215e20a39f473f54bc4a12f17d1ad07a96100000000c8
536;1784203352.788688898;338.418175;dc:a6:32:65:e5:71;36;0x00;-49;38;368.000;1784203352.789057016;0x004c;0215e20a39f473f54bc4a12f17d1ad07a96100000000c8
537;1784203352.811038971;338.440525;dc:a6:32:65:e5:71;36;0x00;-44;39;368.000;1784203352.811407089;0x004c;0215e20a39f473f54bc4a12f17d1ad07a96100000000c8
538;1784203354.059993029;339.689479;dc:a6:32:65:e5:71;36;0x00;-48;38;368.000;1784203354.060361147;0x004c;0215e20a39f473f54bc4a12f17d1ad07a96100000000c8
539;1784203354.088726044;339.718212;dc:a6:32:65:e5:71;36;0x00;-44;39;368.000;1784203354.089094162;0x004c;0215e20a39f473f54bc4a12f17d1ad07a96100000000c8
