timestamp_epoch;elapsed_s;source;technology;band;device;rssi_dbm;adc_code;voltage_v;power_detector_dbm;power_antenna_dbm;power_w;duration_s;energy_j;cumulative_energy_j;packet_length_bytes;pdu_type;channel;alert_level;simulated
1787667336.700009;4.740874970999357;BLE Sniffer;Appareil BLE;2,4 GHz BLE;48:e9:9e:3d:b7:7b;-77.0;;;;-77.0;1.9952623149688828e-11;0.00028;5.586734481912872e-15;5.586734481912872e-15;25;0x00;37;VERT;False
1787667337.0015676;5.042433602999154;BLE Sniffer;Appareil BLE;2,4 GHz BLE;48:e9:9e:3d:b7:7b;-76.0;;;;-76.0;2.5118864315095823e-11;0.00028;7.03328200822683e-15;1.2620016490139702e-14;25;0x00;38;VERT;False
1787667337.0016408;5.04250581999986;BLE Sniffer;Appareil BLE;2,4 GHz BLE;48:e9:9e:3d:b7:7b;-77.0;;;;-77.0;1.9952623149688828e-11;0.00028;5.586734481912872e-15;1.8206750972052574e-14;25;0x00;39;VERT;False
1787667337.3033557;5.344221843999549;BLE Sniffer;Appareil BLE;2,4 GHz BLE;48:e9:9e:3d:b7:7b;-80.0;;;;-80.0;1e-11;0.00028;2.7999999999999997e-15;2.1006750972052572e-14;25;0x00;37;VERT;False
1787667338.1061668;6.147033294999346;BLE Sniffer;Appareil BLE;2,4 GHz BLE;48:e9:9e:3d:b7:7b;-81.0;;;;-81.0;7.943282347242821e-12;0.00028;2.22411905722799e-15;2.323087002928056e-14;25;0x00;38;VERT;False
1787667338.1062534;6.147118065999166;BLE Sniffer;Appareil BLE;2,4 GHz BLE;48:e9:9e:3d:b7:7b;-84.0;;;;-84.0;3.9810717055349695e-12;0.00028;1.1147000775497915e-15;2.4345570106830353e-14;25;0x00;39;VERT;False
1787667338.3073268;6.348193564999747;BLE Sniffer;Appareil BLE;2,4 GHz BLE;d3:23:2f:4d:3e:b1;-72.0;;;;-72.0;6.309573444801942e-11;0.000376;2.3723996152455302e-14;2.3723996152455302e-14;37;0x00;37;VERT;False
1787667338.4079895;6.448855546999766;BLE Sniffer;Appareil BLE;2,4 GHz BLE;48:e9:9e:3d:b7:7b;-77.0;;;;-77.0;1.9952623149688828e-11;0.00028;5.586734481912872e-15;2.9932304588743226e-14;25;0x00;38;VERT;False
1787667338.4080665;6.448931134000304;BLE Sniffer;Appareil BLE;2,4 GHz BLE;48:e9:9e:3d:b7:7b;-79.0;;;;-79.0;1.2589254117941662e-11;0.00028;3.524991153023665e-15;3.345729574176689e-14;25;0x00;39;VERT;False
1787667338.6091504;6.6500163359996805;BLE Sniffer;Appareil BLE;2,4 GHz BLE;48:e9:9e:3d:b7:7b;-77.0;;;;-77.0;1.9952623149688828e-11;0.00028;5.586734481912872e-15;3.9044030223679765e-14;25;0x00;37;VERT;False
1787667338.7098274;6.750693243000569;BLE Sniffer;Appareil BLE;2,4 GHz BLE;48:e9:9e:3d:b7:7b;-77.0;;;;-77.0;1.9952623149688828e-11;0.00028;5.586734481912872e-15;4.463076470559264e-14;25;0x00;38;VERT;False
1787667338.709913;6.750777643999754;BLE Sniffer;Appareil BLE;2,4 GHz BLE;48:e9:9e:3d:b7:7b;-76.0;;;;-76.0;2.5118864315095823e-11;0.00028;7.03328200822683e-15;5.1664046713819465e-14;25;0x00;39;VERT;False
1787667338.9109786;6.951844773999255;BLE Sniffer;Appareil BLE;2,4 GHz BLE;48:e9:9e:3d:b7:7b;-77.0;;;;-77.0;1.9952623149688828e-11;0.00028;5.586734481912872e-15;5.725078119573233e-14;25;0x00;37;VERT;False
1787667340.3163137;8.357182760999422;BLE Sniffer;Appareil BLE;2,4 GHz BLE;48:e9:9e:3d:b7:7b;-75.0;;;;-75.0;3.1622776601683794e-11;0.00028;8.854377448471461e-15;6.610515864420379e-14;25;0x00;38;VERT;False
1787667340.3164964;8.357361286000014;BLE Sniffer;Appareil BLE;2,4 GHz BLE;48:e9:9e:3d:b7:7b;-78.0;;;;-78.0;1.5848931924611107e-11;0.00028;4.4377009388911094e-15;7.05428595830949e-14;25;0x00;39;VERT;False
1787667340.316538;8.357402560999617;BLE Sniffer;Appareil BLE;2,4 GHz BLE;d3:23:2f:4d:3e:b1;-72.0;;;;-72.0;6.309573444801942e-11;0.000376;2.3723996152455302e-14;4.7447992304910603e-14;37;0x00;37;VERT;False
1787667340.4176686;8.458535474999735;BLE Sniffer;Appareil BLE;2,4 GHz BLE;d3:23:2f:4d:3e:b1;-75.0;;;;-75.0;3.1622776601683794e-11;0.000376;1.1890164002233105e-14;5.933815630714371e-14;37;0x00;38;VERT;False
1787667340.417746;8.458610654999575;BLE Sniffer;Appareil BLE;2,4 GHz BLE;d3:23:2f:4d:3e:b1;-84.0;;;;-84.0;3.9810717055349695e-12;0.000376;1.4968829612811484e-15;6.083503926842485e-14;37;0x00;39;VERT;False
1787667340.5186377;8.559506068000701;BLE Sniffer;Appareil BLE;2,4 GHz BLE;48:e9:9e:3d:b7:7b;-80.0;;;;-80.0;1e-11;0.00028;2.7999999999999997e-15;7.33428595830949e-14;25;0x00;37;VERT;False
1787667340.820043;8.860909155000627;BLE Sniffer;Appareil BLE;2,4 GHz BLE;48:e9:9e:3d:b7:7b;-76.0;;;;-76.0;2.5118864315095823e-11;0.00028;7.03328200822683e-15;8.037614159132173e-14;25;0x00;38;VERT;False
1787667340.8201137;8.860978001999683;BLE Sniffer;Appareil BLE;2,4 GHz BLE;48:e9:9e:3d:b7:7b;-78.0;;;;-78.0;1.5848931924611107e-11;0.00028;4.4377009388911094e-15;8.481384253021284e-14;25;0x00;39;VERT;False
1787667341.1219583;9.16282795999905;BLE Sniffer;Appareil BLE;2,4 GHz BLE;48:e9:9e:3d:b7:7b;-76.0;;;;-76.0;2.5118864315095823e-11;0.00028;7.03328200822683e-15;9.184712453843967e-14;25;0x00;37;VERT;False
1787667341.1221232;9.162989041000401;BLE Sniffer;Appareil BLE;2,4 GHz BLE;28:e9:9e:3d:b7:7b;-77.0;;;;-77.0;1.9952623149688828e-11;0.00028;5.586734481912872e-15;5.586734481912872e-15;25;0x00;38;VERT;False
1787667341.12217;9.163034352999603;BLE Sniffer;Appareil BLE;2,4 GHz BLE;48:e9:9e:3d:b7:7b;-80.0;;;;-80.0;1e-11;0.00028;2.7999999999999997e-15;9.464712453843967e-14;25;0x00;39;VERT;False
1787667341.4243329;9.465199364;BLE Sniffer;Appareil BLE;2,4 GHz BLE;48:e9:9e:3d:b7:7b;-77.0;;;;-77.0;1.9952623149688828e-11;0.00028;5.586734481912872e-15;1.0023385902035253e-13;25;0x00;37;VERT;False
1787667342.2276645;10.268531080000685;BLE Sniffer;Appareil BLE;2,4 GHz BLE;48:e9:9e:3d:b7:7b;-75.0;;;;-75.0;3.1622776601683794e-11;0.00028;8.854377448471461e-15;1.09088236468824e-13;25;0x00;38;VERT;False
1787667342.2277482;10.268612759999087;BLE Sniffer;Appareil BLE;2,4 GHz BLE;48:e9:9e:3d:b7:7b;-80.0;;;;-80.0;1e-11;0.00028;2.7999999999999997e-15;1.1188823646882399e-13;25;0x00;39;VERT;False
1787667342.3287418;10.369613298000331;BLE Sniffer;Appareil BLE;2,4 GHz BLE;d3:23:2f:4d:3e:b1;-75.0;;;;-75.0;3.1622776601683794e-11;0.000376;1.1890164002233105e-14;7.272520327065796e-14;37;0x00;37;VERT;False
1787667342.5302944;10.57116605400006;BLE Sniffer;Appareil BLE;2,4 GHz BLE;01:02:68:e9:9e:3d;-77.0;;;;-77.0;1.9952623149688828e-11;0.00028;5.586734481912872e-15;5.586734481912872e-15;25;0x08;38;VERT;False
1787667342.5304317;10.57129684100073;BLE Sniffer;Appareil BLE;2,4 GHz BLE;48:e9:9e:3d:b7:7b;-83.0;;;;-83.0;5.011872336272715e-12;0.00028;1.40332425415636e-15;1.1329156072298035e-13;25;0x00;39;VERT;False
1787667342.7318623;10.772729252999852;BLE Sniffer;Appareil BLE;2,4 GHz BLE;48:e9:9e:3d:b7:7b;-80.0;;;;-80.0;1e-11;0.00028;2.7999999999999997e-15;1.1609156072298035e-13;25;0x00;37;VERT;False
1787667342.8325443;10.873410738999155;BLE Sniffer;Appareil BLE;2,4 GHz BLE;48:e9:9e:3d:b7:7b;-74.0;;;;-74.0;3.9810717055349695e-11;0.00028;1.1147000775497913e-14;1.2723856149847827e-13;25;0x00;38;VERT;False
1787667342.8326187;10.87348312299946;BLE Sniffer;Appareil BLE;2,4 GHz BLE;48:e9:9e:3d:b7:7b;-83.0;;;;-83.0;5.011872336272715e-12;0.00028;1.40332425415636e-15;1.2864188575263462e-13;25;0x00;39;VERT;False
1787667343.0343647;11.07523084999957;BLE Sniffer;Appareil BLE;2,4 GHz BLE;48:e9:9e:3d:b7:7b;-78.0;;;;-78.0;1.5848931924611107e-11;0.00028;4.4377009388911094e-15;1.3307958669152573e-13;25;0x00;37;VERT;False
1787667343.0344372;11.075301492999643;BLE Sniffer;Appareil BLE;2,4 GHz BLE;48:e9:9e:3d:b7:7b;-75.0;;;;-75.0;3.1622776601683794e-11;0.00028;8.854377448471461e-15;1.419339641399972e-13;25;0x00;38;VERT;False
1787667343.0344741;11.075338619999457;BLE Sniffer;Appareil BLE;2,4 GHz BLE;48:e9:9e:3d:b7:7b;-82.0;;;;-82.0;6.309573444801943e-12;0.00028;1.7666805645445437e-15;1.4370064470454174e-13;25;0x00;39;VERT;False
1787667343.3361337;11.37700006399973;BLE Sniffer;Appareil BLE;2,4 GHz BLE;48:e9:9e:3d:b7:7b;-79.0;;;;-79.0;1.2589254117941662e-11;0.00028;3.524991153023665e-15;1.472256358575654e-13;25;0x00;37;VERT;False
1787667343.3362207;11.377085279998937;BLE Sniffer;Appareil BLE;2,4 GHz BLE;48:e9:9e:3d:b7:7b;-73.0;;;;-73.0;5.011872336272715e-11;0.00028;1.40332425415636e-14;1.6125887839912898e-13;25;0x00;38;VERT;False
1787667343.5378318;11.578698663999603;BLE Sniffer;Appareil BLE;2,4 GHz BLE;48:e9:9e:3d:b7:7b;-87.0;;;;-87.0;1.9952623149688827e-12;0.00028;5.586734481912871e-16;1.6181755184732027e-13;25;0x00;39;VERT;False
1787667344.1429322;12.183804608999708;BLE Sniffer;Appareil BLE;2,4 GHz BLE;48:e9:9e:3d:b7:7b;-84.0;;;;-84.0;3.9810717055349695e-12;0.00028;1.1147000775497915e-15;1.6293225192487007e-13;25;0x00;37;VERT;False
1787667344.444546;12.485412125999574;BLE Sniffer;Appareil BLE;2,4 GHz BLE;48:e9:9e:3d:b7:7b;-77.0;;;;-77.0;1.9952623149688828e-11;0.00028;5.586734481912872e-15;1.6851898640678295e-13;25;0x00;38;VERT;False
1787667344.4446247;12.48548932399899;BLE Sniffer;Appareil BLE;2,4 GHz BLE;48:e9:9e:3d:b7:7b;-81.0;;;;-81.0;7.943282347242821e-12;0.00028;2.22411905722799e-15;1.7074310546401094e-13;25;0x00;39;VERT;False
1787667344.6457293;12.68659611700059;BLE Sniffer;Appareil BLE;2,4 GHz BLE;48:e9:9e:3d:b7:7b;-77.0;;;;-77.0;1.9952623149688828e-11;0.00028;5.586734481912872e-15;1.7632983994592382e-13;25;0x00;37;VERT;False
1787667345.25143;13.292295707000449;BLE Sniffer;Appareil BLE;2,4 GHz BLE;48:e9:9e:3d:b7:7b;-77.0;;;;-77.0;1.9952623149688828e-11;0.00028;5.586734481912872e-15;1.819165744278367e-13;25;0x00;38;VERT;False
1787667345.2515037;13.292368017000626;BLE Sniffer;Appareil BLE;2,4 GHz BLE;48:e9:9e:3d:b7:7b;-88.0;;;;-88.0;1.584893192461111e-12;0.00028;4.4377009388911103e-16;1.823603445217258e-13;25;0x00;39;VERT;False
1787667345.4526143;13.4934805339999;BLE Sniffer;Appareil BLE;2,4 GHz BLE;48:e9:9e:3d:b7:7b;-78.0;;;;-78.0;1.5848931924611107e-11;0.00028;4.4377009388911094e-15;1.867980454606169e-13;25;0x00;37;VERT;False
1787667345.5532844;13.594150405000619;BLE Sniffer;Appareil BLE;2,4 GHz BLE;48:e9:9e:3d:b7:7b;-72.0;;;;-72.0;6.309573444801942e-11;0.00028;1.7666805645445437e-14;2.0446485110606235e-13;25;0x00;38;VERT;False
1787667345.5533655;13.594229881000501;BLE Sniffer;Appareil BLE;2,4 GHz BLE;48:e9:9e:3d:b7:7b;-78.0;;;;-78.0;1.5848931924611107e-11;0.00028;4.4377009388911094e-15;2.0890255204495345e-13;25;0x00;39;VERT;False
1787667345.7546184;13.795484832999136;BLE Sniffer;Appareil BLE;2,4 GHz BLE;48:e9:9e:3d:b7:7b;-77.0;;;;-77.0;1.9952623149688828e-11;0.00028;5.586734481912872e-15;2.1448928652686633e-13;25;0x00;37;VERT;False
1787667346.0578294;14.098695405999024;BLE Sniffer;Appareil BLE;2,4 GHz BLE;48:e9:9e:3d:b7:7b;-75.0;;;;-75.0;3.1622776601683794e-11;0.00028;8.854377448471461e-15;2.233436639753378e-13;25;0x00;38;VERT;False
1787667346.0579066;14.09877127099935;BLE Sniffer;Appareil BLE;2,4 GHz BLE;48:e9:9e:3d:b7:7b;-84.0;;;;-84.0;3.9810717055349695e-12;0.00028;1.1147000775497915e-15;2.2445836405288758e-13;25;0x00;39;VERT;False
1787667346.3596728;14.40053921099934;BLE Sniffer;Appareil BLE;2,4 GHz BLE;d3:23:2f:4d:3e:b1;-72.0;;;;-72.0;6.309573444801942e-11;0.000376;2.3723996152455302e-14;9.644919942311327e-14;37;0x00;37;VERT;False
1787667346.3597775;14.40064216599967;BLE Sniffer;Appareil BLE;2,4 GHz BLE;d3:23:2f:4d:3e:b1;-76.0;;;;-76.0;2.5118864315095823e-11;0.000376;9.444692982476029e-15;1.058938924055893e-13;37;0x00;38;VERT;False
1787667346.35982;14.400684238000395;BLE Sniffer;Appareil BLE;2,4 GHz BLE;d3:23:2f:4d:3e:b1;-83.0;;;;-83.0;5.011872336272715e-12;0.000376;1.8844639984385405e-15;1.0777835640402784e-13;37;0x00;39;VERT;False
1787667346.5612864;14.602152789000684;BLE Sniffer;Appareil BLE;2,4 GHz BLE;48:e9:9e:3d:b7:7b;-78.0;;;;-78.0;1.5848931924611107e-11;0.00028;4.4377009388911094e-15;2.288960649917787e-13;25;0x00;37;VERT;False
1787667346.6620312;14.702897127999677;BLE Sniffer;Appareil BLE;2,4 GHz BLE;48:e9:9e:3d:b7:7b;-72.0;;;;-72.0;6.309573444801942e-11;0.00028;1.7666805645445437e-14;2.4656287063722413e-13;25;0x00;38;VERT;False
1787667346.662107;14.702971327000341;BLE Sniffer;Appareil BLE;2,4 GHz BLE;48:e9:9e:3d:b7:7b;-82.0;;;;-82.0;6.309573444801943e-12;0.00028;1.7666805645445437e-15;2.483295512017687e-13;25;0x00;39;VERT;False
1787667346.967127;15.007995652998943;BLE Sniffer;Appareil BLE;2,4 GHz BLE;36:9f:ef:69:7c:bf;-91.0;;;;-91.0;7.943282347242822e-13;0.00026399999999999997;2.0970265396721046e-16;2.0970265396721046e-16;23;0x02;37;VERT;False
1787667347.4696593;15.510524945000725;BLE Sniffer;Appareil BLE;2,4 GHz BLE;48:e9:9e:3d:b7:7b;-75.0;;;;-75.0;3.1622776601683794e-11;0.00028;8.854377448471461e-15;2.5718392865024017e-13;25;0x00;38;VERT;False
1787667347.4697354;15.51059988399902;BLE Sniffer;Appareil BLE;2,4 GHz BLE;48:e9:9e:3d:b7:7b;-81.0;;;;-81.0;7.943282347242821e-12;0.00028;2.22411905722799e-15;2.5940804770746816e-13;25;0x00;39;VERT;False
1787667347.670871;15.711736941999334;BLE Sniffer;Appareil BLE;2,4 GHz BLE;48:e9:9e:3d:b7:7b;-86.0;;;;-86.0;2.5118864315095823e-12;0.00028;7.03328200822683e-16;2.6011137590829084e-13;25;0x00;37;VERT;False
1787667348.3770423;16.417909384999803;BLE Sniffer;Appareil BLE;2,4 GHz BLE;d3:23:2f:4d:3e:b1;-78.0;;;;-78.0;1.5848931924611107e-11;0.000376;5.959198403653776e-15;1.1373755480768161e-13;37;0x00;38;VERT;False
1787667348.3771253;16.417989749999833;BLE Sniffer;Appareil BLE;2,4 GHz BLE;d3:23:2f:4d:3e:b1;-77.0;;;;-77.0;1.9952623149688828e-11;0.000376;7.502186304282999e-15;1.2123974111196462e-13;37;0x00;39;VERT;False
1787667348.4780364;16.51890274700054;BLE Sniffer;Appareil BLE;2,4 GHz BLE;48:e9:9e:3d:b7:7b;-77.0;;;;-77.0;1.9952623149688828e-11;0.00028;5.586734481912872e-15;2.656981103902037e-13;25;0x00;37;VERT;False
1787667348.5787284;16.61959459299942;BLE Sniffer;Appareil BLE;2,4 GHz BLE;48:e9:9e:3d:b7:7b;-72.0;;;;-72.0;6.309573444801942e-11;0.00028;1.7666805645445437e-14;2.833649160356491e-13;25;0x00;38;VERT;False
1787667348.5788136;16.619677921000402;BLE Sniffer;Appareil BLE;2,4 GHz BLE;48:e9:9e:3d:b7:7b;-77.0;;;;-77.0;1.9952623149688828e-11;0.00028;5.586734481912872e-15;2.8895165051756196e-13;25;0x00;39;VERT;False
1787667348.7829666;16.823836606999976;BLE Sniffer;Appareil BLE;2,4 GHz BLE;48:e9:9e:3d:b7:7b;-77.0;;;;-77.0;1.9952623149688828e-11;0.00028;5.586734481912872e-15;2.945383849994748e-13;25;0x00;37;VERT;False
1787667348.783073;16.823937580998972;BLE Sniffer;Appareil BLE;2,4 GHz BLE;48:e9:9e:3d:b7:7b;-72.0;;;;-72.0;6.309573444801942e-11;0.00028;1.7666805645445437e-14;3.1220519064492023e-13;25;0x00;38;VERT;False
1787667348.8841586;16.92502499299917;BLE Sniffer;Appareil BLE;2,4 GHz BLE;48:e9:9e:3d:b7:7b;-82.0;;;;-82.0;6.309573444801943e-12;0.00028;1.7666805645445437e-15;3.139718712094648e-13;25;0x00;39;VERT;False
1787667349.085438;17.126304773999436;BLE Sniffer;Appareil BLE;2,4 GHz BLE;48:e9:9e:3d:b7:7b;-77.0;;;;-77.0;1.9952623149688828e-11;0.00028;5.586734481912872e-15;3.1955860569137764e-13;25;0x00;37;VERT;False
1787667349.0855095;17.126374139999825;BLE Sniffer;Appareil BLE;2,4 GHz BLE;48:e9:9e:3d:b7:7b;-72.0;;;;-72.0;6.309573444801942e-11;0.00028;1.7666805645445437e-14;3.3722541133682305e-13;25;0x00;38;VERT;False
1787667349.0855477;17.12641221100057;BLE Sniffer;Appareil BLE;2,4 GHz BLE;48:e9:9e:3d:b7:7b;-81.0;;;;-81.0;7.943282347242821e-12;0.00028;2.22411905722799e-15;3.3944953039405105e-13;25;0x00;39;VERT;False
1787667349.3874304;17.428297886999644;BLE Sniffer;Appareil BLE;2,4 GHz BLE;48:e9:9e:3d:b7:7b;-76.0;;;;-76.0;2.5118864315095823e-11;0.00028;7.03328200822683e-15;3.464828124022779e-13;25;0x00;37;VERT;False
1787667349.5885382;17.629403914999784;BLE Sniffer;Appareil BLE;2,4 GHz BLE;48:e9:9e:3d:b7:7b;-72.0;;;;-72.0;6.309573444801942e-11;0.00028;1.7666805645445437e-14;3.641496180477233e-13;25;0x00;38;VERT;False
1787667349.6893415;17.730208060000223;BLE Sniffer;Appareil BLE;2,4 GHz BLE;48:e9:9e:3d:b7:7b;-80.0;;;;-80.0;1e-11;0.00028;2.7999999999999997e-15;3.669496180477233e-13;25;0x00;39;VERT;False
1787667349.7920806;17.83295018299941;BLE Sniffer;Appareil BLE;2,4 GHz BLE;72:df:ee:04:22:3c;-51.0;;;;-51.0;7.943282347242822e-09;0.000176;1.3980176931147366e-12;1.3980176931147366e-12;12;0x03;37;ORANGE;False
1787667349.8932033;17.93406928799959;BLE Sniffer;Appareil BLE;2,4 GHz BLE;48:e9:9e:3d:b7:7b;-74.0;;;;-74.0;3.9810717055349695e-11;0.00028;1.1147000775497913e-14;3.7809661882322123e-13;25;0x00;38;VERT;False
1787667349.893274;17.9341386720007;BLE Sniffer;Appareil BLE;2,4 GHz BLE;48:e9:9e:3d:b7:7b;-79.0;;;;-79.0;1.2589254117941662e-11;0.00028;3.524991153023665e-15;3.816216099762449e-13;25;0x00;39;VERT;False
1787667350.1952555;18.236122416999933;BLE Sniffer;Appareil BLE;2,4 GHz BLE;48:e9:9e:3d:b7:7b;-75.0;;;;-75.0;3.1622776601683794e-11;0.00028;8.854377448471461e-15;3.904759874247164e-13;25;0x00;37;VERT;False
1787667350.1953454;18.236209818000134;BLE Sniffer;Appareil BLE;2,4 GHz BLE;48:e9:9e:3d:b7:7b;-72.0;;;;-72.0;6.309573444801942e-11;0.00028;1.7666805645445437e-14;4.081427930701618e-13;25;0x00;38;VERT;False
1787667350.1953866;18.23625124099999;BLE Sniffer;Appareil BLE;2,4 GHz BLE;48:e9:9e:3d:b7:7b;-80.0;;;;-80.0;1e-11;0.00028;2.7999999999999997e-15;4.109427930701618e-13;25;0x00;39;VERT;False
1787667350.2968042;18.337669946999085;BLE Sniffer;Appareil BLE;2,4 GHz BLE;d3:23:2f:4d:3e:b1;-74.0;;;;-74.0;3.9810717055349695e-11;0.000376;1.4968829612811484e-14;1.362085707247761e-13;37;0x00;37;VERT;False
1787667350.3975482;18.43841473700013;BLE Sniffer;Appareil BLE;2,4 GHz BLE;d3:23:2f:4d:3e:b1;-75.0;;;;-75.0;3.1622776601683794e-11;0.000376;1.1890164002233105e-14;1.480987347270092e-13;37;0x00;38;VERT;False
1787667350.3976383;18.438502990000416;BLE Sniffer;Appareil BLE;2,4 GHz BLE;d3:23:2f:4d:3e:b1;-79.0;;;;-79.0;1.2589254117941662e-11;0.000376;4.7335595483460644e-15;1.5283229427535526e-13;37;0x00;39;VERT;False
1787667350.4987388;18.539605366000615;BLE Sniffer;Appareil BLE;2,4 GHz BLE;48:e9:9e:3d:b7:7b;-76.0;;;;-76.0;2.5118864315095823e-11;0.00028;7.03328200822683e-15;4.1797607507838865e-13;25;0x00;37;VERT;False
1787667350.6997626;18.74062853199939;BLE Sniffer;Appareil BLE;2,4 GHz BLE;48:e9:9e:3d:b7:7b;-73.0;;;;-73.0;5.011872336272715e-11;0.00028;1.40332425415636e-14;4.3200931761995224e-13;25;0x00;38;VERT;False
1787667350.8023088;18.84317521599951;BLE Sniffer;Appareil BLE;2,4 GHz BLE;48:e9:9e:3d:b7:7b;-78.0;;;;-78.0;1.5848931924611107e-11;0.00028;4.4377009388911094e-15;4.3644701855884335e-13;25;0x00;39;VERT;False
1787667351.003999;19.044891428000483;BLE Sniffer;Appareil BLE;2,4 GHz BLE;48:e9:9e:3d:b7:7b;-77.0;;;;-77.0;1.9952623149688828e-11;0.00028;5.586734481912872e-15;4.420337530407562e-13;25;0x00;37;VERT;False
1787667351.004203;19.04506817499896;BLE Sniffer;Appareil BLE;2,4 GHz BLE;48:e9:9e:3d:b7:7b;-74.0;;;;-74.0;3.9810717055349695e-11;0.00028;1.1147000775497913e-14;4.531807538162541e-13;25;0x00;38;VERT;False
1787667351.1054292;19.14629559000059;BLE Sniffer;Appareil BLE;2,4 GHz BLE;48:e9:9e:3d:b7:7b;-80.0;;;;-80.0;1e-11;0.00028;2.7999999999999997e-15;4.559807538162542e-13;25;0x00;39;VERT;False
1787667351.3067267;19.347592961999908;BLE Sniffer;Appareil BLE;2,4 GHz BLE;48:e9:9e:3d:b7:7b;-76.0;;;;-76.0;2.5118864315095823e-11;0.00028;7.03328200822683e-15;4.63014035824481e-13;25;0x00;37;VERT;False
1787667351.812501;19.853367765999792;BLE Sniffer;Appareil BLE;2,4 GHz BLE;48:e9:9e:3d:b7:7b;-74.0;;;;-74.0;3.9810717055349695e-11;0.00028;1.1147000775497913e-14;4.741610365999789e-13;25;0x00;38;VERT;False
1787667351.8125987;19.85346333400048;BLE Sniffer;Appareil BLE;2,4 GHz BLE;48:e9:9e:3d:b7:7b;-80.0;;;;-80.0;1e-11;0.00028;2.7999999999999997e-15;4.769610365999789e-13;25;0x00;39;VERT;False
1787667352.1145658;20.15543207799965;BLE Sniffer;Appareil BLE;2,4 GHz BLE;48:e9:9e:3d:b7:7b;-77.0;;;;-77.0;1.9952623149688828e-11;0.00028;5.586734481912872e-15;4.825477710818918e-13;25;0x00;37;VERT;False
1787667352.315601;20.356467711999358;BLE Sniffer;Appareil BLE;2,4 GHz BLE;d3:23:2f:4d:3e:b1;-74.0;;;;-74.0;3.9810717055349695e-11;0.000376;1.4968829612811484e-14;1.6780112388816674e-13;37;0x00;38;VERT;False
1787667352.3156736;20.35653811500015;BLE Sniffer;Appareil BLE;2,4 GHz BLE;d3:23:2f:4d:3e:b1;-80.0;;;;-80.0;1e-11;0.000376;3.7599999999999996e-15;1.7156112388816674e-13;37;0x00;39;VERT;False
1787667352.4165246;20.457390731999112;BLE Sniffer;Appareil BLE;2,4 GHz BLE;48:e9:9e:3d:b7:7b;-77.0;;;;-77.0;1.9952623149688828e-11;0.00028;5.586734481912872e-15;4.881345055638047e-13;25;0x00;37;VERT;False
1787667352.416609;20.457473430999016;BLE Sniffer;Appareil BLE;2,4 GHz BLE;48:e9:9e:39:b7:7b;-74.0;;;;-74.0;3.9810717055349695e-11;0.00028;1.1147000775497913e-14;1.1147000775497913e-14;25;0x00;38;VERT;False
1787667352.416649;20.457513686998936;BLE Sniffer;Appareil BLE;2,4 GHz BLE;48:e9:9e:3d:b7:7b;-79.0;;;;-79.0;1.2589254117941662e-11;0.00028;3.524991153023665e-15;4.916594967168284e-13;25;0x00;39;VERT;False
1787667352.6179397;20.658805544000643;BLE Sniffer;Appareil BLE;2,4 GHz BLE;48:e9:9e:3d:b7:7b;-77.0;;;;-77.0;1.9952623149688828e-11;0.00028;5.586734481912872e-15;4.972462311987413e-13;25;0x00;37;VERT;False
1787667352.9237988;20.96466541299924;BLE Sniffer;Appareil BLE;2,4 GHz BLE;48:e9:9e:3d:b7:7b;-74.0;;;;-74.0;3.9810717055349695e-11;0.00028;1.1147000775497913e-14;5.083932319742392e-13;25;0x00;38;VERT;False
1787667353.025473;21.06633993899959;BLE Sniffer;Appareil BLE;2,4 GHz BLE;48:e9:9e:3d:b7:7b;-78.0;;;;-78.0;1.5848931924611107e-11;0.00028;4.4377009388911094e-15;5.128309329131303e-13;25;0x00;39;VERT;False
1787667353.2268941;21.267760512000677;BLE Sniffer;Appareil BLE;2,4 GHz BLE;48:e9:9e:3d:b7:7b;-76.0;;;;-76.0;2.5118864315095823e-11;0.00028;7.03328200822683e-15;5.198642149213572e-13;25;0x00;37;VERT;False
1787667353.226978;21.26784269199925;BLE Sniffer;Appareil BLE;2,4 GHz BLE;48:e9:9e:3d:b7:7b;-74.0;;;;-74.0;3.9810717055349695e-11;0.00028;1.1147000775497913e-14;5.31011215696855e-13;25;0x00;38;VERT;False
1787667353.2270184;21.267882595999254;BLE Sniffer;Appareil BLE;2,4 GHz BLE;48:e9:9e:3d:b7:7b;-77.0;;;;-77.0;1.9952623149688828e-11;0.00028;5.586734481912872e-15;5.365979501787679e-13;25;0x00;39;VERT;False
1787667353.5287986;21.569664571999965;BLE Sniffer;Appareil BLE;2,4 GHz BLE;48:e9:9e:3d:b7:7b;-76.0;;;;-76.0;2.5118864315095823e-11;0.00028;7.03328200822683e-15;5.436312321869948e-13;25;0x00;37;VERT;False
1787667353.5288715;21.569735974999276;BLE Sniffer;Appareil BLE;2,4 GHz BLE;48:e9:9e:3d:b7:7b;-73.0;;;;-73.0;5.011872336272715e-11;0.00028;1.40332425415636e-14;5.576644747285584e-13;25;0x00;38;VERT;False
1787667353.5289106;21.56977495299907;BLE Sniffer;Appareil BLE;2,4 GHz BLE;48:e9:9e:3d:b7:7b;-79.0;;;;-79.0;1.2589254117941662e-11;0.00028;3.524991153023665e-15;5.61189465881582e-13;25;0x00;39;VERT;False
1787667354.0368886;22.077759974999935;BLE Sniffer;Appareil BLE;2,4 GHz BLE;48:e9:9e:3d:b7:7b;-76.0;;;;-76.0;2.5118864315095823e-11;0.00028;7.03328200822683e-15;5.682227478898089e-13;25;0x00;37;VERT;False
1787667354.0370963;22.077961349999896;BLE Sniffer;Appareil BLE;2,4 GHz BLE;48:e9:9e:3d:b7:7b;-72.0;;;;-72.0;6.309573444801942e-11;0.00028;1.7666805645445437e-14;5.858895535352543e-13;25;0x00;38;VERT;False
1787667354.1388998;22.17976659099986;BLE Sniffer;Appareil BLE;2,4 GHz BLE;48:e9:9e:3d:b7:7b;-80.0;;;;-80.0;1e-11;0.00028;2.7999999999999997e-15;5.886895535352544e-13;25;0x00;39;VERT;False
1787667354.340145;22.381011862999003;BLE Sniffer;Appareil BLE;2,4 GHz BLE;48:e9:9e:3d:b7:7b;-75.0;;;;-75.0;3.1622776601683794e-11;0.00028;8.854377448471461e-15;5.975439309837258e-13;25;0x00;37;VERT;False
1787667354.3402178;22.381082395000703;BLE Sniffer;Appareil BLE;2,4 GHz BLE;48:ed:9e:3d:b7:7b;-74.0;;;;-74.0;3.9810717055349695e-11;0.00028;1.1147000775497913e-14;1.1147000775497913e-14;25;0x00;38;VERT;False
1787667354.3402572;22.381121930000518;BLE Sniffer;Appareil BLE;2,4 GHz BLE;48:e9:9e:3d:b7:7b;-79.0;;;;-79.0;1.2589254117941662e-11;0.00028;3.524991153023665e-15;6.010689221367495e-13;25;0x00;39;VERT;False
1787667354.4415212;22.48238891099936;BLE Sniffer;Appareil BLE;2,4 GHz BLE;d3:23:2f:4d:3e:b1;-75.0;;;;-75.0;3.1622776601683794e-11;0.000376;1.1890164002233105e-14;1.8345128789039984e-13;37;0x00;37;VERT;False
1787667354.4416823;22.48254752899993;BLE Sniffer;Appareil BLE;2,4 GHz BLE;d3:23:2f:4d:3e:b1;-76.0;;;;-76.0;2.5118864315095823e-11;0.000376;9.444692982476029e-15;1.9289598087287586e-13;37;0x00;38;VERT;False
1787667354.4417274;22.482592749000105;BLE Sniffer;Appareil BLE;2,4 GHz BLE;d3:23:2f:4d:3e:b1;-80.0;;;;-80.0;1e-11;0.000376;3.7599999999999996e-15;1.9665598087287586e-13;37;0x00;39;VERT;False
1787667354.543108;22.583974795999893;BLE Sniffer;Appareil BLE;2,4 GHz BLE;48:e9:9e:3d:b7:7b;-77.0;;;;-77.0;1.9952623149688828e-11;0.00028;5.586734481912872e-15;6.066556566186624e-13;25;0x00;37;VERT;False
1787667355.1487138;23.189580038000713;BLE Sniffer;Appareil Apple BLE;2,4 GHz BLE;48:e9:9e:3d:b7:7b;-74.0;;;;-74.0;3.9810717055349695e-11;0.00028;1.1147000775497913e-14;6.178026573941603e-13;25;0x00;38;VERT;False
1787667355.1487887;23.18965347700032;BLE Sniffer;Appareil BLE;2,4 GHz BLE;48:e9:9e:3d:b7:7b;-79.0;;;;-79.0;1.2589254117941662e-11;0.00028;3.524991153023665e-15;6.21327648547184e-13;25;0x00;39;VERT;False
1787667355.4502258;23.49109242799932;BLE Sniffer;Appareil BLE;2,4 GHz BLE;48:e9:9e:3d:b7:7b;-77.0;;;;-77.0;1.9952623149688828e-11;0.00028;5.586734481912872e-15;6.269143830290969e-13;25;0x00;37;VERT;False
1787667355.9584324;23.99929849900036;BLE Sniffer;Appareil BLE;2,4 GHz BLE;48:e9:9e:3d:b7:7b;-74.0;;;;-74.0;3.9810717055349695e-11;0.00028;1.1147000775497913e-14;6.380613838045947e-13;25;0x00;38;VERT;False
1787667355.9591026;23.999967842999467;BLE Sniffer;Appareil BLE;2,4 GHz BLE;48:e9:9e:3d:b7:7b;-80.0;;;;-80.0;1e-11;0.00028;2.7999999999999997e-15;6.408613838045948e-13;25;0x00;39;VERT;False
1787667356.2607484;24.30161465799938;BLE Sniffer;Appareil BLE;2,4 GHz BLE;48:e9:9e:3d:b7:7b;-77.0;;;;-77.0;1.9952623149688828e-11;0.00028;5.586734481912872e-15;6.464481182865077e-13;25;0x00;37;VERT;False
1787667356.260832;24.301696485999855;BLE Sniffer;Appareil BLE;2,4 GHz BLE;48:e9:9e:3d:b7:7b;-74.0;;;;-74.0;3.9810717055349695e-11;0.00028;1.1147000775497913e-14;6.575951190620056e-13;25;0x00;38;VERT;False
1787667356.2608733;24.301737908999712;BLE Sniffer;Appareil BLE;2,4 GHz BLE;48:e9:9e:3d:b7:7b;-80.0;;;;-80.0;1e-11;0.00028;2.7999999999999997e-15;6.603951190620056e-13;25;0x00;39;VERT;False
1787667356.3620195;24.40288589999909;BLE Sniffer;Appareil BLE;2,4 GHz BLE;d3:23:2f:4d:3e:b1;-75.0;;;;-75.0;3.1622776601683794e-11;0.000376;1.1890164002233105e-14;2.0854614487510897e-13;37;0x00;37;VERT;False
1787667356.462756;24.503622697999162;BLE Sniffer;Appareil BLE;2,4 GHz BLE;d3:23:2f:4d:3e:b1;-75.0;;;;-75.0;3.1622776601683794e-11;0.000376;1.1890164002233105e-14;2.2043630887734207e-13;37;0x00;38;VERT;False
1787667356.462843;24.503707358999236;BLE Sniffer;Appareil BLE;2,4 GHz BLE;d3:23:2f:4d:3e:b1;-81.0;;;;-81.0;7.943282347242821e-12;0.000376;2.9866741625633007e-15;2.2342298303990538e-13;37;0x00;39;VERT;False
1787667356.5637758;24.60464210600003;BLE Sniffer;Appareil BLE;2,4 GHz BLE;48:e9:9e:3d:b7:7b;-77.0;;;;-77.0;1.9952623149688828e-11;0.00028;5.586734481912872e-15;6.659818535439185e-13;25;0x00;37;VERT;False
1787667356.5638535;24.604718175000016;BLE Sniffer;Appareil BLE;2,4 GHz BLE;48:ed:9e:3d:b7:7b;-74.0;;;;-74.0;3.9810717055349695e-11;0.00028;1.1147000775497913e-14;2.2294001550995826e-14;25;0x00;38;VERT;False
1787667356.5638921;24.60475681999924;BLE Sniffer;Appareil BLE;2,4 GHz BLE;48:e9:9e:3d:b7:7b;-80.0;;;;-80.0;1e-11;0.00028;2.7999999999999997e-15;6.687818535439186e-13;25;0x00;39;VERT;False
1787667356.765278;24.806144513999243;BLE Sniffer;Appareil BLE;2,4 GHz BLE;48:e9:9e:3d:b7:7b;-78.0;;;;-78.0;1.5848931924611107e-11;0.00028;4.4377009388911094e-15;6.732195544828097e-13;25;0x00;37;VERT;False
1787667356.8698647;24.91073601199969;BLE Sniffer;Appareil BLE;2,4 GHz BLE;48:e9:9e:3d:b7:7b;-74.0;;;;-74.0;3.9810717055349695e-11;0.00028;1.1147000775497913e-14;6.843665552583076e-13;25;0x00;38;VERT;False
1787667356.870041;24.9109064259992;BLE Sniffer;Appareil BLE;2,4 GHz BLE;48:e9:9e:3d:b7:7b;-80.0;;;;-80.0;1e-11;0.00028;2.7999999999999997e-15;6.871665552583076e-13;25;0x00;39;VERT;False
1787667357.0720797;25.11295045299994;BLE Sniffer;Appareil BLE;2,4 GHz BLE;48:e9:9e:3d:b7:7b;-77.0;;;;-77.0;1.9952623149688828e-11;0.00028;5.586734481912872e-15;6.927532897402205e-13;25;0x00;37;VERT;False
1787667357.0722423;25.113107274999493;BLE Sniffer;Appareil BLE;2,4 GHz BLE;68:e9:9e:3d:b7:5b;-73.0;;;;-73.0;5.011872336272715e-11;0.00028;1.40332425415636e-14;1.40332425415636e-14;25;0x00;38;VERT;False
1787667357.0722892;25.113153845999477;BLE Sniffer;Appareil BLE;2,4 GHz BLE;48:e9:9e:3d:b7:7b;-80.0;;;;-80.0;1e-11;0.00028;2.7999999999999997e-15;6.955532897402206e-13;25;0x00;39;VERT;False
1787667357.3754766;25.41634227800023;BLE Sniffer;Appareil BLE;2,4 GHz BLE;48:e9:9e:3d:b7:7b;-77.0;;;;-77.0;1.9952623149688828e-11;0.00028;5.586734481912872e-15;7.011400242221335e-13;25;0x00;37;VERT;False
1787667357.3755527;25.416417160999117;BLE Sniffer;Appareil Apple BLE;2,4 GHz BLE;48:e9:9e:7d:b7:5b;-74.0;;;;-74.0;3.9810717055349695e-11;0.00028;1.1147000775497913e-14;1.1147000775497913e-14;25;0x00;38;VERT;False
1787667357.375592;25.416456622000624;BLE Sniffer;Appareil BLE;2,4 GHz BLE;48:e9:9e:3d:b7:7b;-80.0;;;;-80.0;1e-11;0.00028;2.7999999999999997e-15;7.039400242221335e-13;25;0x00;39;VERT;False
1787667357.8827693;25.92363972000021;BLE Sniffer;Appareil BLE;2,4 GHz BLE;48:e9:9e:3d:b7:7b;-77.0;;;;-77.0;1.9952623149688828e-11;0.00028;5.586734481912872e-15;7.095267587040464e-13;25;0x00;37;VERT;False
1787667358.1856692;26.22653554200042;BLE Sniffer;Appareil BLE;2,4 GHz BLE;48:e9:9e:3d:b7:7b;-73.0;;;;-73.0;5.011872336272715e-11;0.00028;1.40332425415636e-14;7.2356000124561e-13;25;0x00;38;VERT;False
1787667358.1857457;26.226609962999646;BLE Sniffer;Appareil BLE;2,4 GHz BLE;48:e9:9e:3d:b7:7b;-80.0;;;;-80.0;1e-11;0.00028;2.7999999999999997e-15;7.263600012456101e-13;25;0x00;39;VERT;False
1787667358.2866662;26.32753274999959;BLE Sniffer;Appareil BLE;2,4 GHz BLE;36:5d:ef:69:7c:3f;-89.0;;;;-89.0;1.258925411794166e-12;0.00026399999999999997;3.323563087136598e-16;3.323563087136598e-16;23;0x02;37;VERT;False
1787667358.3875577;26.428424576999532;BLE Sniffer;Appareil BLE;2,4 GHz BLE;Appareil BLE;-75.0;;;;-75.0;3.1622776601683794e-11;0.000376;1.1890164002233105e-14;1.1890164002233105e-14;37;0x08;38;VERT;False
1787667358.3876438;26.428508552000494;BLE Sniffer;Appareil BLE;2,4 GHz BLE;d3:23:2f:4d:3e:b1;-81.0;;;;-81.0;7.943282347242821e-12;0.000376;2.9866741625633007e-15;2.2640965720246868e-13;37;0x00;39;VERT;False
1787667358.488591;26.529456782000125;BLE Sniffer;Appareil BLE;2,4 GHz BLE;48:e9:9e:3d:b7:7b;-76.0;;;;-76.0;2.5118864315095823e-11;0.00028;7.03328200822683e-15;7.333932832538369e-13;25;0x00;37;VERT;False
1787667358.488675;26.529539683999246;BLE Sniffer;Appareil BLE;2,4 GHz BLE;48:e9:9e:3d:b7:7b;-73.0;;;;-73.0;5.011872336272715e-11;0.00028;1.40332425415636e-14;7.474265257954005e-13;25;0x00;38;VERT;False
1787667358.4887164;26.529580978000013;BLE Sniffer;Appareil BLE;2,4 GHz BLE;48:e9:9e:3d:b7:7b;-80.0;;;;-80.0;1e-11;0.00028;2.7999999999999997e-15;7.502265257954005e-13;25;0x00;39;VERT;False
1787667358.6901498;26.73101576499903;BLE Sniffer;Appareil BLE;2,4 GHz BLE;72:df:ee:04:22:3c;-51.0;;;;-51.0;7.943282347242822e-09;0.000176;1.3980176931147366e-12;2.7960353862294732e-12;12;0x03;37;ORANGE;False
1787667358.6902306;26.731095277998975;BLE Sniffer;Appareil BLE;2,4 GHz BLE;48:e9:9e:3d:b7:7b;-73.0;;;;-73.0;5.011872336272715e-11;0.00028;1.40332425415636e-14;7.642597683369641e-13;25;0x00;38;VERT;False
1787667358.6902707;26.73113514599936;BLE Sniffer;Appareil BLE;2,4 GHz BLE;48:e9:9e:3d:b7:7b;-80.0;;;;-80.0;1e-11;0.00028;2.7999999999999997e-15;7.670597683369642e-13;25;0x00;39;VERT;False
1787667358.8976686;26.938535491999573;BLE Sniffer;Appareil BLE;2,4 GHz BLE;36:5d:ef:69:7c:3f;-79.0;;;;-79.0;1.2589254117941662e-11;0.00026399999999999997;3.3235630871365984e-15;3.6559193958502585e-15;23;0x02;37;VERT;False
1787667359.200678;27.241544283999247;BLE Sniffer;Appareil BLE;2,4 GHz BLE;48:e9:9e:3d:b7:7b;-73.0;;;;-73.0;5.011872336272715e-11;0.00028;1.40332425415636e-14;7.810930108785278e-13;25;0x00;38;VERT;False
1787667359.301461;27.342327590999048;BLE Sniffer;Appareil BLE;2,4 GHz BLE;48:e9:9e:3d:b7:7b;-80.0;;;;-80.0;1e-11;0.00028;2.7999999999999997e-15;7.838930108785278e-13;25;0x00;39;VERT;False
1787667359.5025938;27.543461196999488;BLE Sniffer;Appareil BLE;2,4 GHz BLE;48:e9:9e:3d:b7:7b;-83.0;;;;-83.0;5.011872336272715e-12;0.00028;1.40332425415636e-15;7.852963351326842e-13;25;0x00;37;VERT;False
1787667359.8039963;27.844862552999984;BLE Sniffer;Appareil BLE;2,4 GHz BLE;48:e9:9e:3d:b7:7b;-72.0;;;;-72.0;6.309573444801942e-11;0.00028;1.7666805645445437e-14;8.029631407781296e-13;25;0x00;38;VERT;False
1787667359.8040714;27.844935993000036;BLE Sniffer;Appareil BLE;2,4 GHz BLE;48:e9:9e:3d:b7:7b;-80.0;;;;-80.0;1e-11;0.00028;2.7999999999999997e-15;8.057631407781297e-13;25;0x00;39;VERT;False
1787667360.0132291;28.05409516799955;BLE Sniffer;Appareil BLE;2,4 GHz BLE;48:e9:9e:3d:b7:7b;-77.0;;;;-77.0;1.9952623149688828e-11;0.00028;5.586734481912872e-15;8.113498752600426e-13;25;0x00;37;VERT;False
1787667360.1154487;28.156316295999204;BLE Sniffer;Appareil BLE;2,4 GHz BLE;48:e9:9e:3d:b7:7b;-74.0;;;;-74.0;3.9810717055349695e-11;0.00028;1.1147000775497913e-14;8.224968760355405e-13;25;0x00;38;VERT;False
1787667360.1155474;28.156412473999808;BLE Sniffer;Appareil BLE;2,4 GHz BLE;48:e9:9e:3d:b7:7b;-80.0;;;;-80.0;1e-11;0.00028;2.7999999999999997e-15;8.252968760355405e-13;25;0x00;39;VERT;False
1787667360.3175566;28.358423468000183;BLE Sniffer;Appareil BLE;2,4 GHz BLE;48:e9:9e:3d:b7:7b;-76.0;;;;-76.0;2.5118864315095823e-11;0.00028;7.03328200822683e-15;8.323301580437673e-13;25;0x00;37;VERT;False
1787667360.4184752;28.459341628000402;BLE Sniffer;Appareil BLE;2,4 GHz BLE;48:e9:9e:3d:b7:7b;-73.0;;;;-73.0;5.011872336272715e-11;0.00028;1.40332425415636e-14;8.463634005853309e-13;25;0x00;38;VERT;False
1787667360.4185576;28.459422197000094;BLE Sniffer;Appareil BLE;2,4 GHz BLE;48:e9:9e:3d:b7:7b;-80.0;;;;-80.0;1e-11;0.00028;2.7999999999999997e-15;8.49163400585331e-13;25;0x00;39;VERT;False
1787667360.4185977;28.45946217600067;BLE Sniffer;Appareil BLE;2,4 GHz BLE;d3:23:2f:4d:3e:b1;-75.0;;;;-75.0;3.1622776601683794e-11;0.000376;1.1890164002233105e-14;2.382998212047018e-13;37;0x00;37;VERT;False
1787667360.6200025;28.660868635999577;BLE Sniffer;Appareil BLE;2,4 GHz BLE;48:e9:9e:3d:b7:7b;-74.0;;;;-74.0;3.9810717055349695e-11;0.00028;1.1147000775497913e-14;8.603104013608289e-13;25;0x00;38;VERT;False
1787667360.6200762;28.660940723999374;BLE Sniffer;Appareil BLE;2,4 GHz BLE;48:e9:9e:3d:b7:7b;-80.0;;;;-80.0;1e-11;0.00028;2.7999999999999997e-15;8.631104013608289e-13;25;0x00;39;VERT;False
1787667360.9278817;28.96874938200017;BLE Sniffer;Appareil BLE;2,4 GHz BLE;48:e9:9e:3d:b7:7b;-76.0;;;;-76.0;2.5118864315095823e-11;0.00028;7.03328200822683e-15;8.701436833690558e-13;25;0x00;37;VERT;False
1787667361.1307507;29.17163929200069;BLE Sniffer;Appareil BLE;2,4 GHz BLE;48:e9:9e:3d:b7:7b;-74.0;;;;-74.0;3.9810717055349695e-11;0.00028;1.1147000775497913e-14;8.812906841445536e-13;25;0x00;38;VERT;False
1787667361.2318392;29.27270561899968;BLE Sniffer;Appareil BLE;2,4 GHz BLE;48:e9:9e:3d:b7:7b;-81.0;;;;-81.0;7.943282347242821e-12;0.00028;2.22411905722799e-15;8.835148032017816e-13;25;0x00;39;VERT;False
1787667361.4330115;29.47387841300042;BLE Sniffer;Appareil BLE;2,4 GHz BLE;48:e9:9e:3d:b7:7b;-82.0;;;;-82.0;6.309573444801943e-12;0.00028;1.7666805645445437e-15;8.852814837663261e-13;25;0x00;37;VERT;False
1787667361.7345347;29.77540365599998;BLE Sniffer;Appareil BLE;2,4 GHz BLE;48:e9:9e:3d:b7:7b;-74.0;;;;-74.0;3.9810717055349695e-11;0.00028;1.1147000775497913e-14;8.96428484541824e-13;25;0x00;38;VERT;False
1787667361.7346659;29.77553044399974;BLE Sniffer;Appareil BLE;2,4 GHz BLE;48:e9:9e:3d:b7:7b;-82.0;;;;-82.0;6.309573444801943e-12;0.00028;1.7666805645445437e-15;8.981951651063685e-13;25;0x00;39;VERT;False
1787667362.0432003;30.084066716999587;BLE Sniffer;Appareil BLE;2,4 GHz BLE;48:e9:9e:3d:b7:7b;-77.0;;;;-77.0;1.9952623149688828e-11;0.00028;5.586734481912872e-15;9.037818995882815e-13;25;0x00;37;VERT;False
1787667362.0432804;30.084145045000696;BLE Sniffer;Appareil BLE;2,4 GHz BLE;48:e9:9e:3d:b7:7b;-72.0;;;;-72.0;6.309573444801942e-11;0.00015199999999999998;9.590551636098952e-15;9.133724512243804e-13;9;0x00;38;VERT;False
1787667362.0433192;30.084183932000087;BLE Sniffer;Appareil BLE;2,4 GHz BLE;48:e9:9e:3d:b7:7b;-81.0;;;;-81.0;7.943282347242821e-12;0.00028;2.22411905722799e-15;9.155965702816084e-13;25;0x00;39;VERT;False
1787667362.1458585;30.186725411000225;BLE Sniffer;Appareil BLE;2,4 GHz BLE;Appareil BLE;-89.0;;;;-89.0;1.258925411794166e-12;0.00023999999999999998;3.021420988305998e-16;1.2192306101063704e-14;20;0x0a;37;VERT;False
1787667362.2469301;30.287796599999638;BLE Sniffer;Appareil BLE;2,4 GHz BLE;48:e9:9e:3d:b7:7b;-73.0;;;;-73.0;5.011872336272715e-11;0.00028;1.40332425415636e-14;9.29629812823172e-13;25;0x00;38;VERT;False
1787667362.3539703;30.394843386000503;BLE Sniffer;Appareil BLE;2,4 GHz BLE;48:e9:9e:3d:b7:7b;-81.0;;;;-81.0;7.943282347242821e-12;0.00028;2.22411905722799e-15;9.318539318804e-13;25;0x00;39;VERT;False
1787667362.3541787;30.395043853999596;BLE Sniffer;Appareil BLE;2,4 GHz BLE;d3:23:2f:4d:3e:b1;-75.0;;;;-75.0;3.1622776601683794e-11;0.000376;1.1890164002233105e-14;2.501899852069349e-13;37;0x00;37;VERT;False
1787667362.456164;30.497030426000492;BLE Sniffer;Appareil BLE;2,4 GHz BLE;d3:23:2f:4d:3e:b1;-76.0;;;;-76.0;2.5118864315095823e-11;0.000376;9.444692982476029e-15;2.5963467818941093e-13;37;0x00;38;VERT;False
1787667362.4562473;30.49711217999902;BLE Sniffer;Appareil BLE;2,4 GHz BLE;d3:23:2f:4d:3e:b1;-80.0;;;;-80.0;1e-11;0.000376;3.7599999999999996e-15;2.633946781894109e-13;37;0x00;39;VERT;False
1787667362.5573685;30.59823482899992;BLE Sniffer;Appareil BLE;2,4 GHz BLE;48:e9:9e:3d:b7:7b;-77.0;;;;-77.0;1.9952623149688828e-11;0.00028;5.586734481912872e-15;9.37440666362313e-13;25;0x00;37;VERT;False
1787667362.5574543;30.598318989999825;BLE Sniffer;Appareil BLE;2,4 GHz BLE;48:e9:9e:3d:b7:7b;-73.0;;;;-73.0;5.011872336272715e-11;0.00028;1.40332425415636e-14;9.514739089038765e-13;25;0x00;38;VERT;False
1787667362.5584607;30.59932758799914;BLE Sniffer;Appareil BLE;2,4 GHz BLE;48:e9:9e:3d:b7:7b;-82.0;;;;-82.0;6.309573444801943e-12;0.00028;1.7666805645445437e-15;9.53240589468421e-13;25;0x00;39;VERT;False
1787667362.8596778;30.90054364199932;BLE Sniffer;Appareil BLE;2,4 GHz BLE;48:e9:9e:3d:b7:7b;-76.0;;;;-76.0;2.5118864315095823e-11;0.00028;7.03328200822683e-15;9.60273871476648e-13;25;0x00;37;VERT;False
1787667363.0611274;31.101993665999544;BLE Sniffer;Appareil BLE;2,4 GHz BLE;48:e9:9e:3d:b7:7b;-73.0;;;;-73.0;5.011872336272715e-11;0.00028;1.40332425415636e-14;9.743071140182115e-13;25;0x00;38;VERT;False
1787667363.162107;31.202975907999644;BLE Sniffer;Appareil BLE;2,4 GHz BLE;48:e9:9e:3d:b7:7b;-81.0;;;;-81.0;7.943282347242821e-12;0.00028;2.22411905722799e-15;9.765312330754396e-13;25;0x00;39;VERT;False
1787667363.3652153;31.406086593999134;BLE Sniffer;Appareil BLE;2,4 GHz BLE;48:e9:9e:3d:b7:7b;-77.0;;;;-77.0;1.9952623149688828e-11;0.00028;5.586734481912872e-15;9.821179675573525e-13;25;0x00;37;VERT;False
1787667363.4665365;31.507403221999994;BLE Sniffer;Appareil BLE;2,4 GHz BLE;48:e9:9e:3d:b7:7b;-73.0;;;;-73.0;5.011872336272715e-11;0.00028;1.40332425415636e-14;9.96151210098916e-13;25;0x00;38;VERT;False
1787667363.466622;31.507486549000532;BLE Sniffer;Appareil BLE;2,4 GHz BLE;48:e9:9e:3d:b7:7b;-82.0;;;;-82.0;6.309573444801943e-12;0.00028;1.7666805645445437e-15;9.979178906634606e-13;25;0x00;39;VERT;False
1787667363.6682534;31.709119982999255;BLE Sniffer;Appareil BLE;2,4 GHz BLE;48:e9:9e:3d:b7:7b;-76.0;;;;-76.0;2.5118864315095823e-11;0.00028;7.03328200822683e-15;1.0049511726716875e-12;25;0x00;37;VERT;False
1787667363.6683257;31.709190571000363;BLE Sniffer;Appareil BLE;2,4 GHz BLE;48:e9:9e:3d:b7:7b;-72.0;;;;-72.0;6.309573444801942e-11;0.00028;1.7666805645445437e-14;1.022617978317133e-12;25;0x00;38;VERT;False
1787667363.7693863;31.810253493000346;BLE Sniffer;Appareil BLE;2,4 GHz BLE;48:e9:9e:3d:b7:7b;-81.0;;;;-81.0;7.943282347242821e-12;0.00028;2.22411905722799e-15;1.024842097374361e-12;25;0x00;39;VERT;False
1787667363.970523;32.01138945999992;BLE Sniffer;Appareil BLE;2,4 GHz BLE;48:e9:9e:3d:b7:7b;-76.0;;;;-76.0;2.5118864315095823e-11;0.00028;7.03328200822683e-15;1.0318753793825879e-12;25;0x00;37;VERT;False
1787667363.9706125;32.011476824000056;BLE Sniffer;Appareil BLE;2,4 GHz BLE;48:e5:9e:2d:b7:7b;-73.0;;;;-73.0;5.011872336272715e-11;0.00028;1.40332425415636e-14;1.40332425415636e-14;25;0x00;38;VERT;False
1787667363.9706511;32.01151567299894;BLE Sniffer;Appareil BLE;2,4 GHz BLE;48:e9:9e:3d:b7:7b;-82.0;;;;-82.0;6.309573444801943e-12;0.00028;1.7666805645445437e-15;1.0336420599471324e-12;25;0x00;39;VERT;False
1787667364.172252;32.21311819999937;BLE Sniffer;Appareil BLE;2,4 GHz BLE;48:e9:9e:3d:b7:7b;-75.0;;;;-75.0;3.1622776601683794e-11;0.00028;8.854377448471461e-15;1.0424964373956038e-12;25;0x00;37;VERT;False
1787667364.2731264;32.31399257200064;BLE Sniffer;Appareil BLE;2,4 GHz BLE;48:e9:9e:3d:b7:7b;-72.0;;;;-72.0;6.309573444801942e-11;0.00028;1.7666805645445437e-14;1.0601632430410493e-12;25;0x00;38;VERT;False
1787667364.273205;32.31406960399909;BLE Sniffer;Appareil BLE;2,4 GHz BLE;48:e9:9e:3d:b7:7b;-80.0;;;;-80.0;1e-11;0.00028;2.7999999999999997e-15;1.0629632430410493e-12;25;0x00;39;VERT;False
1787667364.3805616;32.42143098300039;BLE Sniffer;Appareil BLE;2,4 GHz BLE;d3:23:2f:4d:3e:b1;-75.0;;;;-75.0;3.1622776601683794e-11;0.000376;1.1890164002233105e-14;2.75284842191644e-13;37;0x00;37;VERT;False
1787667364.3806617;32.421526698999514;BLE Sniffer;Appareil BLE;2,4 GHz BLE;d3:23:2f:4d:3e:b1;-75.0;;;;-75.0;3.1622776601683794e-11;0.000376;1.1890164002233105e-14;2.871750061938771e-13;37;0x00;38;VERT;False
1787667364.4821222;32.52298786400024;BLE Sniffer;Appareil BLE;2,4 GHz BLE;d3:23:2f:4d:3e:b1;-81.0;;;;-81.0;7.943282347242821e-12;0.000376;2.9866741625633007e-15;2.901616803564404e-13;37;0x00;39;VERT;False
1787667364.4821975;32.52306209999915;BLE Sniffer;Appareil BLE;2,4 GHz BLE;48:e9:9e:3d:b7:7b;-75.0;;;;-75.0;3.1622776601683794e-11;0.00028;8.854377448471461e-15;1.0718176204895207e-12;25;0x00;37;VERT;False
1787667364.4822361;32.52310061599928;BLE Sniffer;Appareil BLE;2,4 GHz BLE;48:e9:9e:3d:b7:7b;-73.0;;;;-73.0;5.011872336272715e-11;0.00028;1.40332425415636e-14;1.0858508630310842e-12;25;0x00;38;VERT;False
1787667364.5834916;32.62435879499935;BLE Sniffer;Appareil BLE;2,4 GHz BLE;48:e9:9e:3d:b7:7b;-80.0;;;;-80.0;1e-11;0.00028;2.7999999999999997e-15;1.0886508630310842e-12;25;0x00;39;VERT;False
1787667364.5836112;32.624476082999536;BLE Sniffer;Appareil BLE;2,4 GHz BLE;36:5b:ef:71:7c:33;-88.0;;;;-88.0;1.584893192461111e-12;0.00026399999999999997;4.1841180280973327e-16;4.1841180280973327e-16;23;0x02;37;VERT;False
1787667364.9872563;33.02812307699969;BLE Sniffer;Appareil BLE;2,4 GHz BLE;48:e9:9e:3d:b7:7b;-72.0;;;;-72.0;6.309573444801942e-11;0.00028;1.7666805645445437e-14;1.1063176686765297e-12;25;0x00;38;VERT;False
1787667365.0881238;33.12899019799988;BLE Sniffer;Appareil BLE;2,4 GHz BLE;48:e9:9e:3d:b7:7b;-80.0;;;;-80.0;1e-11;0.00028;2.7999999999999997e-15;1.1091176686765297e-12;25;0x00;39;VERT;False
1787667365.1890142;33.22988050499953;BLE Sniffer;Appareil BLE;2,4 GHz BLE;56:5d:ef:69:7c:3f;-90.0;;;;-90.0;1e-12;0.00026399999999999997;2.6399999999999995e-16;2.6399999999999995e-16;23;0x02;37;VERT;False
1787667365.289867;33.3307331470005;BLE Sniffer;Appareil BLE;2,4 GHz BLE;48:e9:9e:3d:b7:7b;-80.0;;;;-80.0;1e-11;0.000272;2.7199999999999996e-15;1.1118376686765297e-12;24;0x00;38;VERT;False
1787667365.397218;33.438086371999816;BLE Sniffer;Appareil BLE;2,4 GHz BLE;48:e9:9e:3d:b7:7b;-87.0;;;;-87.0;1.9952623149688827e-12;0.00028;5.586734481912871e-16;1.1123963421247209e-12;25;0x00;39;VERT;False
1787667365.6006248;33.64149354199981;BLE Sniffer;Appareil BLE;2,4 GHz BLE;48:e9:9e:3d:b7:7b;-75.0;;;;-75.0;3.1622776601683794e-11;0.00028;8.854377448471461e-15;1.1212507195731922e-12;25;0x00;37;VERT;False
1787667365.6007178;33.64158279500043;BLE Sniffer;Appareil BLE;2,4 GHz BLE;48:e9:9e:3d:b7:7b;-74.0;;;;-74.0;3.9810717055349695e-11;0.00028;1.1147000775497913e-14;1.1323977203486901e-12;25;0x00;38;VERT;False
1787667365.6007652;33.641629477000606;BLE Sniffer;Appareil BLE;2,4 GHz BLE;48:e9:9e:3d:b7:7b;-80.0;;;;-80.0;1e-11;0.00028;2.7999999999999997e-15;1.13519772034869e-12;25;0x00;39;VERT;False
1787667365.8042521;33.84511892000046;BLE Sniffer;Appareil BLE;2,4 GHz BLE;36:5d:ef:69:7c:3f;-86.0;;;;-86.0;2.5118864315095823e-12;0.00026399999999999997;6.631380179185297e-16;4.319057413768788e-15;23;0x02;37;VERT;False
1787667365.9055085;33.94637505399987;BLE Sniffer;Appareil BLE;2,4 GHz BLE;48:e9:9e:3d:b7:7b;-74.0;;;;-74.0;3.9810717055349695e-11;0.00028;1.1147000775497913e-14;1.146344721124188e-12;25;0x00;38;VERT;False
1787667365.9055867;33.94645130800018;BLE Sniffer;Appareil BLE;2,4 GHz BLE;48:e9:9e:3d:b7:7b;-80.0;;;;-80.0;1e-11;0.00028;2.7999999999999997e-15;1.1491447211241879e-12;25;0x00;39;VERT;False
1787667366.106896;34.147762554999645;BLE Sniffer;Appareil BLE;2,4 GHz BLE;48:e9:9e:3d:b7:7b;-76.0;;;;-76.0;2.5118864315095823e-11;0.00028;7.03328200822683e-15;1.1561780031324147e-12;25;0x00;37;VERT;False
1787667366.1069772;34.147841697998956;BLE Sniffer;Appareil BLE;2,4 GHz BLE;48:e9:9e:3d:b7:7b;-73.0;;;;-73.0;5.011872336272715e-11;0.00028;1.40332425415636e-14;1.1702112456739783e-12;25;0x00;38;VERT;False
1787667366.107019;34.147883325000294;BLE Sniffer;Appareil BLE;2,4 GHz BLE;48:e9:9e:3d:b7:7b;-80.0;;;;-80.0;1e-11;0.00028;2.7999999999999997e-15;1.1730112456739783e-12;25;0x00;39;VERT;False
1787667366.416891;34.45776157;BLE Sniffer;Appareil BLE;2,4 GHz BLE;48:e9:9e:3d:b7:7b;-76.0;;;;-76.0;2.5118864315095823e-11;0.00028;7.03328200822683e-15;1.1800445276822051e-12;25;0x00;37;VERT;False
1787667366.4172864;34.45815187699918;BLE Sniffer;Appareil BLE;2,4 GHz BLE;48:e9:9e:3d:b7:7b;-73.0;;;;-73.0;5.011872336272715e-11;0.00028;1.40332425415636e-14;1.1940777702237687e-12;25;0x00;38;VERT;False
1787667366.4173412;34.4582056700001;BLE Sniffer;Appareil BLE;2,4 GHz BLE;48:e9:9e:3d:b7:7b;-80.0;;;;-80.0;1e-11;0.00028;2.7999999999999997e-15;1.1968777702237686e-12;25;0x00;39;VERT;False
1787667366.7229936;34.76386003100015;BLE Sniffer;Appareil BLE;2,4 GHz BLE;48:e9:9e:3d:b7:7b;-76.0;;;;-76.0;2.5118864315095823e-11;0.00028;7.03328200822683e-15;1.2039110522319955e-12;25;0x00;37;VERT;False
1787667366.7230752;34.76393956299944;BLE Sniffer;Appareil BLE;2,4 GHz BLE;48:e9:9e:3d:b7:7b;-72.0;;;;-72.0;6.309573444801942e-11;0.00028;1.7666805645445437e-14;1.221577857877441e-12;25;0x00;38;VERT;False
1787667366.723115;34.76397963499949;BLE Sniffer;Appareil BLE;2,4 GHz BLE;48:e9:9e:3d:b7:7b;-80.0;;;;-80.0;1e-11;0.00028;2.7999999999999997e-15;1.224377857877441e-12;25;0x00;39;VERT;False
1787667366.9250903;34.965956681000534;BLE Sniffer;Appareil BLE;2,4 GHz BLE;48:e9:9e:3d:b7:7b;-76.0;;;;-76.0;2.5118864315095823e-11;0.00028;7.03328200822683e-15;1.2314111398856678e-12;25;0x00;37;VERT;False
1787667366.9251704;34.9660349349997;BLE Sniffer;Appareil BLE;2,4 GHz BLE;48:e9:9e:3d:b7:7b;-74.0;;;;-74.0;3.9810717055349695e-11;0.00028;1.1147000775497913e-14;1.2425581406611657e-12;25;0x00;38;VERT;False
1787667367.0264425;35.067313006000404;BLE Sniffer;Appareil BLE;2,4 GHz BLE;48:e9:9e:3d:b7:7b;-80.0;;;;-80.0;1e-11;0.00028;2.7999999999999997e-15;1.2453581406611656e-12;25;0x00;39;VERT;False
1787667367.1279404;35.16880699600006;BLE Sniffer;Appareil BLE;2,4 GHz BLE;36:5d:ef:69:7c:3f;-91.0;;;;-91.0;7.943282347242822e-13;0.00026399999999999997;2.0970265396721046e-16;4.528760067735998e-15;23;0x02;37;VERT;False
1787667367.2288737;35.26974148699992;BLE Sniffer;Appareil BLE;2,4 GHz BLE;48:e9:9e:3d:b7:7b;-74.0;;;;-74.0;3.9810717055349695e-11;0.00028;1.1147000775497913e-14;1.2565051414366635e-12;25;0x00;38;VERT;False
1787667367.228966;35.26983079599995;BLE Sniffer;Appareil BLE;2,4 GHz BLE;48:e9:9e:3d:b7:7b;-80.0;;;;-80.0;1e-11;0.00028;2.7999999999999997e-15;1.2593051414366634e-12;25;0x00;39;VERT;False
1787667367.5336394;35.574506012999336;BLE Sniffer;Appareil BLE;2,4 GHz BLE;48:e9:9e:3d:b7:7b;-77.0;;;;-77.0;1.9952623149688828e-11;0.00028;5.586734481912872e-15;1.2648918759185763e-12;25;0x00;37;VERT;False
1787667367.736564;35.77742949799904;BLE Sniffer;Appareil BLE;2,4 GHz BLE;48:e5:9e:3d:b7:7b;-75.0;;;;-75.0;3.1622776601683794e-11;0.000296;9.360341874098403e-15;9.360341874098403e-15;27;0x00;38;VERT;False
1787667367.8399146;35.88078210399908;BLE Sniffer;Appareil BLE;2,4 GHz BLE;48:e9:9e:3d:b7:7b;-78.0;;;;-78.0;1.5848931924611107e-11;0.00028;4.4377009388911094e-15;1.2693295768574676e-12;25;0x00;39;VERT;False
1787667368.0415995;36.08246532399971;BLE Sniffer;Appareil BLE;2,4 GHz BLE;48:e9:9e:3d:b7:7b;-78.0;;;;-78.0;1.5848931924611107e-11;0.00028;4.4377009388911094e-15;1.2737672777963588e-12;25;0x00;37;VERT;False
1787667368.343065;36.38393221300066;BLE Sniffer;Appareil BLE;2,4 GHz BLE;48:e9:9e:3d:b7:7b;-75.0;;;;-75.0;3.1622776601683794e-11;0.00028;8.854377448471461e-15;1.2826216552448301e-12;25;0x00;38;VERT;False
1787667368.3431444;36.384008818999064;BLE Sniffer;Appareil BLE;2,4 GHz BLE;48:e9:9e:3d:b7:7b;-81.0;;;;-81.0;7.943282347242821e-12;0.00028;2.22411905722799e-15;1.2848457743020582e-12;25;0x00;39;VERT;False
1787667368.4448373;36.485704602000624;BLE Sniffer;Appareil BLE;2,4 GHz BLE;d3:23:2f:4d:3e:b1;-72.0;;;;-72.0;6.309573444801942e-11;0.000376;2.3723996152455302e-14;3.1388567650889574e-13;37;0x00;37;VERT;False
1787667368.4449244;36.48578889300006;BLE Sniffer;Appareil BLE;2,4 GHz BLE;d3:23:2f:4d:3e:b1;-75.0;;;;-75.0;3.1622776601683794e-11;0.000376;1.1890164002233105e-14;3.2577584051112885e-13;37;0x00;38;VERT;False
1787667368.4449642;36.48582852000072;BLE Sniffer;Appareil BLE;2,4 GHz BLE;d3:23:2f:4d:3e:b1;-82.0;;;;-82.0;6.309573444801943e-12;0.000376;2.3723996152455303e-15;3.281482401263744e-13;37;0x00;39;VERT;False
1787667368.6576746;36.69854289000068;BLE Sniffer;Appareil BLE;2,4 GHz BLE;48:e9:9e:3d:b7:7b;-78.0;;;;-78.0;1.5848931924611107e-11;0.00028;4.4377009388911094e-15;1.2892834752409494e-12;25;0x00;37;VERT;False
1787667368.65777;36.69863480999993;BLE Sniffer;Appareil BLE;2,4 GHz BLE;48:e9:9e:3d:b7:7b;-74.0;;;;-74.0;3.9810717055349695e-11;0.00028;1.1147000775497913e-14;1.3004304760164473e-12;25;0x00;38;VERT;False
1787667368.6578119;36.69867634399998;BLE Sniffer;Appareil BLE;2,4 GHz BLE;48:e9:9e:3d:b7:7b;-83.0;;;;-83.0;5.011872336272715e-12;0.00028;1.40332425415636e-15;1.3018338002706037e-12;25;0x00;39;VERT;False
1787667368.8606656;36.90154077899933;BLE Sniffer;Appareil BLE;2,4 GHz BLE;48:e9:9e:3d:b7:7b;-77.0;;;;-77.0;1.9952623149688828e-11;0.00028;5.586734481912872e-15;1.3074205347525166e-12;25;0x00;37;VERT;False
1787667368.8609085;36.90177309699902;BLE Sniffer;Appareil BLE;2,4 GHz BLE;48:e9:de:3d:b7:7b;-75.0;;;;-75.0;3.1622776601683794e-11;0.00028;8.854377448471461e-15;8.854377448471461e-15;25;0x00;38;VERT;False
1787667368.9628334;37.00370036499953;BLE Sniffer;Appareil BLE;2,4 GHz BLE;48:e9:9e:3d:b7:3b;-85.0;;;;-85.0;3.1622776601683794e-12;0.00028;8.854377448471461e-16;8.854377448471461e-16;25;0x00;39;VERT;False
1787667369.1645153;37.205381784000565;BLE Sniffer;Appareil BLE;2,4 GHz BLE;48:e9:9e:3d:b7:7b;-77.0;;;;-77.0;1.9952623149688828e-11;0.00028;5.586734481912872e-15;1.3130072692344295e-12;25;0x00;37;VERT;False
1787667470.928568;4.5903890850004245;BLE Sniffer;Appareil BLE;2,4 GHz BLE;48:e9:9e:3d:b7:7b;-89.0;;;;-89.0;1.258925411794166e-12;0.000536;6.747840207216731e-16;1.313682053255151e-12;57;0x00;37;VERT;False
1787667473.8379645;7.499785800000609;BLE Sniffer;Appareil BLE;2,4 GHz BLE;44:63:ca:83:e3:af;-88.0;;;;-88.0;1.584893192461111e-12;0.00026399999999999997;4.1841180280973327e-16;4.1841180280973327e-16;23;0x00;38;VERT;False
1787667474.1399748;7.801796587000354;BLE Sniffer;Appareil BLE;2,4 GHz BLE;44:63:ca:83:c3:af;-91.0;;;;-91.0;7.943282347242822e-13;0.00026399999999999997;2.0970265396721046e-16;2.0970265396721046e-16;23;0x00;39;VERT;False
1787667474.3411915;8.003012937000676;BLE Sniffer;Appareil BLE;2,4 GHz BLE;44:63:ca:83:c3:ab;-91.0;;;;-91.0;7.943282347242822e-13;0.000248;1.9699340221162199e-16;1.9699340221162199e-16;21;0x00;37;VERT;False
1787667474.5536535;8.21547879299942;BLE Sniffer;Appareil BLE;2,4 GHz BLE;48:e9:9e:3d:b7:7b;-80.0;;;;-80.0;1e-11;0.00028;2.7999999999999997e-15;1.316482053255151e-12;25;0x00;38;VERT;False
1787667474.655262;8.317083272999298;BLE Sniffer;Appareil BLE;2,4 GHz BLE;d3:23:2f:4d:3e:b1;-78.0;;;;-78.0;1.5848931924611107e-11;0.000376;5.959198403653776e-15;3.341074385300282e-13;37;0x00;39;VERT;False
1787667475.1638956;8.82571720300075;BLE Sniffer;Appareil BLE;2,4 GHz BLE;48:e9:9e:3d:b7:7b;-88.0;;;;-88.0;1.584893192461111e-12;0.00028;4.4377009388911103e-16;1.3169258233490401e-12;25;0x00;37;VERT;False
1787667477.095439;10.757260411999596;BLE Sniffer;Appareil BLE;2,4 GHz BLE;48:e9:9e:3d:b7:7b;-76.0;;;;-76.0;2.5118864315095823e-11;0.00028;7.03328200822683e-15;1.323959105357267e-12;25;0x00;38;VERT;False
1787667477.095518;10.757337832999838;BLE Sniffer;Appareil BLE;2,4 GHz BLE;48:e9:9e:3d:b7:7b;-75.0;;;;-75.0;3.1622776601683794e-11;0.00028;8.854377448471461e-15;1.3328134828057384e-12;25;0x00;39;VERT;False
1787667477.404071;11.0658917260007;BLE Sniffer;Appareil BLE;2,4 GHz BLE;48:e9:9e:3d:b7:7b;-75.0;;;;-75.0;3.1622776601683794e-11;0.00028;8.854377448471461e-15;1.3416678602542097e-12;25;0x00;37;VERT;False
1787667477.913363;11.575184028000876;BLE Sniffer;Appareil BLE;2,4 GHz BLE;48:e9:9e:3d:b7:6a;-77.0;;;;-77.0;1.9952623149688828e-11;0.00028;5.586734481912872e-15;5.586734481912872e-15;25;0x00;38;VERT;False
1787667477.9134398;11.57525933800025;BLE Sniffer;Appareil BLE;2,4 GHz BLE;48:e9:9e:3d:b7:7b;-77.0;;;;-77.0;1.9952623149688828e-11;0.00028;5.586734481912872e-15;1.3472545947361226e-12;25;0x00;39;VERT;False
1787667478.2224894;11.884310850000475;BLE Sniffer;Appareil BLE;2,4 GHz BLE;48:e9:9e:3d:b7:7b;-75.0;;;;-75.0;3.1622776601683794e-11;0.00028;8.854377448471461e-15;1.356108972184594e-12;25;0x00;37;VERT;False
1787667478.631582;12.293402749000961;BLE Sniffer;Appareil BLE;2,4 GHz BLE;d3:23:2f:4d:3e:b1;-76.0;;;;-76.0;2.5118864315095823e-11;0.000376;9.444692982476029e-15;3.4355213151250424e-13;37;0x00;38;VERT;False
1787667478.631649;12.293468653000673;BLE Sniffer;Appareil BLE;2,4 GHz BLE;d3:23:2f:4d:3e:b1;-82.0;;;;-82.0;6.309573444801943e-12;0.000376;2.3723996152455303e-15;3.459245311277498e-13;37;0x00;39;VERT;False
1787667478.7327445;12.39456589800102;BLE Sniffer;Appareil BLE;2,4 GHz BLE;48:e9:9e:3d:b7:7b;-76.0;;;;-76.0;2.5118864315095823e-11;0.00028;7.03328200822683e-15;1.3631422541928209e-12;25;0x00;37;VERT;False
1787667479.041034;12.70285463000073;BLE Sniffer;Appareil BLE;2,4 GHz BLE;48:e9:9e:3d:b7:7b;-79.0;;;;-79.0;1.2589254117941662e-11;0.00028;3.524991153023665e-15;1.3666672453458446e-12;25;0x00;38;VERT;False
1787667479.0410986;12.70291790400006;BLE Sniffer;Appareil BLE;2,4 GHz BLE;48:e9:9e:3d:b7:7b;-78.0;;;;-78.0;1.5848931924611107e-11;0.00028;4.4377009388911094e-15;1.3711049462847358e-12;25;0x00;39;VERT;False
1787667479.245682;12.907502905000001;BLE Sniffer;Appareil BLE;2,4 GHz BLE;48:e9:9e:3d:b7:7b;-75.0;;;;-75.0;3.1622776601683794e-11;0.00028;8.854377448471461e-15;1.3799593237332071e-12;25;0x00;37;VERT;False
1787667480.0642147;13.726035570000022;BLE Sniffer;Appareil BLE;2,4 GHz BLE;48:e9:fe:3d:77:7b;-78.0;;;;-78.0;1.5848931924611107e-11;0.00028;4.4377009388911094e-15;4.4377009388911094e-15;25;0x00;38;VERT;False
1787667480.1650813;13.826902640999833;BLE Sniffer;Appareil BLE;2,4 GHz BLE;48:e9:9e:3d:b7:7b;-77.0;;;;-77.0;1.9952623149688828e-11;0.00028;5.586734481912872e-15;1.38554605821512e-12;25;0x00;39;VERT;False
1787667480.3694115;14.031233080000675;BLE Sniffer;Appareil BLE;2,4 GHz BLE;48:e9:9e:3d:b7:7b;-76.0;;;;-76.0;2.5118864315095823e-11;0.00028;7.03328200822683e-15;1.3925793402233469e-12;25;0x00;37;VERT;False
1787667480.6785567;14.340377959999387;BLE Sniffer;Appareil BLE;2,4 GHz BLE;d3:23:2f:4d:3e:b1;-77.0;;;;-77.0;1.9952623149688828e-11;0.000376;7.502186304282999e-15;3.5342671743203276e-13;37;0x00;38;VERT;False
1787667480.6786256;14.340445104000537;BLE Sniffer;Appareil BLE;2,4 GHz BLE;d3:23:2f:4d:3e:b1;-82.0;;;;-82.0;6.309573444801943e-12;0.000376;2.3723996152455303e-15;3.557991170472783e-13;37;0x00;39;VERT;False
1787667480.8834238;14.545244312999785;BLE Sniffer;Appareil BLE;2,4 GHz BLE;48:e9:9e:3d:b7:7b;-75.0;;;;-75.0;3.1622776601683794e-11;0.00028;8.854377448471461e-15;1.4014337176718183e-12;25;0x00;37;VERT;False
1787667482.007656;15.669477288000053;BLE Sniffer;Appareil BLE;2,4 GHz BLE;48:e9:9e:3d:b7:7b;-75.0;;;;-75.0;3.1622776601683794e-11;0.00028;8.854377448471461e-15;1.4102880951202897e-12;25;0x00;38;VERT;False
1787667482.112291;15.77411144100006;BLE Sniffer;Appareil BLE;2,4 GHz BLE;48:e9:9e:3d:b7:7b;-76.0;;;;-76.0;2.5118864315095823e-11;0.00028;7.03328200822683e-15;1.4173213771285165e-12;25;0x00;39;VERT;False
1787667482.3172324;15.979053101000318;BLE Sniffer;Appareil BLE;2,4 GHz BLE;48:e9:9e:3d:b7:7b;-75.0;;;;-75.0;3.1622776601683794e-11;0.00028;8.854377448471461e-15;1.4261757545769879e-12;25;0x00;37;VERT;False
1787667482.6221783;16.28399954499946;BLE Sniffer;Appareil BLE;2,4 GHz BLE;48:e9:9e:3d:b7:7b;-77.0;;;;-77.0;1.9952623149688828e-11;0.000536;1.0694606008233212e-14;1.4368703605852212e-12;57;0x00;38;VERT;False
1787667482.622251;16.284070540999892;BLE Sniffer;Appareil BLE;2,4 GHz BLE;48:e9:9e:3d:b7:7b;-76.0;;;;-76.0;2.5118864315095823e-11;0.00028;7.03328200822683e-15;1.443903642593448e-12;25;0x00;39;VERT;False
1787667482.62229;16.284109632000764;BLE Sniffer;Appareil BLE;2,4 GHz BLE;d3:23:2f:4d:3e:b1;-72.0;;;;-72.0;6.309573444801942e-11;0.000376;2.3723996152455302e-14;3.795231131997336e-13;37;0x00;37;VERT;False
1787667482.7268364;16.38865782600078;BLE Sniffer;Appareil BLE;2,4 GHz BLE;Appareil BLE;-75.0;;;;-75.0;3.1622776601683794e-11;0.000376;1.1890164002233105e-14;2.408247010329681e-14;37;0x0c;38;VERT;False
1787667482.7269046;16.388723934000154;BLE Sniffer;Appareil BLE;2,4 GHz BLE;d3:23:2f:4d:3e:b1;-82.0;;;;-82.0;6.309573444801943e-12;0.000376;2.3723996152455303e-15;3.8189551281497916e-13;37;0x00;39;VERT;False
1787667482.8279974;16.489818526999443;BLE Sniffer;Appareil BLE;2,4 GHz BLE;48:e9:9e:3d:b7:7b;-75.0;;;;-75.0;3.1622776601683794e-11;0.00028;8.854377448471461e-15;1.4527580200419194e-12;25;0x00;37;VERT;False
1787667483.136654;16.798474995001015;BLE Sniffer;Appareil BLE;2,4 GHz BLE;48:e9:9e:3d:b7:7b;-77.0;;;;-77.0;1.9952623149688828e-11;0.00028;5.586734481912872e-15;1.4583447545238323e-12;25;0x00;38;VERT;False
1787667483.1367207;16.79854002799948;BLE Sniffer;Appareil BLE;2,4 GHz BLE;48:e9:9e:3d:b7:7b;-77.0;;;;-77.0;1.9952623149688828e-11;0.00028;5.586734481912872e-15;1.4639314890057452e-12;25;0x00;39;VERT;False
1787667483.441779;17.103600880000158;BLE Sniffer;Appareil BLE;2,4 GHz BLE;48:e9:9e:3d:b7:7b;-75.0;;;;-75.0;3.1622776601683794e-11;0.00028;8.854377448471461e-15;1.4727858664542166e-12;25;0x00;37;VERT;False
1787667483.7508929;17.412714096000855;BLE Sniffer;Appareil BLE;2,4 GHz BLE;48:e9:9e:3d:b7:7b;-77.0;;;;-77.0;1.9952623149688828e-11;0.00028;5.586734481912872e-15;1.4783726009361295e-12;25;0x00;38;VERT;False
1787667483.7509596;17.41277912899932;BLE Sniffer;Appareil BLE;2,4 GHz BLE;48:e9:9e:3d:b7:7b;-74.0;;;;-74.0;3.9810717055349695e-11;0.00028;1.1147000775497913e-14;1.4895196017116274e-12;25;0x00;39;VERT;False
1787667483.9558022;17.617622830000983;BLE Sniffer;Appareil BLE;2,4 GHz BLE;48:e9:9e:3d:b7:7b;-74.0;;;;-74.0;3.9810717055349695e-11;0.00028;1.1147000775497913e-14;1.5006666024871253e-12;25;0x00;37;VERT;False
1787667484.261044;17.92286472900014;BLE Sniffer;Appareil BLE;2,4 GHz BLE;48:e9:9e:3d:b7:7b;-76.0;;;;-76.0;2.5118864315095823e-11;0.00028;7.03328200822683e-15;1.5076998844953521e-12;25;0x00;38;VERT;False
1787667484.2611182;17.92293770700053;BLE Sniffer;Appareil BLE;2,4 GHz BLE;48:e9:9e:3d:b7:7b;-73.0;;;;-73.0;5.011872336272715e-11;0.00028;1.40332425415636e-14;1.5217331270369157e-12;25;0x00;39;VERT;False
1787667484.5704274;18.232248861999324;BLE Sniffer;Appareil BLE;2,4 GHz BLE;48:e9:9e:3d:b7:7b;-72.0;;;;-72.0;6.309573444801942e-11;0.00028;1.7666805645445437e-14;1.5393999326823612e-12;25;0x00;37;VERT;False
1787667484.6712823;18.333103319000656;BLE Sniffer;Appareil BLE;2,4 GHz BLE;d3:23:2f:4d:3e:b1;-77.0;;;;-77.0;1.9952623149688828e-11;0.000376;7.502186304282999e-15;3.8939769911926214e-13;37;0x00;38;VERT;False
1787667484.6713562;18.333175611000115;BLE Sniffer;Appareil BLE;2,4 GHz BLE;d3:23:2f:4d:3e:b1;-77.0;;;;-77.0;1.9952623149688828e-11;0.000376;7.502186304282999e-15;3.968998854235451e-13;37;0x00;39;VERT;False
1787667484.7753012;18.43712231900099;BLE Sniffer;Appareil BLE;2,4 GHz BLE;48:e9:9e:3d:b7:7b;-73.0;;;;-73.0;5.011872336272715e-11;0.00028;1.40332425415636e-14;1.5534331752239248e-12;25;0x00;37;VERT;False
1787667485.0803986;18.74222042099973;BLE Sniffer;Appareil BLE;2,4 GHz BLE;48:e5:9e:3d:b7:7b;-76.0;;;;-76.0;2.5118864315095823e-11;0.00028;7.03328200822683e-15;1.639362388232523e-14;25;0x00;38;VERT;False
1787667485.080477;18.742296305999844;BLE Sniffer;Appareil BLE;2,4 GHz BLE;48:e9:9e:3d:b7:7b;-74.0;;;;-74.0;3.9810717055349695e-11;0.00028;1.1147000775497913e-14;1.5645801759994227e-12;25;0x00;39;VERT;False
1787667485.3898823;19.05170309300047;BLE Sniffer;Appareil BLE;2,4 GHz BLE;48:e9:9e:3d:b7:7b;-74.0;;;;-74.0;3.9810717055349695e-11;0.00028;1.1147000775497913e-14;1.5757271767749206e-12;25;0x00;37;VERT;False
1787667485.3899515;19.051770977999695;BLE Sniffer;Appareil BLE;2,4 GHz BLE;48:e9:9e:3d:b7:7b;-75.0;;;;-75.0;3.1622776601683794e-11;0.00028;8.854377448471461e-15;1.584581554223392e-12;25;0x00;38;VERT;False
1787667485.3899915;19.051810790000673;BLE Sniffer;Appareil BLE;2,4 GHz BLE;48:e9:9e:3d:b7:7b;-74.0;;;;-74.0;3.9810717055349695e-11;0.00028;1.1147000775497913e-14;1.5957285549988898e-12;25;0x00;39;VERT;False
1787667485.5945296;19.25635024499934;BLE Sniffer;Appareil BLE;2,4 GHz BLE;48:e9:9e:3d:b7:7b;-74.0;;;;-74.0;3.9810717055349695e-11;0.00028;1.1147000775497913e-14;1.6068755557743877e-12;25;0x00;37;VERT;False
1787667485.8995264;19.561347574999672;BLE Sniffer;Appareil BLE;2,4 GHz BLE;48:e9:9e:3d:b7:fb;-76.0;;;;-76.0;2.5118864315095823e-11;0.00028;7.03328200822683e-15;7.03328200822683e-15;25;0x00;38;VERT;False
1787667485.8995965;19.561416108999765;BLE Sniffer;Appareil BLE;2,4 GHz BLE;48:e9:9e:3d:b7:7b;-74.0;;;;-74.0;3.9810717055349695e-11;0.00028;1.1147000775497913e-14;1.6180225565498856e-12;25;0x00;39;VERT;False
1787667486.2093327;19.8711539119995;BLE Sniffer;Appareil BLE;2,4 GHz BLE;48:e9:9e:3d:b7:7b;-75.0;;;;-75.0;3.1622776601683794e-11;0.00028;8.854377448471461e-15;1.626876933998357e-12;25;0x00;37;VERT;False
1787667486.415527;20.077348401000563;BLE Sniffer;Appareil BLE;2,4 GHz BLE;48:e9:9e:3d:b7:7b;-75.0;;;;-75.0;3.1622776601683794e-11;0.00028;8.854377448471461e-15;1.6357313114468283e-12;25;0x00;38;VERT;False
1787667486.5170903;20.178911685999992;BLE Sniffer;Appareil BLE;2,4 GHz BLE;48:e9:9e:3d:b7:7b;-75.0;;;;-75.0;3.1622776601683794e-11;0.00028;8.854377448471461e-15;1.6445856888952997e-12;25;0x00;39;VERT;False
1787667486.6202328;20.282053603999884;BLE Sniffer;Appareil BLE;2,4 GHz BLE;d3:23:2f:4d:3e:b1;-72.0;;;;-72.0;6.309573444801942e-11;0.000376;2.3723996152455302e-14;4.2062388157600044e-13;37;0x00;37;VERT;False
1787667487.030306;20.692127086000255;BLE Sniffer;Appareil BLE;2,4 GHz BLE;48:e9:9e:3d:b7:7b;-75.0;;;;-75.0;3.1622776601683794e-11;0.00028;8.854377448471461e-15;1.653440066343771e-12;25;0x00;38;VERT;False
1787667487.0303698;20.69218928600094;BLE Sniffer;Appareil BLE;2,4 GHz BLE;48:e9:9e:3d:b7:7b;-74.0;;;;-74.0;3.9810717055349695e-11;0.00028;1.1147000775497913e-14;1.664587067119269e-12;25;0x00;39;VERT;False
1787667487.2353215;20.897142121000797;BLE Sniffer;Appareil BLE;2,4 GHz BLE;48:e9:9e:3d:b7:7b;-74.0;;;;-74.0;3.9810717055349695e-11;0.00028;1.1147000775497913e-14;1.6757340678947668e-12;25;0x00;37;VERT;False
1787667487.3361695;20.9979905830005;BLE Sniffer;Appareil BLE;2,4 GHz BLE;48:e9:9e:3d:b7:7b;-77.0;;;;-77.0;1.9952623149688828e-11;0.00028;5.586734481912872e-15;1.6813208023766797e-12;25;0x00;38;VERT;False
1787667487.3362489;20.998068246000912;BLE Sniffer;Appareil BLE;2,4 GHz BLE;48:e9:9e:3d:b7:7b;-73.0;;;;-73.0;5.011872336272715e-11;0.00028;1.40332425415636e-14;1.6953540449182433e-12;25;0x00;39;VERT;False
1787667487.5405452;21.202366191000692;BLE Sniffer;Appareil BLE;2,4 GHz BLE;48:e9:9e:3d:b7:7b;-75.0;;;;-75.0;3.1622776601683794e-11;0.00028;8.854377448471461e-15;1.7042084223667147e-12;25;0x00;37;VERT;False
1787667488.8752046;22.537025744999482;BLE Sniffer;Appareil BLE;2,4 GHz BLE;48:e9:9e:3d:b7:7b;-78.0;;;;-78.0;1.5848931924611107e-11;0.00028;4.4377009388911094e-15;1.708646123305606e-12;25;0x00;38;VERT;False
1787667488.9760716;22.637892677999844;BLE Sniffer;Appareil BLE;2,4 GHz BLE;48:e9:9e:3d:b7:7b;-75.0;;;;-75.0;3.1622776601683794e-11;0.00028;8.854377448471461e-15;1.7175005007540773e-12;25;0x00;39;VERT;False
1787667489.1806307;22.84245191700029;BLE Sniffer;Appareil BLE;2,4 GHz BLE;48:e9:9e:3d:b7:7b;-75.0;;;;-75.0;3.1622776601683794e-11;0.00028;8.854377448471461e-15;1.7263548782025487e-12;25;0x00;37;VERT;False
1787667489.180704;22.842523432000235;BLE Sniffer;Appareil BLE;2,4 GHz BLE;48:e9:9e:3d:b7:7b;-77.0;;;;-77.0;1.9952623149688828e-11;0.000296;5.905976452307893e-15;1.7322608546548565e-12;27;0x00;38;VERT;False
1787667489.1807432;22.842562670000916;BLE Sniffer;Appareil BLE;2,4 GHz BLE;48:e9:9e:3d:b7:7b;-74.0;;;;-74.0;3.9810717055349695e-11;0.00028;1.1147000775497913e-14;1.7434078554303544e-12;25;0x00;39;VERT;False
1787667489.4905746;23.1523958279995;BLE Sniffer;Appareil BLE;2,4 GHz BLE;48:e9:9e:3d:b7:7b;-74.0;;;;-74.0;3.9810717055349695e-11;0.00028;1.1147000775497913e-14;1.7545548562058523e-12;25;0x00;37;VERT;False
1787667489.490641;23.152460565999718;BLE Sniffer;Appareil BLE;2,4 GHz BLE;48:e9:9e:2d:b7:7b;-77.0;;;;-77.0;1.9952623149688828e-11;0.00028;5.586734481912872e-15;5.586734481912872e-15;25;0x00;38;VERT;False
1787667489.4906793;23.152498655999807;BLE Sniffer;Appareil BLE;2,4 GHz BLE;48:e9:9e:3d:b7:7b;-75.0;;;;-75.0;3.1622776601683794e-11;0.00028;8.854377448471461e-15;1.7634092336543237e-12;25;0x00;39;VERT;False
1787667489.6958508;23.357671845000368;BLE Sniffer;Appareil BLE;2,4 GHz BLE;48:e9:9e:3d:b7:7b;-74.0;;;;-74.0;3.9810717055349695e-11;0.00028;1.1147000775497913e-14;1.7745562344298215e-12;25;0x00;37;VERT;False
1787667490.5168002;24.17862090500057;BLE Sniffer;Appareil Apple BLE;2,4 GHz BLE;48:e9:9e:3d:b7:7b;-75.0;;;;-75.0;3.1622776601683794e-11;0.00028;8.854377448471461e-15;1.783410611878293e-12;25;0x00;38;VERT;False
1787667490.6177385;24.279559997999968;BLE Sniffer;Appareil BLE;2,4 GHz BLE;48:e9:9e:3d:b7:7b;-74.0;;;;-74.0;3.9810717055349695e-11;0.00028;1.1147000775497913e-14;1.7945576126537908e-12;25;0x00;39;VERT;False
1787667490.7218597;24.383681617000548;BLE Sniffer;Appareil BLE;2,4 GHz BLE;d3:23:2f:4d:3e:b1;-72.0;;;;-72.0;6.309573444801942e-11;0.000376;2.3723996152455302e-14;4.4434787772845576e-13;37;0x00;37;VERT;False
1787667490.7219265;24.383745742999963;BLE Sniffer;Appareil BLE;2,4 GHz BLE;d3:23:2f:4d:3e:b1;-76.0;;;;-76.0;2.5118864315095823e-11;0.000376;9.444692982476029e-15;4.537925707109318e-13;37;0x00;38;VERT;False
1787667490.7219646;24.383784740999545;BLE Sniffer;Appareil BLE;2,4 GHz BLE;d3:23:2f:4d:3e:b1;-78.0;;;;-78.0;1.5848931924611107e-11;0.000376;5.959198403653776e-15;4.597517691145856e-13;37;0x00;39;VERT;False
1787667490.8234494;24.485270155000762;BLE Sniffer;Appareil BLE;2,4 GHz BLE;48:e9:9e:3d:b7:7b;-72.0;;;;-72.0;6.309573444801942e-11;0.00028;1.7666805645445437e-14;1.8122244182992363e-12;25;0x00;37;VERT;False
1787667490.8235207;24.48534007700073;BLE Sniffer;Appareil BLE;2,4 GHz BLE;48:e9:9e:7d:b7:7b;-77.0;;;;-77.0;1.9952623149688828e-11;0.00028;5.586734481912872e-15;5.586734481912872e-15;25;0x00;38;VERT;False
1787667490.9271731;24.588993888000914;BLE Sniffer;Appareil BLE;2,4 GHz BLE;48:e9:9e:3d:b7:7b;-74.0;;;;-74.0;3.9810717055349695e-11;0.00028;1.1147000775497913e-14;1.823371419074734e-12;25;0x00;39;VERT;False
1787667491.1326933;24.79451380700084;BLE Sniffer;Appareil BLE;2,4 GHz BLE;48:e9:9e:3d:b7:7b;-73.0;;;;-73.0;5.011872336272715e-11;0.00028;1.40332425415636e-14;1.8374046616162978e-12;25;0x00;37;VERT;False
1787667491.1327574;24.79457696999998;BLE Sniffer;Appareil BLE;2,4 GHz BLE;48:e9:9e:3d:b7:7b;-76.0;;;;-76.0;2.5118864315095823e-11;0.00028;7.03328200822683e-15;1.8444379436245246e-12;25;0x00;38;VERT;False
1787667491.233928;24.89574877999985;BLE Sniffer;Appareil BLE;2,4 GHz BLE;48:e9:9e:3d:b7:7b;-74.0;;;;-74.0;3.9810717055349695e-11;0.00028;1.1147000775497913e-14;1.8555849444000225e-12;25;0x00;39;VERT;False
1787667491.4384148;25.10023624399946;BLE Sniffer;Appareil BLE;2,4 GHz BLE;48:e9:9e:3d:b7:7b;-74.0;;;;-74.0;3.9810717055349695e-11;0.00028;1.1147000775497913e-14;1.8667319451755204e-12;25;0x00;37;VERT;False
1787667492.2595704;25.92139195799973;BLE Sniffer;Appareil BLE;2,4 GHz BLE;48:79:9e:3d:b7:fb;-76.0;;;;-76.0;2.5118864315095823e-11;0.000272;6.832331093706064e-15;6.832331093706064e-15;24;0x00;38;VERT;False
1787667492.259654;25.921473602000333;BLE Sniffer;Appareil BLE;2,4 GHz BLE;48:e9:9e:3d:b7:7b;-74.0;;;;-74.0;3.9810717055349695e-11;0.00028;1.1147000775497913e-14;1.8778789459510182e-12;25;0x00;39;VERT;False
1787667492.4651399;26.12696204399981;BLE Sniffer;Appareil BLE;2,4 GHz BLE;48:e9:9e:3d:b7:7b;-73.0;;;;-73.0;5.011872336272715e-11;0.00028;1.40332425415636e-14;1.891912188492582e-12;25;0x00;37;VERT;False
1787667492.5702822;26.232103160000406;BLE Sniffer;Appareil BLE;2,4 GHz BLE;48:e9:9e:3d:b7:7b;-76.0;;;;-76.0;2.5118864315095823e-11;0.00028;7.03328200822683e-15;1.8989454705008087e-12;25;0x00;38;VERT;False
1787667492.5703473;26.23216673100069;BLE Sniffer;Appareil BLE;2,4 GHz BLE;48:e9:9e:3d:b7:7b;-74.0;;;;-74.0;3.9810717055349695e-11;0.00028;1.1147000775497913e-14;1.9100924712763065e-12;25;0x00;39;VERT;False
1787667492.6715062;26.333327271999224;BLE Sniffer;Appareil BLE;2,4 GHz BLE;d3:23:2f:4d:3e:b1;-71.0;;;;-71.0;7.943282347242822e-11;0.000376;2.986674162563301e-14;4.896185107402185e-13;37;0x00;37;VERT;False
1787667492.6715775;26.333396768000966;BLE Sniffer;Appareil BLE;2,4 GHz BLE;d3:23:2f:4d:3e:b1;-76.0;;;;-76.0;2.5118864315095823e-11;0.000376;9.444692982476029e-15;4.990632037226946e-13;37;0x00;38;VERT;False
1787667492.7758446;26.437665209999977;BLE Sniffer;Appareil BLE;2,4 GHz BLE;d3:23:2f:4d:3e:b1;-78.0;;;;-78.0;1.5848931924611107e-11;0.000376;5.959198403653776e-15;5.050224021263483e-13;37;0x00;39;VERT;False
1787667492.7759142;26.43773387300098;BLE Sniffer;Appareil BLE;2,4 GHz BLE;48:e9:9e:3d:b7:7b;-73.0;;;;-73.0;5.011872336272715e-11;0.00028;1.40332425415636e-14;1.92412571381787e-12;25;0x00;37;VERT;False
1787667492.87719;26.539011443999698;BLE Sniffer;Appareil BLE;2,4 GHz BLE;48:e9:9e:3d:b7:7b;-76.0;;;;-76.0;2.5118864315095823e-11;0.00028;7.03328200822683e-15;1.931158995826097e-12;25;0x00;38;VERT;False
1787667492.8772688;26.539088421999622;BLE Sniffer;Appareil BLE;2,4 GHz BLE;48:e9:9e:3d:b7:7b;-74.0;;;;-74.0;3.9810717055349695e-11;0.00028;1.1147000775497913e-14;1.942305996601595e-12;25;0x00;39;VERT;False
1787667493.0814662;26.74328753500049;BLE Sniffer;Appareil BLE;2,4 GHz BLE;48:e9:9e:3d:b7:7b;-73.0;;;;-73.0;5.011872336272715e-11;0.00028;1.40332425415636e-14;1.9563392391431584e-12;25;0x00;37;VERT;False
1787667493.3923976;27.054218397001023;BLE Sniffer;Appareil BLE;2,4 GHz BLE;48:e9:9e:7d:b7:fb;-76.0;;;;-76.0;2.5118864315095823e-11;0.00028;7.03328200822683e-15;7.03328200822683e-15;25;0x00;38;VERT;False
1787667493.392464;27.054283579000185;BLE Sniffer;Appareil BLE;2,4 GHz BLE;48:e9:9e:3d:b7:7b;-74.0;;;;-74.0;3.9810717055349695e-11;0.00028;1.1147000775497913e-14;1.9674862399186563e-12;25;0x00;39;VERT;False
1787667493.5980885;27.259910307999235;BLE Sniffer;Appareil BLE;2,4 GHz BLE;48:e9:9e:3d:b7:7b;-73.0;;;;-73.0;5.011872336272715e-11;0.00028;1.40332425415636e-14;1.98151948246022e-12;25;0x00;37;VERT;False
1787667493.6991665;27.360987899000975;BLE Sniffer;Appareil BLE;2,4 GHz BLE;48:e9:9e:3d:b7:7b;-76.0;;;;-76.0;2.5118864315095823e-11;0.00028;7.03328200822683e-15;1.9885527644684467e-12;25;0x00;38;VERT;False
1787667493.6992502;27.361069839000265;BLE Sniffer;Appareil BLE;2,4 GHz BLE;48:e9:9e:3d:b7:7b;-74.0;;;;-74.0;3.9810717055349695e-11;0.00028;1.1147000775497913e-14;1.9996997652439446e-12;25;0x00;39;VERT;False
1787667493.9038343;27.565655422000418;BLE Sniffer;Appareil BLE;2,4 GHz BLE;72:df:ee:04:22:3c;-62.0;;;;-62.0;6.309573444801942e-10;0.000176;1.1104849262851418e-13;2.9070838788579873e-12;12;0x03;37;ORANGE;False
1787667493.90391;27.565729251000448;BLE Sniffer;Appareil BLE;2,4 GHz BLE;48:c9:9a:3d:b7:7b;-75.0;;;;-75.0;3.1622776601683794e-11;0.000408;1.2902092853486989e-14;1.2902092853486989e-14;41;0x00;38;VERT;False
1787667493.903949;27.565768823000326;BLE Sniffer;Appareil BLE;2,4 GHz BLE;48:e9:9e:3d:b7:7b;-73.0;;;;-73.0;5.011872336272715e-11;0.00028;1.40332425415636e-14;2.013733007785508e-12;25;0x00;39;VERT;False
1787667494.215206;27.877027758000622;BLE Sniffer;Appareil BLE;2,4 GHz BLE;48:e9:9e:3d:b7:7b;-74.0;;;;-74.0;3.9810717055349695e-11;0.00028;1.1147000775497913e-14;2.024880008561006e-12;25;0x00;37;VERT;False
1787667494.729681;28.391502821999893;BLE Sniffer;Appareil BLE;2,4 GHz BLE;19:12:00:4c:ff:1e;-76.0;;;;-76.0;2.5118864315095823e-11;0.000376;9.444692982476029e-15;9.444692982476029e-15;37;0x03;38;VERT;False
1787667494.7297568;28.39157655800045;BLE Sniffer;Appareil BLE;2,4 GHz BLE;d3:23:2f:4d:3e:b1;-80.0;;;;-80.0;1e-11;0.000376;3.7599999999999996e-15;5.087824021263483e-13;37;0x00;39;VERT;False
1787667494.729796;28.391615352000372;BLE Sniffer;Appareil BLE;2,4 GHz BLE;48:e9:9e:3d:b7:7b;-73.0;;;;-73.0;5.011872336272715e-11;0.00028;1.40332425415636e-14;2.0389132511025697e-12;25;0x00;37;VERT;False
1787667494.9353933;28.59721389600054;BLE Sniffer;Appareil BLE;2,4 GHz BLE;48:e9:9e:3d:b7:7b;-75.0;;;;-75.0;3.1622776601683794e-11;0.00028;8.854377448471461e-15;2.0477676285510412e-12;25;0x00;38;VERT;False
1787667495.0409691;28.70279071100049;BLE Sniffer;Appareil BLE;2,4 GHz BLE;48:e9:9e:3d:b7:7b;-74.0;;;;-74.0;3.9810717055349695e-11;0.00028;1.1147000775497913e-14;2.058914629326539e-12;25;0x00;39;VERT;False
1787667495.2470438;28.908865151999635;BLE Sniffer;Appareil BLE;2,4 GHz BLE;48:e9:9e:3d:b7:7b;-73.0;;;;-73.0;5.011872336272715e-11;0.00028;1.40332425415636e-14;2.0729478718681027e-12;25;0x00;37;VERT;False
1787667495.2471085;28.908927815000425;BLE Sniffer;Appareil BLE;2,4 GHz BLE;48:e9:9e:3d:b7:7b;-75.0;;;;-75.0;3.1622776601683794e-11;0.00028;8.854377448471461e-15;2.0818022493165743e-12;25;0x00;38;VERT;False
1787667495.3482938;29.01011493400074;BLE Sniffer;Appareil BLE;2,4 GHz BLE;48:e9:9e:3d:b7:7b;-75.0;;;;-75.0;3.1622776601683794e-11;0.00028;8.854377448471461e-15;2.090656626765046e-12;25;0x00;39;VERT;False
1787667495.553295;29.215116601000773;BLE Sniffer;Appareil BLE;2,4 GHz BLE;48:e9:9e:3d:b7:7b;-74.0;;;;-74.0;3.9810717055349695e-11;0.00028;1.1147000775497913e-14;2.1018036275405437e-12;25;0x00;37;VERT;False
1787667495.8649044;29.52672582699961;BLE Sniffer;Appareil BLE;2,4 GHz BLE;58:e9:9e:3d:b7:7b;-77.0;;;;-77.0;1.9952623149688828e-11;0.00028;5.586734481912872e-15;5.586734481912872e-15;25;0x00;38;VERT;False
1787667495.8649755;29.52679489699949;BLE Sniffer;Appareil BLE;2,4 GHz BLE;48:e9:9e:3d:b7:7b;-74.0;;;;-74.0;3.9810717055349695e-11;0.00028;1.1147000775497913e-14;2.1129506283160416e-12;25;0x00;39;VERT;False
1787667496.0709674;29.732788569999684;BLE Sniffer;Appareil BLE;2,4 GHz BLE;48:e9:9e:3d:b7:7b;-74.0;;;;-74.0;3.9810717055349695e-11;0.00028;1.1147000775497913e-14;2.1240976290915395e-12;25;0x00;37;VERT;False
1787667496.1718876;29.83370873000058;BLE Sniffer;Appareil BLE;2,4 GHz BLE;48:e9:9e:3d:b7:7b;-77.0;;;;-77.0;1.9952623149688828e-11;0.00028;5.586734481912872e-15;2.129684363573452e-12;25;0x00;38;VERT;False
1787667496.1719656;29.833785115000865;BLE Sniffer;Appareil BLE;2,4 GHz BLE;48:e9:9e:3d:b7:7b;-74.0;;;;-74.0;3.9810717055349695e-11;0.00028;1.1147000775497913e-14;2.14083136434895e-12;25;0x00;39;VERT;False
1787667496.3774526;30.03927327100064;BLE Sniffer;Appareil BLE;2,4 GHz BLE;48:e9:9e:3d:b7:7b;-74.0;;;;-74.0;3.9810717055349695e-11;0.00028;1.1147000775497913e-14;2.151978365124448e-12;25;0x00;37;VERT;False
1787667496.6895049;30.351325626999824;BLE Sniffer;Appareil BLE;2,4 GHz BLE;48:e5:9e:2d:b7:7b;-78.0;;;;-78.0;1.5848931924611107e-11;0.00028;4.4377009388911094e-15;1.847094348045471e-14;25;0x00;38;VERT;False
1787667496.6895688;30.351388160999704;BLE Sniffer;Appareil BLE;2,4 GHz BLE;48:e9:9e:3d:b7:7b;-73.0;;;;-73.0;5.011872336272715e-11;0.00028;1.40332425415636e-14;2.1660116076660115e-12;25;0x00;39;VERT;False
1787667496.6896076;30.351427102999878;BLE Sniffer;Appareil BLE;2,4 GHz BLE;d3:23:2f:4d:3e:b1;-69.0;;;;-69.0;1.2589254117941662e-10;0.000376;4.7335595483460646e-14;5.561179976098089e-13;37;0x00;37;ORANGE;False
1787667496.7910867;30.452907509999932;BLE Sniffer;Appareil BLE;2,4 GHz BLE;d3:23:2f:4d:3e:b1;-76.0;;;;-76.0;2.5118864315095823e-11;0.000376;9.444692982476029e-15;5.65562690592285e-13;37;0x00;38;VERT;False
1787667496.7911649;30.452984395000385;BLE Sniffer;Appareil BLE;2,4 GHz BLE;d3:23:2f:4d:3e:b1;-81.0;;;;-81.0;7.943282347242821e-12;0.000376;2.9866741625633007e-15;5.685493647548483e-13;37;0x00;39;VERT;False
1787667496.8959944;30.557815449999907;BLE Sniffer;Appareil BLE;2,4 GHz BLE;48:e9:9e:3d:b7:7b;-75.0;;;;-75.0;3.1622776601683794e-11;0.00028;8.854377448471461e-15;2.174865985114483e-12;25;0x00;37;VERT;False
1787667496.896058;30.55787803900057;BLE Sniffer;Appareil BLE;2,4 GHz BLE;48:e9:9e:3d:b7:7b;-76.0;;;;-76.0;2.5118864315095823e-11;0.00028;7.03328200822683e-15;2.18189926712271e-12;25;0x00;38;VERT;False
1787667496.9973636;30.659185103999334;BLE Sniffer;Appareil BLE;2,4 GHz BLE;48:e9:9e:3d:b7:7b;-72.0;;;;-72.0;6.309573444801942e-11;0.00028;1.7666805645445437e-14;2.1995660727681555e-12;25;0x00;39;VERT;False
1787667497.2025359;30.864356886000678;BLE Sniffer;Appareil BLE;2,4 GHz BLE;48:e9:9e:3d:b7:7b;-76.0;;;;-76.0;2.5118864315095823e-11;0.00028;7.03328200822683e-15;2.2065993547763823e-12;25;0x00;37;VERT;False
1787667497.3085794;30.970400141999562;BLE Sniffer;Appareil BLE;2,4 GHz BLE;48:e9:9e:3d:b7:7b;-76.0;;;;-76.0;2.5118864315095823e-11;0.00028;7.03328200822683e-15;2.213632636784609e-12;25;0x00;38;VERT;False
1787667497.3086464;30.970465989999866;BLE Sniffer;Appareil BLE;2,4 GHz BLE;48:e9:9e:3d:b7:7b;-74.0;;;;-74.0;3.9810717055349695e-11;0.00028;1.1147000775497913e-14;2.224779637560107e-12;25;0x00;39;VERT;False
1787667497.514413;31.176233943000625;BLE Sniffer;Appareil BLE;2,4 GHz BLE;48:e9:9e:3d:b7:7b;-76.0;;;;-76.0;2.5118864315095823e-11;0.00028;7.03328200822683e-15;2.231812919568334e-12;25;0x00;37;VERT;False
1787667497.7210371;31.38285771899973;BLE Sniffer;Appareil BLE;2,4 GHz BLE;48:f5:9e:3d:b7:7b;-82.0;;;;-82.0;6.309573444801943e-12;0.00028;1.7666805645445437e-15;1.7666805645445437e-15;25;0x00;38;VERT;False
1787667497.721103;31.382922327000415;BLE Sniffer;Appareil BLE;2,4 GHz BLE;48:e9:9e:3d:b7:7b;-80.0;;;;-80.0;1e-11;0.00028;2.7999999999999997e-15;2.234612919568334e-12;25;0x00;39;VERT;False
1787667498.0275578;31.6893799820009;BLE Sniffer;Appareil BLE;2,4 GHz BLE;48:e9:9e:3d:b7:7b;-76.0;;;;-76.0;2.5118864315095823e-11;0.00028;7.03328200822683e-15;2.2416462015765607e-12;25;0x00;37;VERT;False
1787667498.0276294;31.68944890400053;BLE Sniffer;Appareil BLE;2,4 GHz BLE;48:e9:9e:3d:b7:7b;-77.0;;;;-77.0;1.9952623149688828e-11;0.00028;5.586734481912872e-15;2.2472329360584734e-12;25;0x00;38;VERT;False
1787667498.0276675;31.689486772000237;BLE Sniffer;Appareil BLE;2,4 GHz BLE;48:e9:9e:3d:b7:7b;-72.0;;;;-72.0;6.309573444801942e-11;0.00028;1.7666805645445437e-14;2.264899741703919e-12;25;0x00;39;VERT;False
1787667498.3399332;32.001754295000865;BLE Sniffer;Appareil BLE;2,4 GHz BLE;48:e9:9e:3d:b7:7b;-75.0;;;;-75.0;3.1622776601683794e-11;0.00028;8.854377448471461e-15;2.2737541191523905e-12;25;0x00;37;VERT;False
1787667498.7524326;32.41425373600032;BLE Sniffer;Appareil BLE;2,4 GHz BLE;d3:23:2f:4d:3e:b1;-75.0;;;;-75.0;3.1622776601683794e-11;0.000376;1.1890164002233105e-14;5.804395287570814e-13;37;0x00;38;VERT;False
1787667498.7525003;32.414319880999756;BLE Sniffer;Appareil BLE;2,4 GHz BLE;d3:23:2f:4d:3e:b1;-84.0;;;;-84.0;3.9810717055349695e-12;0.000376;1.4968829612811484e-15;5.819364117183626e-13;37;0x00;39;VERT;False
1787667498.8537233;32.51554457699967;BLE Sniffer;Appareil BLE;2,4 GHz BLE;48:e9:9e:3d:b7:7b;-76.0;;;;-76.0;2.5118864315095823e-11;0.00028;7.03328200822683e-15;2.2807874011606173e-12;25;0x00;37;VERT;False
1787667498.8537955;32.51561501800097;BLE Sniffer;Appareil BLE;2,4 GHz BLE;48:e9:9e:3d:b7:7b;-76.0;;;;-76.0;2.5118864315095823e-11;0.00028;7.03328200822683e-15;2.287820683168844e-12;25;0x00;38;VERT;False
1787667498.9589026;32.620723166999596;BLE Sniffer;Appareil BLE;2,4 GHz BLE;48:e9:9e:3d:b7:7b;-73.0;;;;-73.0;5.011872336272715e-11;0.00028;1.40332425415636e-14;2.3018539257104078e-12;25;0x00;39;VERT;False
1787667499.1653633;32.827184776999275;BLE Sniffer;Appareil BLE;2,4 GHz BLE;48:e9:9e:3d:b7:7b;-75.0;;;;-75.0;3.1622776601683794e-11;0.00028;8.854377448471461e-15;2.3107083031588794e-12;25;0x00;37;VERT;False
1787667499.1654315;32.82725105099962;BLE Sniffer;Appareil BLE;2,4 GHz BLE;48:e9:9e:3d:b7:7b;-76.0;;;;-76.0;2.5118864315095823e-11;0.00028;7.03328200822683e-15;2.317741585167106e-12;25;0x00;38;VERT;False
1787667499.1654725;32.827291789999435;BLE Sniffer;Appareil BLE;2,4 GHz BLE;48:e9:9e:3d:b7:7b;-73.0;;;;-73.0;5.011872336272715e-11;0.00028;1.40332425415636e-14;2.3317748277086698e-12;25;0x00;39;VERT;False
1787667499.3715773;33.033398367999325;BLE Sniffer;Appareil BLE;2,4 GHz BLE;48:e9:9e:3d:b7:7b;-75.0;;;;-75.0;3.1622776601683794e-11;0.00028;8.854377448471461e-15;2.3406292051571414e-12;25;0x00;37;VERT;False
1787667499.991649;33.653472190000684;BLE Sniffer;Appareil BLE;2,4 GHz BLE;48:e9:9e:2d:b7:7b;-75.0;;;;-75.0;3.1622776601683794e-11;0.00028;8.854377448471461e-15;1.4441111930384333e-14;25;0x00;38;VERT;False
1787667499.991763;33.653584294999746;BLE Sniffer;Appareil BLE;2,4 GHz BLE;48:e9:9e:3d:b7:7b;-72.0;;;;-72.0;6.309573444801942e-11;0.00028;1.7666805645445437e-14;2.358296010802587e-12;25;0x00;39;VERT;False
1787667500.1998494;33.86167050199947;BLE Sniffer;Appareil BLE;2,4 GHz BLE;48:e9:9e:3d:b7:7b;-75.0;;;;-75.0;3.1622776601683794e-11;0.00028;8.854377448471461e-15;2.3671503882510585e-12;25;0x00;37;VERT;False
1787667500.3008838;33.96270578000076;BLE Sniffer;Appareil BLE;2,4 GHz BLE;48:e9:9e:3d:b7:7b;-76.0;;;;-76.0;2.5118864315095823e-11;0.00028;7.03328200822683e-15;2.3741836702592853e-12;25;0x00;38;VERT;False
1787667500.3009713;33.96279075699931;BLE Sniffer;Appareil BLE;2,4 GHz BLE;48:e9:9e:3d:b7:7b;-73.0;;;;-73.0;5.011872336272715e-11;0.00028;1.40332425415636e-14;2.388216912800849e-12;25;0x00;39;VERT;False
1787667500.5111752;34.1729993480003;BLE Sniffer;Appareil BLE;2,4 GHz BLE;48:e9:9e:3d:b7:7b;-75.0;;;;-75.0;3.1622776601683794e-11;0.00028;8.854377448471461e-15;2.3970712902493205e-12;25;0x00;37;VERT;False
1787667500.7154095;34.37723297100092;BLE Sniffer;Appareil BLE;2,4 GHz BLE;d3:23:2f:4d:3e:b1;-77.0;;;;-77.0;1.9952623149688828e-11;0.000376;7.502186304282999e-15;5.894385980226456e-13;37;0x00;38;VERT;False
1787667500.715532;34.37735166799939;BLE Sniffer;Appareil BLE;2,4 GHz BLE;d3:23:2f:4d:3e:b1;-81.0;;;;-81.0;7.943282347242821e-12;0.000376;2.9866741625633007e-15;5.924252721852089e-13;37;0x00;39;VERT;False
1787667500.821511;34.4833317850007;BLE Sniffer;Appareil BLE;2,4 GHz BLE;48:e9:9e:3d:b7:7b;-75.0;;;;-75.0;3.1622776601683794e-11;0.00028;8.854377448471461e-15;2.405925667697792e-12;25;0x00;37;VERT;False
1787667501.853049;35.514869693000946;BLE Sniffer;Appareil BLE;2,4 GHz BLE;48:e9:9e:3d:b7:7b;-76.0;;;;-76.0;2.5118864315095823e-11;0.00028;7.03328200822683e-15;2.412958949706019e-12;25;0x00;38;VERT;False
1787667501.8531141;35.51493357800064;BLE Sniffer;Appareil BLE;2,4 GHz BLE;48:e9:9e:3d:b7:7b;-73.0;;;;-73.0;5.011872336272715e-11;0.00028;1.40332425415636e-14;2.4269921922475825e-12;25;0x00;39;VERT;False
1787667502.160855;35.82267680500081;BLE Sniffer;Appareil BLE;2,4 GHz BLE;48:e9:9e:3d:b7:7b;-75.0;;;;-75.0;3.1622776601683794e-11;0.00028;8.854377448471461e-15;2.435846569696054e-12;25;0x00;37;VERT;False
