numero;timestamp_s;temps_relatif_s;mac;longueur_payload_octets;type_pdu;rssi_dbm;canal;duree_estimee_us;timestamp_fin_s;intervalle_ms;company_id;donnees_brutes;uuid_cible;major_cible;minor_cible
1;1784284513.946180105;0.000000;5c:8a:dc:2f:62:8d;36;0x00;-68;39;368.000;1784284513.946548223;;0x004c;0215e20a39f473f54bc4a12f17d1ad07a96100000000c8;e20a39f4-73f5-4bc4-a12f-17d1ad07a961;0;0
2;1784284514.258039951;0.311860;5c:8a:dc:2f:62:8d;36;0x00;-68;39;368.000;1784284514.258408070;311.860;0x004c;0215e20a39f473f54bc4a12f17d1ad07a96100000000c8;e20a39f4-73f5-4bc4-a12f-17d1ad07a961;0;0
3;1784284514.544915915;0.598736;5c:8a:dc:2f:62:8d;36;0x00;-62;38;368.000;1784284514.545284033;286.876;0x004c;0215e20a39f473f54bc4a12f17d1ad07a96100000000c8;e20a39f4-73f5-4bc4-a12f-17d1ad07a961;0;0
4;1784284514.833760977;0.887581;5c:8a:dc:2f:62:8d;36;0x00;-62;38;368.000;1784284514.834129095;288.845;0x004c;0215e20a39f473f54bc4a12f17d1ad07a96100000000c8;e20a39f4-73f5-4bc4-a12f-17d1ad07a961;0;0
5;1784284514.875648975;0.929469;5c:8a:dc:2f:62:8d;36;0x00;-68;39;368.000;1784284514.876017094;41.888;0x004c;0215e20a39f473f54bc4a12f17d1ad07a96100000000c8;e20a39f4-73f5-4bc4-a12f-17d1ad07a961;0;0
6;1784284515.092295885;1.146116;5c:8a:dc:2f:62:8d;36;0x00;-62;38;368.000;1784284515.092664003;216.647;0x004c;0215e20a39f473f54bc4a12f17d1ad07a96100000000c8;e20a39f4-73f5-4bc4-a12f-17d1ad07a961;0;0
7;1784284515.093405962;1.147226;5c:8a:dc:2f:62:8d;36;0x00;-68;39;368.000;1784284515.093774080;1.110;0x004c;0215e20a39f473f54bc4a12f17d1ad07a96100000000c8;e20a39f4-73f5-4bc4-a12f-17d1ad07a961;0;0
8;1784284515.403889894;1.457710;5c:8a:dc:2f:62:8d;36;0x00;-62;38;368.000;1784284515.404258013;310.484;0x004c;0215e20a39f473f54bc4a12f17d1ad07a96100000000c8;e20a39f4-73f5-4bc4-a12f-17d1ad07a961;0;0
9;1784284515.440866947;1.494687;5c:8a:dc:2f:62:8d;36;0x00;-68;39;368.000;1784284515.441235065;36.977;0x004c;0215e20a39f473f54bc4a12f17d1ad07a96100000000c8;e20a39f4-73f5-4bc4-a12f-17d1ad07a961;0;0
10;1784284515.972501040;2.026321;5c:8a:dc:2f:62:8d;36;0x00;-62;38;368.000;1784284515.972869158;531.634;0x004c;0215e20a39f473f54bc4a12f17d1ad07a96100000000c8;e20a39f4-73f5-4bc4-a12f-17d1ad07a961;0;0
11;1784284515.994107008;2.047927;5c:8a:dc:2f:62:8d;36;0x00;-68;39;368.000;1784284515.994475126;21.606;0x004c;0215e20a39f473f54bc4a12f17d1ad07a96100000000c8;e20a39f4-73f5-4bc4-a12f-17d1ad07a961;0;0
12;1784284516.256643057;2.310463;5c:8a:dc:2f:62:8d;36;0x00;-62;38;368.000;1784284516.257011175;262.536;0x004c;0215e20a39f473f54bc4a12f17d1ad07a96100000000c8;e20a39f4-73f5-4bc4-a12f-17d1ad07a961;0;0
13;1784284516.288283110;2.342103;5c:8a:dc:2f:62:8d;36;0x00;-68;39;368.000;1784284516.288651228;31.640;0x004c;0215e20a39f473f54bc4a12f17d1ad07a96100000000c8;e20a39f4-73f5-4bc4-a12f-17d1ad07a961;0;0
14;1784284516.536632061;2.590452;5c:8a:dc:2f:62:8d;36;0x00;-62;38;368.000;1784284516.537000179;248.349;0x004c;0215e20a39f473f54bc4a12f17d1ad07a96100000000c8;e20a39f4-73f5-4bc4-a12f-17d1ad07a961;0;0
15;1784284516.570466995;2.624287;5c:8a:dc:2f:62:8d;36;0x00;-68;39;368.000;1784284516.570835114;33.835;0x004c;0215e20a39f473f54bc4a12f17d1ad07a96100000000c8;e20a39f4-73f5-4bc4-a12f-17d1ad07a961;0;0
16;1784284516.817393064;2.871213;5c:8a:dc:2f:62:8d;36;0x00;-62;38;368.000;1784284516.817761183;246.926;0x004c;0215e20a39f473f54bc4a12f17d1ad07a96100000000c8;e20a39f4-73f5-4bc4-a12f-17d1ad07a961;0;0
17;1784284516.843945026;2.897765;5c:8a:dc:2f:62:8d;36;0x00;-68;39;368.000;1784284516.844313145;26.552;0x004c;0215e20a39f473f54bc4a12f17d1ad07a96100000000c8;e20a39f4-73f5-4bc4-a12f-17d1ad07a961;0;0
18;1784284517.111031055;3.164851;5c:8a:dc:2f:62:8d;36;0x00;-60;37;368.000;1784284517.111399174;267.086;0x004c;0215e20a39f473f54bc4a12f17d1ad07a96100000000c8;e20a39f4-73f5-4bc4-a12f-17d1ad07a961;0;0
19;1784284517.137691021;3.191511;5c:8a:dc:2f:62:8d;36;0x00;-62;38;368.000;1784284517.138059139;26.660;0x004c;0215e20a39f473f54bc4a12f17d1ad07a96100000000c8;e20a39f4-73f5-4bc4-a12f-17d1ad07a961;0;0
20;1784284517.159385920;3.213206;5c:8a:dc:2f:62:8d;44;0x00;-68;39;432.000;1784284517.159817934;21.695;0x004c;0215e20a39f473f54bc4a12f17d1ad07a96100000000c8;e20a39f4-73f5-4bc4-a12f-17d1ad07a961;0;0
21;1784284517.389426947;3.443247;5c:8a:dc:2f:62:8d;36;0x00;-62;38;368.000;1784284517.389795065;230.041;0x004c;0215e20a39f473f54bc4a12f17d1ad07a96100000000c8;e20a39f4-73f5-4bc4-a12f-17d1ad07a961;0;0
22;1784284517.420916080;3.474736;5c:8a:dc:2f:62:8d;36;0x00;-68;39;368.000;1784284517.421284199;31.489;0x004c;0215e20a39f473f54bc4a12f17d1ad07a96100000000c8;e20a39f4-73f5-4bc4-a12f-17d1ad07a961;0;0
23;1784284517.686140060;3.739960;5c:8a:dc:2f:62:8d;36;0x00;-60;37;368.000;1784284517.686508179;265.224;0x004c;0215e20a39f473f54bc4a12f17d1ad07a96100000000c8;e20a39f4-73f5-4bc4-a12f-17d1ad07a961;0;0
24;1784284517.723021984;3.776842;5c:8a:dc:2f:62:8d;36;0x00;-62;38;368.000;1784284517.723390102;36.882;0x004c;0215e20a39f473f54bc4a12f17d1ad07a96100000000c8;e20a39f4-73f5-4bc4-a12f-17d1ad07a961;0;0
25;1784284517.754436970;3.808257;5c:8a:dc:2f:62:8d;36;0x00;-68;39;368.000;1784284517.754805088;31.415;0x004c;0215e20a39f473f54bc4a12f17d1ad07a96100000000c8;e20a39f4-73f5-4bc4-a12f-17d1ad07a961;0;0
26;1784284517.971136093;4.024956;5c:8a:dc:2f:62:8d;36;0x00;-62;38;368.000;1784284517.971504211;216.699;0x004c;0215e20a39f473f54bc4a12f17d1ad07a96100000000c8;e20a39f4-73f5-4bc4-a12f-17d1ad07a961;0;0
27;1784284518.002968073;4.056788;5c:8a:dc:2f:62:8d;36;0x00;-68;39;368.000;1784284518.003336191;31.832;0x004c;0215e20a39f473f54bc4a12f17d1ad07a96100000000c8;e20a39f4-73f5-4bc4-a12f-17d1ad07a961;0;0
28;1784284518.261127949;4.314948;5c:8a:dc:2f:62:8d;36;0x00;-62;38;368.000;1784284518.261496067;258.160;0x004c;0215e20a39f473f54bc4a12f17d1ad07a96100000000c8;e20a39f4-73f5-4bc4-a12f-17d1ad07a961;0;0
29;1784284518.292857885;4.346678;5c:8a:dc:2f:62:8d;36;0x00;-68;39;368.000;1784284518.293226004;31.730;0x004c;0215e20a39f473f54bc4a12f17d1ad07a96100000000c8;e20a39f4-73f5-4bc4-a12f-17d1ad07a961;0;0
30;1784284518.560916901;4.614737;5c:8a:dc:2f:62:8d;36;0x00;-62;38;368.000;1784284518.561285019;268.059;0x004c;0215e20a39f473f54bc4a12f17d1ad07a96100000000c8;e20a39f4-73f5-4bc4-a12f-17d1ad07a961;0;0
31;1784284518.562169075;4.615989;5c:8a:dc:2f:62:8d;36;0x00;-69;39;368.000;1784284518.562537193;1.252;0x004c;0215e20a39f473f54bc4a12f17d1ad07a96100000000c8;e20a39f4-73f5-4bc4-a12f-17d1ad07a961;0;0
32;1784284518.820975065;4.874795;5c:8a:dc:2f:62:8d;36;0x00;-62;38;368.000;1784284518.821343184;258.806;0x004c;0215e20a39f473f54bc4a12f17d1ad07a96100000000c8;e20a39f4-73f5-4bc4-a12f-17d1ad07a961;0;0
33;1784284518.847604036;4.901424;5c:8a:dc:2f:62:8d;36;0x00;-68;39;368.000;1784284518.847972155;26.629;0x004c;0215e20a39f473f54bc4a12f17d1ad07a96100000000c8;e20a39f4-73f5-4bc4-a12f-17d1ad07a961;0;0
34;1784284519.119143009;5.172963;5c:8a:dc:2f:62:8d;36;0x00;-62;38;368.000;1784284519.119511127;271.539;0x004c;0215e20a39f473f54bc4a12f17d1ad07a96100000000c8;e20a39f4-73f5-4bc4-a12f-17d1ad07a961;0;0
35;1784284519.150789976;5.204610;5c:8a:dc:2f:62:8d;36;0x00;-68;39;368.000;1784284519.151158094;31.647;0x004c;0215e20a39f473f54bc4a12f17d1ad07a96100000000c8;e20a39f4-73f5-4bc4-a12f-17d1ad07a961;0;0
36;1784284519.419126034;5.472946;5c:8a:dc:2f:62:8d;36;0x00;-60;37;368.000;1784284519.419494152;268.336;0x004c;0215e20a39f473f54bc4a12f17d1ad07a96100000000c8;e20a39f4-73f5-4bc4-a12f-17d1ad07a961;0;0
37;1784284519.445624113;5.499444;5c:8a:dc:2f:62:8d;36;0x00;-63;38;368.000;1784284519.445992231;26.498;0x004c;0215e20a39f473f54bc4a12f17d1ad07a96100000000c8;e20a39f4-73f5-4bc4-a12f-17d1ad07a961;0;0
38;1784284519.482479095;5.536299;5c:8a:dc:2f:62:8d;36;0x00;-68;39;368.000;1784284519.482847214;36.855;0x004c;0215e20a39f473f54bc4a12f17d1ad07a96100000000c8;e20a39f4-73f5-4bc4-a12f-17d1ad07a961;0;0
39;1784284519.675834894;5.729655;5c:8a:dc:2f:62:8d;36;0x00;-62;38;368.000;1784284519.676203012;193.356;0x004c;0215e20a39f473f54bc4a12f17d1ad07a96100000000c8;e20a39f4-73f5-4bc4-a12f-17d1ad07a961;0;0
40;1784284519.692219019;5.746039;5c:8a:dc:2f:62:8d;36;0x00;-68;39;368.000;1784284519.692587137;16.384;0x004c;0215e20a39f473f54bc4a12f17d1ad07a96100000000c8;e20a39f4-73f5-4bc4-a12f-17d1ad07a961;0;0
41;1784284519.958796024;6.012616;5c:8a:dc:2f:62:8d;36;0x00;-60;37;368.000;1784284519.959164143;266.577;0x004c;0215e20a39f473f54bc4a12f17d1ad07a96100000000c8;e20a39f4-73f5-4bc4-a12f-17d1ad07a961;0;0
42;1784284519.986936092;6.040756;5c:8a:dc:2f:62:8d;36;0x00;-62;38;368.000;1784284519.987304211;28.140;0x004c;0215e20a39f473f54bc4a12f17d1ad07a96100000000c8;e20a39f4-73f5-4bc4-a12f-17d1ad07a961;0;0
43;1784284520.014081955;6.067902;5c:8a:dc:2f:62:8d;36;0x00;-68;39;368.000;1784284520.014450073;27.146;0x004c;0215e20a39f473f54bc4a12f17d1ad07a96100000000c8;e20a39f4-73f5-4bc4-a12f-17d1ad07a961;0;0
44;1784284520.242856026;6.296676;5c:8a:dc:2f:62:8d;36;0x00;-62;38;368.000;1784284520.243224144;228.774;0x004c;0215e20a39f473f54bc4a12f17d1ad07a96100000000c8;e20a39f4-73f5-4bc4-a12f-17d1ad07a961;0;0
45;1784284520.269465923;6.323286;5c:8a:dc:2f:62:8d;36;0x00;-70;39;368.000;1784284520.269834042;26.610;0x004c;0215e20a39f473f54bc4a12f17d1ad07a96100000000c8;e20a39f4-73f5-4bc4-a12f-17d1ad07a961;0;0
46;1784284520.528140068;6.581960;5c:8a:dc:2f:62:8d;36;0x00;-61;38;368.000;1784284520.528508186;258.674;0x004c;0215e20a39f473f54bc4a12f17d1ad07a96100000000c8;e20a39f4-73f5-4bc4-a12f-17d1ad07a961;0;0
47;1784284520.554790020;6.608610;5c:8a:dc:2f:62:8d;36;0x00;-67;39;368.000;1784284520.555158138;26.650;0x004c;0215e20a39f473f54bc4a12f17d1ad07a96100000000c8;e20a39f4-73f5-4bc4-a12f-17d1ad07a961;0;0
48;1784284520.825890064;6.879710;5c:8a:dc:2f:62:8d;36;0x00;-60;38;368.000;1784284520.826258183;271.100;0x004c;0215e20a39f473f54bc4a12f17d1ad07a96100000000c8;e20a39f4-73f5-4bc4-a12f-17d1ad07a961;0;0
49;1784284520.862586021;6.916406;5c:8a:dc:2f:62:8d;36;0x00;-66;39;368.000;1784284520.862954140;36.696;0x004c;0215e20a39f473f54bc4a12f17d1ad07a96100000000c8;e20a39f4-73f5-4bc4-a12f-17d1ad07a961;0;0
50;1784284521.105057001;7.158877;5c:8a:dc:2f:62:8d;36;0x00;-60;38;368.000;1784284521.105425119;242.471;0x004c;0215e20a39f473f54bc4a12f17d1ad07a96100000000c8;e20a39f4-73f5-4bc4-a12f-17d1ad07a961;0;0
51;1784284521.126600027;7.180420;5c:8a:dc:2f:62:8d;36;0x00;-66;39;368.000;1784284521.126968145;21.543;0x004c;0215e20a39f473f54bc4a12f17d1ad07a96100000000c8;e20a39f4-73f5-4bc4-a12f-17d1ad07a961;0;0
52;1784284521.399594069;7.453414;5c:8a:dc:2f:62:8d;36;0x00;-61;38;368.000;1784284521.399962187;272.994;0x004c;0215e20a39f473f54bc4a12f17d1ad07a96100000000c8;e20a39f4-73f5-4bc4-a12f-17d1ad07a961;0;0
53;1784284521.431210041;7.485030;5c:8a:dc:2f:62:8d;36;0x00;-65;39;368.000;1784284521.431578159;31.616;0x004c;0215e20a39f473f54bc4a12f17d1ad07a96100000000c8;e20a39f4-73f5-4bc4-a12f-17d1ad07a961;0;0
54;1784284521.682236910;7.736057;5c:8a:dc:2f:62:8d;36;0x00;-60;38;368.000;1784284521.682605028;251.027;0x004c;0215e20a39f473f54bc4a12f17d1ad07a96100000000c8;e20a39f4-73f5-4bc4-a12f-17d1ad07a961;0;0
55;1784284521.970948935;8.024769;5c:8a:dc:2f:62:8d;36;0x00;-61;38;368.000;1784284521.971317053;288.712;0x004c;0215e20a39f473f54bc4a12f17d1ad07a96100000000c8;e20a39f4-73f5-4bc4-a12f-17d1ad07a961;0;0
56;1784284521.987442970;8.041263;5c:8a:dc:2f:62:8d;36;0x00;-66;39;368.000;1784284521.987811089;16.494;0x004c;0215e20a39f473f54bc4a12f17d1ad07a96100000000c8;e20a39f4-73f5-4bc4-a12f-17d1ad07a961;0;0
57;1784284522.278641939;8.332462;5c:8a:dc:2f:62:8d;36;0x00;-60;38;368.000;1784284522.279010057;291.199;0x004c;0215e20a39f473f54bc4a12f17d1ad07a96100000000c8;e20a39f4-73f5-4bc4-a12f-17d1ad07a961;0;0
58;1784284522.315442085;8.369262;5c:8a:dc:2f:62:8d;36;0x00;-65;39;368.000;1784284522.315810204;36.800;0x004c;0215e20a39f473f54bc4a12f17d1ad07a96100000000c8;e20a39f4-73f5-4bc4-a12f-17d1ad07a961;0;0
59;1784284522.834191084;8.888011;5c:8a:dc:2f:62:8d;36;0x00;-60;38;368.000;1784284522.834559202;518.749;0x004c;0215e20a39f473f54bc4a12f17d1ad07a96100000000c8;e20a39f4-73f5-4bc4-a12f-17d1ad07a961;0;0
60;1784284522.855566978;8.909387;5c:8a:dc:2f:62:8d;36;0x00;-66;39;368.000;1784284522.855935097;21.376;0x004c;0215e20a39f473f54bc4a12f17d1ad07a96100000000c8;e20a39f4-73f5-4bc4-a12f-17d1ad07a961;0;0
61;1784284523.123614073;9.177434;5c:8a:dc:2f:62:8d;36;0x00;-60;38;368.000;1784284523.123982191;268.047;0x004c;0215e20a39f473f54bc4a12f17d1ad07a96100000000c8;e20a39f4-73f5-4bc4-a12f-17d1ad07a961;0;0
62;1784284523.155834913;9.209655;5c:8a:dc:2f:62:8d;36;0x00;-66;39;368.000;1784284523.156203032;32.221;0x004c;0215e20a39f473f54bc4a12f17d1ad07a96100000000c8;e20a39f4-73f5-4bc4-a12f-17d1ad07a961;0;0
63;1784284523.399651051;9.453471;5c:8a:dc:2f:62:8d;36;0x00;-60;38;368.000;1784284523.400019169;243.816;0x004c;0215e20a39f473f54bc4a12f17d1ad07a96100000000c8;e20a39f4-73f5-4bc4-a12f-17d1ad07a961;0;0
64;1784284523.436321020;9.490141;5c:8a:dc:2f:62:8d;36;0x00;-66;39;368.000;1784284523.436689138;36.670;0x004c;0215e20a39f473f54bc4a12f17d1ad07a96100000000c8;e20a39f4-73f5-4bc4-a12f-17d1ad07a961;0;0
65;1784284523.967277050;10.021097;5c:8a:dc:2f:62:8d;36;0x00;-60;38;368.000;1784284523.967645168;530.956;0x004c;0215e20a39f473f54bc4a12f17d1ad07a96100000000c8;e20a39f4-73f5-4bc4-a12f-17d1ad07a961;0;0
66;1784284523.993778944;10.047599;5c:8a:dc:2f:62:8d;36;0x00;-66;39;368.000;1784284523.994147062;26.502;0x004c;0215e20a39f473f54bc4a12f17d1ad07a96100000000c8;e20a39f4-73f5-4bc4-a12f-17d1ad07a961;0;0
67;1784284524.294683933;10.348504;5c:8a:dc:2f:62:8d;36;0x00;-66;39;368.000;1784284524.295052052;300.905;0x004c;0215e20a39f473f54bc4a12f17d1ad07a96100000000c8;e20a39f4-73f5-4bc4-a12f-17d1ad07a961;0;0
68;1784284524.541132927;10.594953;5c:8a:dc:2f:62:8d;36;0x00;-60;38;368.000;1784284524.541501045;246.449;0x004c;0215e20a39f473f54bc4a12f17d1ad07a96100000000c8;e20a39f4-73f5-4bc4-a12f-17d1ad07a961;0;0
69;1784284524.577852011;10.631672;5c:8a:dc:2f:62:8d;36;0x00;-66;39;368.000;1784284524.578220129;36.719;0x004c;0215e20a39f473f54bc4a12f17d1ad07a96100000000c8;e20a39f4-73f5-4bc4-a12f-17d1ad07a961;0;0
70;1784284524.828986883;10.882807;5c:8a:dc:2f:62:8d;36;0x00;-60;38;368.000;1784284524.829355001;251.135;0x004c;0215e20a39f473f54bc4a12f17d1ad07a96100000000c8;e20a39f4-73f5-4bc4-a12f-17d1ad07a961;0;0
71;1784284524.855562925;10.909383;5c:8a:dc:2f:62:8d;36;0x00;-66;39;368.000;1784284524.855931044;26.576;0x004c;0215e20a39f473f54bc4a12f17d1ad07a96100000000c8;e20a39f4-73f5-4bc4-a12f-17d1ad07a961;0;0
72;1784284525.105953932;11.159774;5c:8a:dc:2f:62:8d;36;0x00;-60;38;368.000;1784284525.106322050;250.391;0x004c;0215e20a39f473f54bc4a12f17d1ad07a96100000000c8;e20a39f4-73f5-4bc4-a12f-17d1ad07a961;0;0
73;1784284525.132586002;11.186406;5c:8a:dc:2f:62:8d;36;0x00;-66;39;368.000;1784284525.132954121;26.632;0x004c;0215e20a39f473f54bc4a12f17d1ad07a96100000000c8;e20a39f4-73f5-4bc4-a12f-17d1ad07a961;0;0
74;1784284525.400548935;11.454369;5c:8a:dc:2f:62:8d;36;0x00;-60;38;368.000;1784284525.400917053;267.963;0x004c;0215e20a39f473f54bc4a12f17d1ad07a96100000000c8;e20a39f4-73f5-4bc4-a12f-17d1ad07a961;0;0
75;1784284525.427577019;11.481397;5c:8a:dc:2f:62:8d;36;0x00;-66;39;368.000;1784284525.427945137;27.028;0x004c;0215e20a39f473f54bc4a12f17d1ad07a96100000000c8;e20a39f4-73f5-4bc4-a12f-17d1ad07a961;0;0
76;1784284525.673108101;11.726928;5c:8a:dc:2f:62:8d;36;0x00;-60;38;368.000;1784284525.673476219;245.531;0x004c;0215e20a39f473f54bc4a12f17d1ad07a96100000000c8;e20a39f4-73f5-4bc4-a12f-17d1ad07a961;0;0
77;1784284525.694627047;11.748447;5c:8a:dc:2f:62:8d;36;0x00;-66;39;368.000;1784284525.694995165;21.519;0x004c;0215e20a39f473f54bc4a12f17d1ad07a96100000000c8;e20a39f4-73f5-4bc4-a12f-17d1ad07a961;0;0
78;1784284525.967304945;12.021125;5c:8a:dc:2f:62:8d;36;0x00;-60;38;368.000;1784284525.967673063;272.678;0x004c;0215e20a39f473f54bc4a12f17d1ad07a96100000000c8;e20a39f4-73f5-4bc4-a12f-17d1ad07a961;0;0
79;1784284525.993886948;12.047707;5c:8a:dc:2f:62:8d;36;0x00;-66;39;368.000;1784284525.994255066;26.582;0x004c;0215e20a39f473f54bc4a12f17d1ad07a96100000000c8;e20a39f4-73f5-4bc4-a12f-17d1ad07a961;0;0
80;1784284526.252146006;12.305966;5c:8a:dc:2f:62:8d;36;0x00;-61;38;368.000;1784284526.252514124;258.259;0x004c;0215e20a39f473f54bc4a12f17d1ad07a96100000000c8;e20a39f4-73f5-4bc4-a12f-17d1ad07a961;0;0
81;1784284526.275558949;12.329379;5c:8a:dc:2f:62:8d;36;0x00;-66;39;368.000;1784284526.275927067;23.413;0x004c;0215e20a39f473f54bc4a12f17d1ad07a96100000000c8;e20a39f4-73f5-4bc4-a12f-17d1ad07a961;0;0
82;1784284526.537179947;12.591000;5c:8a:dc:2f:62:8d;36;0x00;-61;38;368.000;1784284526.537548065;261.621;0x004c;0215e20a39f473f54bc4a12f17d1ad07a96100000000c8;e20a39f4-73f5-4bc4-a12f-17d1ad07a961;0;0
83;1784284526.563704014;12.617524;5c:8a:dc:2f:62:8d;36;0x00;-67;39;368.000;1784284526.564072132;26.524;0x004c;0215e20a39f473f54bc4a12f17d1ad07a96100000000c8;e20a39f4-73f5-4bc4-a12f-17d1ad07a961;0;0
84;1784284526.821933985;12.875754;5c:8a:dc:2f:62:8d;36;0x00;-61;38;368.000;1784284526.822302103;258.230;0x004c;0215e20a39f473f54bc4a12f17d1ad07a96100000000c8;e20a39f4-73f5-4bc4-a12f-17d1ad07a961;0;0
85;1784284526.848428965;12.902249;5c:8a:dc:2f:62:8d;36;0x00;-66;39;368.000;1784284526.848797083;26.495;0x004c;0215e20a39f473f54bc4a12f17d1ad07a96100000000c8;e20a39f4-73f5-4bc4-a12f-17d1ad07a961;0;0
86;1784284527.111884117;13.165704;5c:8a:dc:2f:62:8d;36;0x00;-61;38;368.000;1784284527.112252235;263.455;0x004c;0215e20a39f473f54bc4a12f17d1ad07a96100000000c8;e20a39f4-73f5-4bc4-a12f-17d1ad07a961;0;0
87;1784284527.138560057;13.192380;5c:8a:dc:2f:62:8d;36;0x00;-66;39;368.000;1784284527.138928175;26.676;0x004c;0215e20a39f473f54bc4a12f17d1ad07a96100000000c8;e20a39f4-73f5-4bc4-a12f-17d1ad07a961;0;0
88;1784284527.398761034;13.452581;5c:8a:dc:2f:62:8d;36;0x00;-58;37;368.000;1784284527.399129152;260.201;0x004c;0215e20a39f473f54bc4a12f17d1ad07a96100000000c8;e20a39f4-73f5-4bc4-a12f-17d1ad07a961;0;0
89;1784284527.437545061;13.491365;5c:8a:dc:2f:62:8d;36;0x00;-61;38;368.000;1784284527.437913179;38.784;0x004c;0215e20a39f473f54bc4a12f17d1ad07a96100000000c8;e20a39f4-73f5-4bc4-a12f-17d1ad07a961;0;0
90;1784284527.469707012;13.523527;5c:8a:dc:2f:62:8d;36;0x00;-65;39;368.000;1784284527.470075130;32.162;0x004c;0215e20a39f473f54bc4a12f17d1ad07a96100000000c8;e20a39f4-73f5-4bc4-a12f-17d1ad07a961;0;0
91;1784284527.689836979;13.743657;5c:8a:dc:2f:62:8d;36;0x00;-58;37;368.000;1784284527.690205097;220.130;0x004c;0215e20a39f473f54bc4a12f17d1ad07a96100000000c8;e20a39f4-73f5-4bc4-a12f-17d1ad07a961;0;0
92;1784284527.964540958;14.018361;5c:8a:dc:2f:62:8d;36;0x00;-60;38;368.000;1784284527.964909077;274.704;0x004c;0215e20a39f473f54bc4a12f17d1ad07a96100000000c8;e20a39f4-73f5-4bc4-a12f-17d1ad07a961;0;0
93;1784284527.975723028;14.029543;5c:8a:dc:2f:62:8d;36;0x00;-65;39;368.000;1784284527.976091146;11.182;0x004c;0215e20a39f473f54bc4a12f17d1ad07a96100000000c8;e20a39f4-73f5-4bc4-a12f-17d1ad07a961;0;0
94;1784284528.251588106;14.305408;5c:8a:dc:2f:62:8d;36;0x00;-66;39;368.000;1784284528.251956224;275.865;0x004c;0215e20a39f473f54bc4a12f17d1ad07a96100000000c8;e20a39f4-73f5-4bc4-a12f-17d1ad07a961;0;0
95;1784284528.539858103;14.593678;5c:8a:dc:2f:62:8d;36;0x00;-65;39;368.000;1784284528.540226221;288.270;0x004c;0215e20a39f473f54bc4a12f17d1ad07a96100000000c8;e20a39f4-73f5-4bc4-a12f-17d1ad07a961;0;0
96;1784284528.814474106;14.868294;5c:8a:dc:2f:62:8d;36;0x00;-61;38;368.000;1784284528.814842224;274.616;0x004c;0215e20a39f473f54bc4a12f17d1ad07a96100000000c8;e20a39f4-73f5-4bc4-a12f-17d1ad07a961;0;0
97;1784284528.841207981;14.895028;5c:8a:dc:2f:62:8d;36;0x00;-65;39;368.000;1784284528.841576099;26.734;0x004c;0215e20a39f473f54bc4a12f17d1ad07a96100000000c8;e20a39f4-73f5-4bc4-a12f-17d1ad07a961;0;0
98;1784284529.106533051;15.160353;5c:8a:dc:2f:62:8d;36;0x00;-58;37;368.000;1784284529.106901169;265.325;0x004c;0215e20a39f473f54bc4a12f17d1ad07a96100000000c8;e20a39f4-73f5-4bc4-a12f-17d1ad07a961;0;0
99;1784284529.133065939;15.186886;5c:8a:dc:2f:62:8d;36;0x00;-60;38;368.000;1784284529.133434057;26.533;0x004c;0215e20a39f473f54bc4a12f17d1ad07a96100000000c8;e20a39f4-73f5-4bc4-a12f-17d1ad07a961;0;0
100;1784284529.164774895;15.218595;5c:8a:dc:2f:62:8d;36;0x00;-66;39;368.000;1784284529.165143013;31.709;0x004c;0215e20a39f473f54bc4a12f17d1ad07a96100000000c8;e20a39f4-73f5-4bc4-a12f-17d1ad07a961;0;0
101;1784284529.379085064;15.432905;5c:8a:dc:2f:62:8d;36;0x00;-61;38;368.000;1784284529.379453182;214.310;0x004c;0215e20a39f473f54bc4a12f17d1ad07a96100000000c8;e20a39f4-73f5-4bc4-a12f-17d1ad07a961;0;0
102;1784284529.390211105;15.444031;5c:8a:dc:2f:62:8d;36;0x00;-66;39;368.000;1784284529.390579224;11.126;0x004c;0215e20a39f473f54bc4a12f17d1ad07a96100000000c8;e20a39f4-73f5-4bc4-a12f-17d1ad07a961;0;0
103;1784284529.668777943;15.722598;5c:8a:dc:2f:62:8d;36;0x00;-58;37;368.000;1784284529.669146061;278.567;0x004c;0215e20a39f473f54bc4a12f17d1ad07a96100000000c8;e20a39f4-73f5-4bc4-a12f-17d1ad07a961;0;0
104;1784284529.959638119;16.013458;5c:8a:dc:2f:62:8d;36;0x00;-61;38;368.000;1784284529.960006237;290.860;0x004c;0215e20a39f473f54bc4a12f17d1ad07a96100000000c8;e20a39f4-73f5-4bc4-a12f-17d1ad07a961;0;0
105;1784284529.987195015;16.041015;5c:8a:dc:2f:62:8d;36;0x00;-66;39;368.000;1784284529.987563133;27.557;0x004c;0215e20a39f473f54bc4a12f17d1ad07a96100000000c8;e20a39f4-73f5-4bc4-a12f-17d1ad07a961;0;0
106;1784284530.332494020;16.386314;5c:8a:dc:2f:62:8d;36;0x00;-58;37;368.000;1784284530.332862139;345.299;0x004c;0215e20a39f473f54bc4a12f17d1ad07a96100000000c8;e20a39f4-73f5-4bc4-a12f-17d1ad07a961;0;0
107;1784284530.353900909;16.407721;5c:8a:dc:2f:62:8d;36;0x00;-61;38;368.000;1784284530.354269028;21.407;0x004c;0215e20a39f473f54bc4a12f17d1ad07a96100000000c8;e20a39f4-73f5-4bc4-a12f-17d1ad07a961;0;0
108;1784284530.375260115;16.429080;5c:8a:dc:2f:62:8d;36;0x00;-66;39;368.000;1784284530.375628233;21.359;0x004c;0215e20a39f473f54bc4a12f17d1ad07a96100000000c8;e20a39f4-73f5-4bc4-a12f-17d1ad07a961;0;0
109;1784284530.538068056;16.591888;5c:8a:dc:2f:62:8d;36;0x00;-62;38;368.000;1784284530.538436174;162.808;0x004c;0215e20a39f473f54bc4a12f17d1ad07a96100000000c8;e20a39f4-73f5-4bc4-a12f-17d1ad07a961;0;0
110;1784284530.549273014;16.603093;5c:8a:dc:2f:62:8d;36;0x00;-67;39;368.000;1784284530.549641132;11.205;0x004c;0215e20a39f473f54bc4a12f17d1ad07a96100000000c8;e20a39f4-73f5-4bc4-a12f-17d1ad07a961;0;0
111;1784284530.828536034;16.882356;5c:8a:dc:2f:62:8d;36;0x00;-62;38;368.000;1784284530.828904152;279.263;0x004c;0215e20a39f473f54bc4a12f17d1ad07a96100000000c8;e20a39f4-73f5-4bc4-a12f-17d1ad07a961;0;0
112;1784284530.849950075;16.903770;5c:8a:dc:2f:62:8d;36;0x00;-66;39;368.000;1784284530.850318193;21.414;0x004c;0215e20a39f473f54bc4a12f17d1ad07a96100000000c8;e20a39f4-73f5-4bc4-a12f-17d1ad07a961;0;0
113;1784284531.114310026;17.168130;5c:8a:dc:2f:62:8d;36;0x00;-61;38;368.000;1784284531.114678144;264.360;0x004c;0215e20a39f473f54bc4a12f17d1ad07a96100000000c8;e20a39f4-73f5-4bc4-a12f-17d1ad07a961;0;0
114;1784284531.140754938;17.194575;5c:8a:dc:2f:62:8d;36;0x00;-66;39;368.000;1784284531.141123056;26.445;0x004c;0215e20a39f473f54bc4a12f17d1ad07a96100000000c8;e20a39f4-73f5-4bc4-a12f-17d1ad07a961;0;0
115;1784284531.403295994;17.457116;5c:8a:dc:2f:62:8d;36;0x00;-61;38;368.000;1784284531.403664112;262.541;0x004c;0215e20a39f473f54bc4a12f17d1ad07a96100000000c8;e20a39f4-73f5-4bc4-a12f-17d1ad07a961;0;0
116;1784284531.434890985;17.488711;5c:8a:dc:2f:62:8d;36;0x00;-65;39;368.000;1784284531.435259104;31.595;0x004c;0215e20a39f473f54bc4a12f17d1ad07a96100000000c8;e20a39f4-73f5-4bc4-a12f-17d1ad07a961;0;0
117;1784284531.694581032;17.748401;5c:8a:dc:2f:62:8d;36;0x00;-60;38;368.000;1784284531.694949150;259.690;0x004c;0215e20a39f473f54bc4a12f17d1ad07a96100000000c8;e20a39f4-73f5-4bc4-a12f-17d1ad07a961;0;0
118;1784284531.715981960;17.769802;5c:8a:dc:2f:62:8d;36;0x00;-66;39;368.000;1784284531.716350079;21.401;0x004c;0215e20a39f473f54bc4a12f17d1ad07a96100000000c8;e20a39f4-73f5-4bc4-a12f-17d1ad07a961;0;0
119;1784284531.988588095;18.042408;5c:8a:dc:2f:62:8d;36;0x00;-61;38;368.000;1784284531.988956213;272.606;0x004c;0215e20a39f473f54bc4a12f17d1ad07a96100000000c8;e20a39f4-73f5-4bc4-a12f-17d1ad07a961;0;0
120;1784284532.026690960;18.080511;5c:8a:dc:2f:62:8d;36;0x00;-66;39;368.000;1784284532.027059078;38.103;0x004c;0215e20a39f473f54bc4a12f17d1ad07a96100000000c8;e20a39f4-73f5-4bc4-a12f-17d1ad07a961;0;0
121;1784284532.271373987;18.325194;5c:8a:dc:2f:62:8d;36;0x00;-61;38;368.000;1784284532.271742105;244.683;0x004c;0215e20a39f473f54bc4a12f17d1ad07a96100000000c8;e20a39f4-73f5-4bc4-a12f-17d1ad07a961;0;0
122;1784284532.302948952;18.356769;5c:8a:dc:2f:62:8d;36;0x00;-65;39;368.000;1784284532.303317070;31.575;0x004c;0215e20a39f473f54bc4a12f17d1ad07a96100000000c8;e20a39f4-73f5-4bc4-a12f-17d1ad07a961;0;0
123;1784284532.544671059;18.598491;5c:8a:dc:2f:62:8d;36;0x00;-60;38;368.000;1784284532.545039177;241.722;0x004c;0215e20a39f473f54bc4a12f17d1ad07a96100000000c8;e20a39f4-73f5-4bc4-a12f-17d1ad07a961;0;0
124;1784284532.571276903;18.625097;5c:8a:dc:2f:62:8d;36;0x00;-66;39;368.000;1784284532.571645021;26.606;0x004c;0215e20a39f473f54bc4a12f17d1ad07a96100000000c8;e20a39f4-73f5-4bc4-a12f-17d1ad07a961;0;0
125;1784284532.832098961;18.885919;5c:8a:dc:2f:62:8d;36;0x00;-60;38;368.000;1784284532.832467079;260.822;0x004c;0215e20a39f473f54bc4a12f17d1ad07a96100000000c8;e20a39f4-73f5-4bc4-a12f-17d1ad07a961;0;0
126;1784284532.858666897;18.912487;5c:8a:dc:2f:62:8d;36;0x00;-65;39;368.000;1784284532.859035015;26.568;0x004c;0215e20a39f473f54bc4a12f17d1ad07a96100000000c8;e20a39f4-73f5-4bc4-a12f-17d1ad07a961;0;0
127;1784284533.405817032;19.459637;5c:8a:dc:2f:62:8d;36;0x00;-60;38;368.000;1784284533.406185150;547.150;0x004c;0215e20a39f473f54bc4a12f17d1ad07a96100000000c8;e20a39f4-73f5-4bc4-a12f-17d1ad07a961;0;0
128;1784284533.432353973;19.486174;5c:8a:dc:2f:62:8d;36;0x00;-65;39;368.000;1784284533.432722092;26.537;0x004c;0215e20a39f473f54bc4a12f17d1ad07a96100000000c8;e20a39f4-73f5-4bc4-a12f-17d1ad07a961;0;0
129;1784284533.687294006;19.741114;5c:8a:dc:2f:62:8d;36;0x00;-60;38;368.000;1784284533.687662125;254.940;0x004c;0215e20a39f473f54bc4a12f17d1ad07a96100000000c8;e20a39f4-73f5-4bc4-a12f-17d1ad07a961;0;0
130;1784284533.713777065;19.767597;5c:8a:dc:2f:62:8d;36;0x00;-64;39;368.000;1784284533.714145184;26.483;0x004c;0215e20a39f473f54bc4a12f17d1ad07a96100000000c8;e20a39f4-73f5-4bc4-a12f-17d1ad07a961;0;0
131;1784284533.998295069;20.052115;5c:8a:dc:2f:62:8d;36;0x00;-58;37;368.000;1784284533.998663187;284.518;0x004c;0215e20a39f473f54bc4a12f17d1ad07a96100000000c8;e20a39f4-73f5-4bc4-a12f-17d1ad07a961;0;0
132;1784284534.030010939;20.083831;5c:8a:dc:2f:62:8d;36;0x00;-60;38;368.000;1784284534.030379057;31.716;0x004c;0215e20a39f473f54bc4a12f17d1ad07a96100000000c8;e20a39f4-73f5-4bc4-a12f-17d1ad07a961;0;0
133;1784284534.056700945;20.110521;5c:8a:dc:2f:62:8d;36;0x00;-65;39;368.000;1784284534.057069063;26.690;0x004c;0215e20a39f473f54bc4a12f17d1ad07a96100000000c8;e20a39f4-73f5-4bc4-a12f-17d1ad07a961;0;0
134;1784284534.280216932;20.334037;5c:8a:dc:2f:62:8d;36;0x00;-59;37;368.000;1784284534.280585051;223.516;0x004c;0215e20a39f473f54bc4a12f17d1ad07a96100000000c8;e20a39f4-73f5-4bc4-a12f-17d1ad07a961;0;0
135;1784284534.306591988;20.360412;5c:8a:dc:2f:62:8d;36;0x00;-61;38;368.000;1784284534.306960106;26.375;0x004c;0215e20a39f473f54bc4a12f17d1ad07a96100000000c8;e20a39f4-73f5-4bc4-a12f-17d1ad07a961;0;0
136;1784284534.354099989;20.407920;5c:8a:dc:2f:62:8d;36;0x00;-65;39;368.000;1784284534.354468107;47.508;0x004c;0215e20a39f473f54bc4a12f17d1ad07a96100000000c8;e20a39f4-73f5-4bc4-a12f-17d1ad07a961;0;0
137;1784284534.559683084;20.613503;5c:8a:dc:2f:62:8d;36;0x00;-61;38;368.000;1784284534.560051203;205.583;0x004c;0215e20a39f473f54bc4a12f17d1ad07a96100000000c8;e20a39f4-73f5-4bc4-a12f-17d1ad07a961;0;0
138;1784284534.586041927;20.639862;5c:8a:dc:2f:62:8d;36;0x00;-65;39;368.000;1784284534.586410046;26.359;0x004c;0215e20a39f473f54bc4a12f17d1ad07a96100000000c8;e20a39f4-73f5-4bc4-a12f-17d1ad07a961;0;0
139;1784284534.850521088;20.904341;5c:8a:dc:2f:62:8d;36;0x00;-60;38;368.000;1784284534.850889206;264.479;0x004c;0215e20a39f473f54bc4a12f17d1ad07a96100000000c8;e20a39f4-73f5-4bc4-a12f-17d1ad07a961;0;0
140;1784284534.883194923;20.937015;5c:8a:dc:2f:62:8d;36;0x00;-65;39;368.000;1784284534.883563042;32.674;0x004c;0215e20a39f473f54bc4a12f17d1ad07a96100000000c8;e20a39f4-73f5-4bc4-a12f-17d1ad07a961;0;0
141;1784284535.152164936;21.205985;5c:8a:dc:2f:62:8d;36;0x00;-62;38;368.000;1784284535.152533054;268.970;0x004c;0215e20a39f473f54bc4a12f17d1ad07a96100000000c8;e20a39f4-73f5-4bc4-a12f-17d1ad07a961;0;0
142;1784284535.185678005;21.239498;5c:8a:dc:2f:62:8d;36;0x00;-65;39;368.000;1784284535.186046124;33.513;0x004c;0215e20a39f473f54bc4a12f17d1ad07a96100000000c8;e20a39f4-73f5-4bc4-a12f-17d1ad07a961;0;0
143;1784284535.427648067;21.481468;5c:8a:dc:2f:62:8d;36;0x00;-60;38;368.000;1784284535.428016186;241.970;0x004c;0215e20a39f473f54bc4a12f17d1ad07a96100000000c8;e20a39f4-73f5-4bc4-a12f-17d1ad07a961;0;0
144;1784284535.479996920;21.533817;5c:8a:dc:2f:62:8d;36;0x00;-64;39;368.000;1784284535.480365038;52.349;0x004c;0215e20a39f473f54bc4a12f17d1ad07a96100000000c8;e20a39f4-73f5-4bc4-a12f-17d1ad07a961;0;0
145;1784284535.707174063;21.760994;5c:8a:dc:2f:62:8d;36;0x00;-58;37;368.000;1784284535.707542181;227.177;0x004c;0215e20a39f473f54bc4a12f17d1ad07a96100000000c8;e20a39f4-73f5-4bc4-a12f-17d1ad07a961;0;0
146;1784284535.738909960;21.792730;5c:8a:dc:2f:62:8d;36;0x00;-60;38;368.000;1784284535.739278078;31.736;0x004c;0215e20a39f473f54bc4a12f17d1ad07a96100000000c8;e20a39f4-73f5-4bc4-a12f-17d1ad07a961;0;0
147;1784284535.750631094;21.804451;5c:8a:dc:2f:62:8d;36;0x00;-65;39;368.000;1784284535.750999212;11.721;0x004c;0215e20a39f473f54bc4a12f17d1ad07a96100000000c8;e20a39f4-73f5-4bc4-a12f-17d1ad07a961;0;0
148;1784284535.993393898;22.047214;5c:8a:dc:2f:62:8d;36;0x00;-61;38;368.000;1784284535.993762016;242.763;0x004c;0215e20a39f473f54bc4a12f17d1ad07a96100000000c8;e20a39f4-73f5-4bc4-a12f-17d1ad07a961;0;0
149;1784284536.014983892;22.068804;5c:8a:dc:2f:62:8d;36;0x00;-65;39;368.000;1784284536.015352011;21.590;0x004c;0215e20a39f473f54bc4a12f17d1ad07a96100000000c8;e20a39f4-73f5-4bc4-a12f-17d1ad07a961;0;0
150;1784284536.272830963;22.326651;5c:8a:dc:2f:62:8d;36;0x00;-58;37;368.000;1784284536.273199081;257.847;0x004c;0215e20a39f473f54bc4a12f17d1ad07a96100000000c8;e20a39f4-73f5-4bc4-a12f-17d1ad07a961;0;0
151;1784284536.299386978;22.353207;5c:8a:dc:2f:62:8d;36;0x00;-60;38;368.000;1784284536.299755096;26.556;0x004c;0215e20a39f473f54bc4a12f17d1ad07a96100000000c8;e20a39f4-73f5-4bc4-a12f-17d1ad07a961;0;0
152;1784284536.331042051;22.384862;5c:8a:dc:2f:62:8d;36;0x00;-65;39;368.000;1784284536.331410170;31.655;0x004c;0215e20a39f473f54bc4a12f17d1ad07a96100000000c8;e20a39f4-73f5-4bc4-a12f-17d1ad07a961;0;0
153;1784284536.563580036;22.617400;5c:8a:dc:2f:62:8d;36;0x00;-60;38;368.000;1784284536.563948154;232.538;0x004c;0215e20a39f473f54bc4a12f17d1ad07a96100000000c8;e20a39f4-73f5-4bc4-a12f-17d1ad07a961;0;0
154;1784284536.590118885;22.643939;5c:8a:dc:2f:62:8d;36;0x00;-65;39;368.000;1784284536.590487003;26.539;0x004c;0215e20a39f473f54bc4a12f17d1ad07a96100000000c8;e20a39f4-73f5-4bc4-a12f-17d1ad07a961;0;0
155;1784284537.138041973;23.191862;5c:8a:dc:2f:62:8d;36;0x00;-61;38;368.000;1784284537.138410091;547.923;0x004c;0215e20a39f473f54bc4a12f17d1ad07a96100000000c8;e20a39f4-73f5-4bc4-a12f-17d1ad07a961;0;0
156;1784284537.160619974;23.214440;5c:8a:dc:2f:62:8d;36;0x00;-64;39;368.000;1784284537.160988092;22.578;0x004c;0215e20a39f473f54bc4a12f17d1ad07a96100000000c8;e20a39f4-73f5-4bc4-a12f-17d1ad07a961;0;0
157;1784284537.415028095;23.468848;5c:8a:dc:2f:62:8d;36;0x00;-64;39;368.000;1784284537.415396214;254.408;0x004c;0215e20a39f473f54bc4a12f17d1ad07a96100000000c8;e20a39f4-73f5-4bc4-a12f-17d1ad07a961;0;0
158;1784284537.715668917;23.769489;5c:8a:dc:2f:62:8d;36;0x00;-61;38;368.000;1784284537.716037035;300.641;0x004c;0215e20a39f473f54bc4a12f17d1ad07a96100000000c8;e20a39f4-73f5-4bc4-a12f-17d1ad07a961;0;0
159;1784284537.742161989;23.795982;5c:8a:dc:2f:62:8d;36;0x00;-65;39;368.000;1784284537.742530107;26.493;0x004c;0215e20a39f473f54bc4a12f17d1ad07a96100000000c8;e20a39f4-73f5-4bc4-a12f-17d1ad07a961;0;0
160;1784284537.993134975;24.046955;5c:8a:dc:2f:62:8d;36;0x00;-60;38;368.000;1784284537.993503094;250.973;0x004c;0215e20a39f473f54bc4a12f17d1ad07a96100000000c8;e20a39f4-73f5-4bc4-a12f-17d1ad07a961;0;0
161;1784284538.036279917;24.090100;5c:8a:dc:2f:62:8d;36;0x00;-65;39;368.000;1784284538.036648035;43.145;0x004c;0215e20a39f473f54bc4a12f17d1ad07a96100000000c8;e20a39f4-73f5-4bc4-a12f-17d1ad07a961;0;0
162;1784284538.289252996;24.343073;5c:8a:dc:2f:62:8d;36;0x00;-61;38;368.000;1784284538.289621115;252.973;0x004c;0215e20a39f473f54bc4a12f17d1ad07a96100000000c8;e20a39f4-73f5-4bc4-a12f-17d1ad07a961;0;0
163;1784284538.326064110;24.379884;5c:8a:dc:2f:62:8d;36;0x00;-64;39;368.000;1784284538.326432228;36.811;0x004c;0215e20a39f473f54bc4a12f17d1ad07a96100000000c8;e20a39f4-73f5-4bc4-a12f-17d1ad07a961;0;0
164;1784284538.567378044;24.621198;5c:8a:dc:2f:62:8d;36;0x00;-60;38;368.000;1784284538.567746162;241.314;0x004c;0215e20a39f473f54bc4a12f17d1ad07a96100000000c8;e20a39f4-73f5-4bc4-a12f-17d1ad07a961;0;0
165;1784284538.588804960;24.642625;5c:8a:dc:2f:62:8d;36;0x00;-65;39;368.000;1784284538.589173079;21.427;0x004c;0215e20a39f473f54bc4a12f17d1ad07a96100000000c8;e20a39f4-73f5-4bc4-a12f-17d1ad07a961;0;0
166;1784284538.847693920;24.901514;5c:8a:dc:2f:62:8d;36;0x00;-61;38;368.000;1784284538.848062038;258.889;0x004c;0215e20a39f473f54bc4a12f17d1ad07a96100000000c8;e20a39f4-73f5-4bc4-a12f-17d1ad07a961;0;0
167;1784284538.879297018;24.933117;5c:8a:dc:2f:62:8d;36;0x00;-65;39;368.000;1784284538.879665136;31.603;0x004c;0215e20a39f473f54bc4a12f17d1ad07a96100000000c8;e20a39f4-73f5-4bc4-a12f-17d1ad07a961;0;0
168;1784284539.128156900;25.181977;5c:8a:dc:2f:62:8d;36;0x00;-61;38;368.000;1784284539.128525019;248.860;0x004c;0215e20a39f473f54bc4a12f17d1ad07a96100000000c8;e20a39f4-73f5-4bc4-a12f-17d1ad07a961;0;0
169;1784284539.159594059;25.213414;5c:8a:dc:2f:62:8d;36;0x00;-64;39;368.000;1784284539.159962177;31.437;0x004c;0215e20a39f473f54bc4a12f17d1ad07a96100000000c8;e20a39f4-73f5-4bc4-a12f-17d1ad07a961;0;0
170;1784284539.467040062;25.520860;5c:8a:dc:2f:62:8d;36;0x00;-58;37;368.000;1784284539.467408180;307.446;0x004c;0215e20a39f473f54bc4a12f17d1ad07a96100000000c8;e20a39f4-73f5-4bc4-a12f-17d1ad07a961;0;0
171;1784284539.488527060;25.542347;5c:8a:dc:2f:62:8d;36;0x00;-60;38;368.000;1784284539.488895178;21.487;0x004c;0215e20a39f473f54bc4a12f17d1ad07a96100000000c8;e20a39f4-73f5-4bc4-a12f-17d1ad07a961;0;0
172;1784284539.509726048;25.563546;5c:8a:dc:2f:62:8d;36;0x00;-65;39;368.000;1784284539.510094166;21.199;0x004c;0215e20a39f473f54bc4a12f17d1ad07a96100000000c8;e20a39f4-73f5-4bc4-a12f-17d1ad07a961;0;0
173;1784284539.704423904;25.758244;5c:8a:dc:2f:62:8d;36;0x00;-61;38;368.000;1784284539.704792023;194.698;0x004c;0215e20a39f473f54bc4a12f17d1ad07a96100000000c8;e20a39f4-73f5-4bc4-a12f-17d1ad07a961;0;0
174;1784284539.720695019;25.774515;5c:8a:dc:2f:62:8d;36;0x00;-65;39;368.000;1784284539.721063137;16.271;0x004c;0215e20a39f473f54bc4a12f17d1ad07a96100000000c8;e20a39f4-73f5-4bc4-a12f-17d1ad07a961;0;0
175;1784284540.010484934;26.064305;5c:8a:dc:2f:62:8d;36;0x00;-61;38;368.000;1784284540.010853052;289.790;0x004c;0215e20a39f473f54bc4a12f17d1ad07a96100000000c8;e20a39f4-73f5-4bc4-a12f-17d1ad07a961;0;0
176;1784284540.031907082;26.085727;5c:8a:dc:2f:62:8d;36;0x00;-64;39;368.000;1784284540.032275200;21.422;0x004c;0215e20a39f473f54bc4a12f17d1ad07a96100000000c8;e20a39f4-73f5-4bc4-a12f-17d1ad07a961;0;0
177;1784284540.278209925;26.332030;5c:8a:dc:2f:62:8d;36;0x00;-61;38;368.000;1784284540.278578043;246.303;0x004c;0215e20a39f473f54bc4a12f17d1ad07a96100000000c8;e20a39f4-73f5-4bc4-a12f-17d1ad07a961;0;0
178;1784284540.304837942;26.358658;5c:8a:dc:2f:62:8d;36;0x00;-64;39;368.000;1784284540.305206060;26.628;0x004c;0215e20a39f473f54bc4a12f17d1ad07a96100000000c8;e20a39f4-73f5-4bc4-a12f-17d1ad07a961;0;0
179;1784284540.596582890;26.650403;5c:8a:dc:2f:62:8d;36;0x00;-61;38;368.000;1784284540.596951008;291.745;0x004c;0215e20a39f473f54bc4a12f17d1ad07a96100000000c8;e20a39f4-73f5-4bc4-a12f-17d1ad07a961;0;0
180;1784284540.633300066;26.687120;5c:8a:dc:2f:62:8d;36;0x00;-65;39;368.000;1784284540.633668184;36.717;0x004c;0215e20a39f473f54bc4a12f17d1ad07a96100000000c8;e20a39f4-73f5-4bc4-a12f-17d1ad07a961;0;0
181;1784284540.871011019;26.924831;5c:8a:dc:2f:62:8d;36;0x00;-59;37;368.000;1784284540.871379137;237.711;0x004c;0215e20a39f473f54bc4a12f17d1ad07a96100000000c8;e20a39f4-73f5-4bc4-a12f-17d1ad07a961;0;0
182;1784284540.897557974;26.951378;5c:8a:dc:2f:62:8d;36;0x00;-61;38;368.000;1784284540.897926092;26.547;0x004c;0215e20a39f473f54bc4a12f17d1ad07a96100000000c8;e20a39f4-73f5-4bc4-a12f-17d1ad07a961;0;0
183;1784284540.923986912;26.977807;5c:8a:dc:2f:62:8d;36;0x00;-65;39;368.000;1784284540.924355030;26.429;0x004c;0215e20a39f473f54bc4a12f17d1ad07a96100000000c8;e20a39f4-73f5-4bc4-a12f-17d1ad07a961;0;0
184;1784284541.149399996;27.203220;5c:8a:dc:2f:62:8d;36;0x00;-61;38;368.000;1784284541.149768114;225.413;0x004c;0215e20a39f473f54bc4a12f17d1ad07a96100000000c8;e20a39f4-73f5-4bc4-a12f-17d1ad07a961;0;0
185;1784284541.175889969;27.229710;5c:8a:dc:2f:62:8d;36;0x00;-64;39;368.000;1784284541.176258087;26.490;0x004c;0215e20a39f473f54bc4a12f17d1ad07a96100000000c8;e20a39f4-73f5-4bc4-a12f-17d1ad07a961;0;0
186;1784284541.417463064;27.471283;5c:8a:dc:2f:62:8d;36;0x00;-61;38;368.000;1784284541.417831182;241.573;0x004c;0215e20a39f473f54bc4a12f17d1ad07a96100000000c8;e20a39f4-73f5-4bc4-a12f-17d1ad07a961;0;0
187;1784284541.433768034;27.487588;5c:8a:dc:2f:62:8d;36;0x00;-64;39;368.000;1784284541.434136152;16.305;0x004c;0215e20a39f473f54bc4a12f17d1ad07a96100000000c8;e20a39f4-73f5-4bc4-a12f-17d1ad07a961;0;0
188;1784284541.767493963;27.821314;5c:8a:dc:2f:62:8d;36;0x00;-65;39;368.000;1784284541.767862082;333.726;0x004c;0215e20a39f473f54bc4a12f17d1ad07a96100000000c8;e20a39f4-73f5-4bc4-a12f-17d1ad07a961;0;0
189;1784284542.294523001;28.348343;5c:8a:dc:2f:62:8d;36;0x00;-61;38;368.000;1784284542.294891119;527.029;0x004c;0215e20a39f473f54bc4a12f17d1ad07a96100000000c8;e20a39f4-73f5-4bc4-a12f-17d1ad07a961;0;0
190;1784284542.326064110;28.379884;5c:8a:dc:2f:62:8d;36;0x00;-64;39;368.000;1784284542.326432228;31.541;0x004c;0215e20a39f473f54bc4a12f17d1ad07a96100000000c8;e20a39f4-73f5-4bc4-a12f-17d1ad07a961;0;0
191;1784284542.569797993;28.623618;5c:8a:dc:2f:62:8d;36;0x00;-60;38;368.000;1784284542.570166111;243.734;0x004c;0215e20a39f473f54bc4a12f17d1ad07a96100000000c8;e20a39f4-73f5-4bc4-a12f-17d1ad07a961;0;0
192;1784284542.596595049;28.650415;5c:8a:dc:2f:62:8d;36;0x00;-64;39;368.000;1784284542.596963167;26.797;0x004c;0215e20a39f473f54bc4a12f17d1ad07a96100000000c8;e20a39f4-73f5-4bc4-a12f-17d1ad07a961;0;0
193;1784284542.846894979;28.900715;5c:8a:dc:2f:62:8d;36;0x00;-61;38;368.000;1784284542.847263098;250.300;0x004c;0215e20a39f473f54bc4a12f17d1ad07a96100000000c8;e20a39f4-73f5-4bc4-a12f-17d1ad07a961;0;0
194;1784284542.869155884;28.922976;5c:8a:dc:2f:62:8d;36;0x00;-64;39;368.000;1784284542.869524002;22.261;0x004c;0215e20a39f473f54bc4a12f17d1ad07a96100000000c8;e20a39f4-73f5-4bc4-a12f-17d1ad07a961;0;0
195;1784284543.165396929;29.219217;5c:8a:dc:2f:62:8d;36;0x00;-64;39;368.000;1784284543.165765047;296.241;0x004c;0215e20a39f473f54bc4a12f17d1ad07a96100000000c8;e20a39f4-73f5-4bc4-a12f-17d1ad07a961;0;0
196;1784284543.448805094;29.502625;5c:8a:dc:2f:62:8d;36;0x00;-64;39;368.000;1784284543.449173212;283.408;0x004c;0215e20a39f473f54bc4a12f17d1ad07a96100000000c8;e20a39f4-73f5-4bc4-a12f-17d1ad07a961;0;0
197;1784284543.717061043;29.770881;5c:8a:dc:2f:62:8d;36;0x00;-61;38;368.000;1784284543.717429161;268.256;0x004c;0215e20a39f473f54bc4a12f17d1ad07a96100000000c8;e20a39f4-73f5-4bc4-a12f-17d1ad07a961;0;0
198;1784284543.743571043;29.797391;5c:8a:dc:2f:62:8d;36;0x00;-64;39;368.000;1784284543.743939161;26.510;0x004c;0215e20a39f473f54bc4a12f17d1ad07a96100000000c8;e20a39f4-73f5-4bc4-a12f-17d1ad07a961;0;0
199;1784284544.013175011;30.066995;5c:8a:dc:2f:62:8d;36;0x00;-61;38;368.000;1784284544.013543129;269.604;0x004c;0215e20a39f473f54bc4a12f17d1ad07a96100000000c8;e20a39f4-73f5-4bc4-a12f-17d1ad07a961;0;0
200;1784284544.014170885;30.067991;5c:8a:dc:2f:62:8d;36;0x00;-64;39;368.000;1784284544.014539003;0.996;0x004c;0215e20a39f473f54bc4a12f17d1ad07a96100000000c8;e20a39f4-73f5-4bc4-a12f-17d1ad07a961;0;0
201;1784284544.298413992;30.352234;5c:8a:dc:2f:62:8d;36;0x00;-61;38;368.000;1784284544.298782110;284.243;0x004c;0215e20a39f473f54bc4a12f17d1ad07a96100000000c8;e20a39f4-73f5-4bc4-a12f-17d1ad07a961;0;0
202;1784284544.330070019;30.383890;5c:8a:dc:2f:62:8d;36;0x00;-65;39;368.000;1784284544.330438137;31.656;0x004c;0215e20a39f473f54bc4a12f17d1ad07a96100000000c8;e20a39f4-73f5-4bc4-a12f-17d1ad07a961;0;0
203;1784284544.871884108;30.925704;5c:8a:dc:2f:62:8d;36;0x00;-62;38;368.000;1784284544.872252226;541.814;0x004c;0215e20a39f473f54bc4a12f17d1ad07a96100000000c8;e20a39f4-73f5-4bc4-a12f-17d1ad07a961;0;0
204;1784284544.893398046;30.947218;5c:8a:dc:2f:62:8d;36;0x00;-64;39;368.000;1784284544.893766165;21.514;0x004c;0215e20a39f473f54bc4a12f17d1ad07a96100000000c8;e20a39f4-73f5-4bc4-a12f-17d1ad07a961;0;0
205;1784284545.161042929;31.214863;5c:8a:dc:2f:62:8d;36;0x00;-61;38;368.000;1784284545.161411047;267.645;0x004c;0215e20a39f473f54bc4a12f17d1ad07a96100000000c8;e20a39f4-73f5-4bc4-a12f-17d1ad07a961;0;0
206;1784284545.187592983;31.241413;5c:8a:dc:2f:62:8d;36;0x00;-64;39;368.000;1784284545.187961102;26.550;0x004c;0215e20a39f473f54bc4a12f17d1ad07a96100000000c8;e20a39f4-73f5-4bc4-a12f-17d1ad07a961;0;0
207;1784284545.440470934;31.494291;5c:8a:dc:2f:62:8d;36;0x00;-61;38;368.000;1784284545.440839052;252.878;0x004c;0215e20a39f473f54bc4a12f17d1ad07a96100000000c8;e20a39f4-73f5-4bc4-a12f-17d1ad07a961;0;0
208;1784284545.467183113;31.521003;5c:8a:dc:2f:62:8d;36;0x00;-64;39;368.000;1784284545.467551231;26.712;0x004c;0215e20a39f473f54bc4a12f17d1ad07a96100000000c8;e20a39f4-73f5-4bc4-a12f-17d1ad07a961;0;0
209;1784284545.721412897;31.775233;5c:8a:dc:2f:62:8d;36;0x00;-62;38;368.000;1784284545.721781015;254.230;0x004c;0215e20a39f473f54bc4a12f17d1ad07a96100000000c8;e20a39f4-73f5-4bc4-a12f-17d1ad07a961;0;0
210;1784284545.756083965;31.809904;5c:8a:dc:2f:62:8d;36;0x00;-65;39;368.000;1784284545.756452084;34.671;0x004c;0215e20a39f473f54bc4a12f17d1ad07a96100000000c8;e20a39f4-73f5-4bc4-a12f-17d1ad07a961;0;0
211;1784284546.017968893;32.071789;5c:8a:dc:2f:62:8d;36;0x00;-61;38;368.000;1784284546.018337011;261.885;0x004c;0215e20a39f473f54bc4a12f17d1ad07a96100000000c8;e20a39f4-73f5-4bc4-a12f-17d1ad07a961;0;0
212;1784284546.034291983;32.088112;5c:8a:dc:2f:62:8d;36;0x00;-64;39;368.000;1784284546.034660101;16.323;0x004c;0215e20a39f473f54bc4a12f17d1ad07a96100000000c8;e20a39f4-73f5-4bc4-a12f-17d1ad07a961;0;0
213;1784284546.292120934;32.345941;5c:8a:dc:2f:62:8d;36;0x00;-60;38;368.000;1784284546.292489052;257.829;0x004c;0215e20a39f473f54bc4a12f17d1ad07a96100000000c8;e20a39f4-73f5-4bc4-a12f-17d1ad07a961;0;0
214;1784284546.318713903;32.372534;5c:8a:dc:2f:62:8d;36;0x00;-64;39;368.000;1784284546.319082022;26.593;0x004c;0215e20a39f473f54bc4a12f17d1ad07a96100000000c8;e20a39f4-73f5-4bc4-a12f-17d1ad07a961;0;0
215;1784284546.589211941;32.643032;5c:8a:dc:2f:62:8d;36;0x00;-61;38;368.000;1784284546.589580059;270.498;0x004c;0215e20a39f473f54bc4a12f17d1ad07a96100000000c8;e20a39f4-73f5-4bc4-a12f-17d1ad07a961;0;0
216;1784284546.615698099;32.669518;5c:8a:dc:2f:62:8d;36;0x00;-64;39;368.000;1784284546.616066217;26.486;0x004c;0215e20a39f473f54bc4a12f17d1ad07a96100000000c8;e20a39f4-73f5-4bc4-a12f-17d1ad07a961;0;0
217;1784284547.000643969;33.054464;5c:8a:dc:2f:62:8d;36;0x00;-59;37;368.000;1784284547.001012087;384.946;0x004c;0215e20a39f473f54bc4a12f17d1ad07a96100000000c8;e20a39f4-73f5-4bc4-a12f-17d1ad07a961;0;0
218;1784284547.032274008;33.086094;5c:8a:dc:2f:62:8d;36;0x00;-61;38;368.000;1784284547.032642126;31.630;0x004c;0215e20a39f473f54bc4a12f17d1ad07a96100000000c8;e20a39f4-73f5-4bc4-a12f-17d1ad07a961;0;0
219;1784284547.058949947;33.112770;5c:8a:dc:2f:62:8d;36;0x00;-65;39;368.000;1784284547.059318066;26.676;0x004c;0215e20a39f473f54bc4a12f17d1ad07a96100000000c8;e20a39f4-73f5-4bc4-a12f-17d1ad07a961;0;0
220;1784284547.196914911;33.250735;5c:8a:dc:2f:62:8d;36;0x00;-64;39;368.000;1784284547.197283030;137.965;0x004c;0215e20a39f473f54bc4a12f17d1ad07a96100000000c8;e20a39f4-73f5-4bc4-a12f-17d1ad07a961;0;0
221;1784284547.444329977;33.498150;5c:8a:dc:2f:62:8d;36;0x00;-61;38;368.000;1784284547.444698095;247.415;0x004c;0215e20a39f473f54bc4a12f17d1ad07a96100000000c8;e20a39f4-73f5-4bc4-a12f-17d1ad07a961;0;0
222;1784284547.480741024;33.534561;5c:8a:dc:2f:62:8d;36;0x00;-65;39;368.000;1784284547.481109142;36.411;0x004c;0215e20a39f473f54bc4a12f17d1ad07a96100000000c8;e20a39f4-73f5-4bc4-a12f-17d1ad07a961;0;0
223;1784284547.728390932;33.782211;5c:8a:dc:2f:62:8d;36;0x00;-64;39;368.000;1784284547.728759050;247.650;0x004c;0215e20a39f473f54bc4a12f17d1ad07a96100000000c8;e20a39f4-73f5-4bc4-a12f-17d1ad07a961;0;0
224;1784284548.018299103;34.072119;5c:8a:dc:2f:62:8d;36;0x00;-61;38;368.000;1784284548.018667221;289.908;0x004c;0215e20a39f473f54bc4a12f17d1ad07a96100000000c8;e20a39f4-73f5-4bc4-a12f-17d1ad07a961;0;0
225;1784284548.301208019;34.355028;5c:8a:dc:2f:62:8d;36;0x00;-61;38;368.000;1784284548.301576138;282.909;0x004c;0215e20a39f473f54bc4a12f17d1ad07a96100000000c8;e20a39f4-73f5-4bc4-a12f-17d1ad07a961;0;0
226;1784284548.332834005;34.386654;5c:8a:dc:2f:62:8d;36;0x00;-65;39;368.000;1784284548.333202124;31.626;0x004c;0215e20a39f473f54bc4a12f17d1ad07a96100000000c8;e20a39f4-73f5-4bc4-a12f-17d1ad07a961;0;0
227;1784284548.582427025;34.636247;5c:8a:dc:2f:62:8d;36;0x00;-64;39;368.000;1784284548.582795143;249.593;0x004c;0215e20a39f473f54bc4a12f17d1ad07a96100000000c8;e20a39f4-73f5-4bc4-a12f-17d1ad07a961;0;0
228;1784284549.158365011;35.212185;5c:8a:dc:2f:62:8d;36;0x00;-59;37;368.000;1784284549.158733130;575.938;0x004c;0215e20a39f473f54bc4a12f17d1ad07a96100000000c8;e20a39f4-73f5-4bc4-a12f-17d1ad07a961;0;0
229;1784284549.181153059;35.234973;5c:8a:dc:2f:62:8d;36;0x00;-61;38;368.000;1784284549.181521177;22.788;0x004c;0215e20a39f473f54bc4a12f17d1ad07a96100000000c8;e20a39f4-73f5-4bc4-a12f-17d1ad07a961;0;0
230;1784284549.193531036;35.247351;5c:8a:dc:2f:62:8d;36;0x00;-65;39;368.000;1784284549.193899155;12.378;0x004c;0215e20a39f473f54bc4a12f17d1ad07a96100000000c8;e20a39f4-73f5-4bc4-a12f-17d1ad07a961;0;0
231;1784284549.449239016;35.503059;5c:8a:dc:2f:62:8d;36;0x00;-61;38;368.000;1784284549.449607134;255.708;0x004c;0215e20a39f473f54bc4a12f17d1ad07a96100000000c8;e20a39f4-73f5-4bc4-a12f-17d1ad07a961;0;0
232;1784284549.480834961;35.534655;5c:8a:dc:2f:62:8d;36;0x00;-64;39;368.000;1784284549.481203079;31.596;0x004c;0215e20a39f473f54bc4a12f17d1ad07a96100000000c8;e20a39f4-73f5-4bc4-a12f-17d1ad07a961;0;0
233;1784284549.730437994;35.784258;5c:8a:dc:2f:62:8d;36;0x00;-61;38;368.000;1784284549.730806112;249.603;0x004c;0215e20a39f473f54bc4a12f17d1ad07a96100000000c8;e20a39f4-73f5-4bc4-a12f-17d1ad07a961;0;0
234;1784284549.746777058;35.800597;5c:8a:dc:2f:62:8d;36;0x00;-64;39;368.000;1784284549.747145176;16.339;0x004c;0215e20a39f473f54bc4a12f17d1ad07a96100000000c8;e20a39f4-73f5-4bc4-a12f-17d1ad07a961;0;0
235;1784284550.027023077;36.080843;5c:8a:dc:2f:62:8d;36;0x00;-62;38;368.000;1784284550.027391195;280.246;0x004c;0215e20a39f473f54bc4a12f17d1ad07a96100000000c8;e20a39f4-73f5-4bc4-a12f-17d1ad07a961;0;0
236;1784284550.058614016;36.112434;5c:8a:dc:2f:62:8d;36;0x00;-65;39;368.000;1784284550.058982134;31.591;0x004c;0215e20a39f473f54bc4a12f17d1ad07a96100000000c8;e20a39f4-73f5-4bc4-a12f-17d1ad07a961;0;0
237;1784284550.325145960;36.378966;5c:8a:dc:2f:62:8d;36;0x00;-64;39;368.000;1784284550.325514078;266.532;0x004c;0215e20a39f473f54bc4a12f17d1ad07a96100000000c8;e20a39f4-73f5-4bc4-a12f-17d1ad07a961;0;0
238;1784284550.629966974;36.683787;5c:8a:dc:2f:62:8d;36;0x00;-64;39;368.000;1784284550.630335093;304.821;0x004c;0215e20a39f473f54bc4a12f17d1ad07a96100000000c8;e20a39f4-73f5-4bc4-a12f-17d1ad07a961;0;0
239;1784284550.882366896;36.936187;5c:8a:dc:2f:62:8d;36;0x00;-64;39;368.000;1784284550.882735014;252.400;0x004c;0215e20a39f473f54bc4a12f17d1ad07a96100000000c8;e20a39f4-73f5-4bc4-a12f-17d1ad07a961;0;0
240;1784284551.169348001;37.223168;5c:8a:dc:2f:62:8d;36;0x00;-61;38;368.000;1784284551.169716120;286.981;0x004c;0215e20a39f473f54bc4a12f17d1ad07a96100000000c8;e20a39f4-73f5-4bc4-a12f-17d1ad07a961;0;0
241;1784284551.195758104;37.249578;5c:8a:dc:2f:62:8d;36;0x00;-65;39;368.000;1784284551.196126223;26.410;0x004c;0215e20a39f473f54bc4a12f17d1ad07a96100000000c8;e20a39f4-73f5-4bc4-a12f-17d1ad07a961;0;0
242;1784284551.448112011;37.501932;5c:8a:dc:2f:62:8d;36;0x00;-61;38;368.000;1784284551.448480129;252.354;0x004c;0215e20a39f473f54bc4a12f17d1ad07a96100000000c8;e20a39f4-73f5-4bc4-a12f-17d1ad07a961;0;0
243;1784284551.484874010;37.538694;5c:8a:dc:2f:62:8d;36;0x00;-64;39;368.000;1784284551.485242128;36.762;0x004c;0215e20a39f473f54bc4a12f17d1ad07a96100000000c8;e20a39f4-73f5-4bc4-a12f-17d1ad07a961;0;0
244;1784284551.728981972;37.782802;5c:8a:dc:2f:62:8d;36;0x00;-61;38;368.000;1784284551.729350090;244.108;0x004c;0215e20a39f473f54bc4a12f17d1ad07a96100000000c8;e20a39f4-73f5-4bc4-a12f-17d1ad07a961;0;0
245;1784284551.771871090;37.825691;5c:8a:dc:2f:62:8d;36;0x00;-64;39;368.000;1784284551.772239208;42.889;0x004c;0215e20a39f473f54bc4a12f17d1ad07a96100000000c8;e20a39f4-73f5-4bc4-a12f-17d1ad07a961;0;0
246;1784284552.021217108;38.075037;5c:8a:dc:2f:62:8d;36;0x00;-61;38;368.000;1784284552.021585226;249.346;0x004c;0215e20a39f473f54bc4a12f17d1ad07a96100000000c8;e20a39f4-73f5-4bc4-a12f-17d1ad07a961;0;0
247;1784284552.038085938;38.091906;5c:8a:dc:2f:62:8d;36;0x00;-65;39;368.000;1784284552.038454056;16.869;0x004c;0215e20a39f473f54bc4a12f17d1ad07a96100000000c8;e20a39f4-73f5-4bc4-a12f-17d1ad07a961;0;0
248;1784284552.321290016;38.375110;5c:8a:dc:2f:62:8d;36;0x00;-59;37;368.000;1784284552.321658134;283.204;0x004c;0215e20a39f473f54bc4a12f17d1ad07a96100000000c8;e20a39f4-73f5-4bc4-a12f-17d1ad07a961;0;0
249;1784284552.347928047;38.401748;5c:8a:dc:2f:62:8d;36;0x00;-61;38;368.000;1784284552.348296165;26.638;0x004c;0215e20a39f473f54bc4a12f17d1ad07a96100000000c8;e20a39f4-73f5-4bc4-a12f-17d1ad07a961;0;0
250;1784284552.380760908;38.434581;5c:8a:dc:2f:62:8d;36;0x00;-64;39;368.000;1784284552.381129026;32.833;0x004c;0215e20a39f473f54bc4a12f17d1ad07a96100000000c8;e20a39f4-73f5-4bc4-a12f-17d1ad07a961;0;0
251;1784284552.616214037;38.670034;5c:8a:dc:2f:62:8d;36;0x00;-59;37;368.000;1784284552.616582155;235.453;0x004c;0215e20a39f473f54bc4a12f17d1ad07a96100000000c8;e20a39f4-73f5-4bc4-a12f-17d1ad07a961;0;0
252;1784284552.674339056;38.728159;5c:8a:dc:2f:62:8d;36;0x00;-64;39;368.000;1784284552.674707174;58.125;0x004c;0215e20a39f473f54bc4a12f17d1ad07a96100000000c8;e20a39f4-73f5-4bc4-a12f-17d1ad07a961;0;0
253;1784284552.878983974;38.932804;5c:8a:dc:2f:62:8d;36;0x00;-61;38;368.000;1784284552.879352093;204.645;0x004c;0215e20a39f473f54bc4a12f17d1ad07a96100000000c8;e20a39f4-73f5-4bc4-a12f-17d1ad07a961;0;0
254;1784284552.905427933;38.959248;5c:8a:dc:2f:62:8d;36;0x00;-64;39;368.000;1784284552.905796051;26.444;0x004c;0215e20a39f473f54bc4a12f17d1ad07a96100000000c8;e20a39f4-73f5-4bc4-a12f-17d1ad07a961;0;0
255;1784284553.160434008;39.214254;5c:8a:dc:2f:62:8d;36;0x00;-61;38;368.000;1784284553.160802126;255.006;0x004c;0215e20a39f473f54bc4a12f17d1ad07a96100000000c8;e20a39f4-73f5-4bc4-a12f-17d1ad07a961;0;0
256;1784284553.187072039;39.240892;5c:8a:dc:2f:62:8d;36;0x00;-64;39;368.000;1784284553.187440157;26.638;0x004c;0215e20a39f473f54bc4a12f17d1ad07a96100000000c8;e20a39f4-73f5-4bc4-a12f-17d1ad07a961;0;0
257;1784284553.449397087;39.503217;5c:8a:dc:2f:62:8d;36;0x00;-61;38;368.000;1784284553.449765205;262.325;0x004c;0215e20a39f473f54bc4a12f17d1ad07a96100000000c8;e20a39f4-73f5-4bc4-a12f-17d1ad07a961;0;0
258;1784284553.475975990;39.529796;5c:8a:dc:2f:62:8d;36;0x00;-64;39;368.000;1784284553.476344109;26.579;0x004c;0215e20a39f473f54bc4a12f17d1ad07a96100000000c8;e20a39f4-73f5-4bc4-a12f-17d1ad07a961;0;0
259;1784284553.724315882;39.778136;5c:8a:dc:2f:62:8d;36;0x00;-61;38;368.000;1784284553.724684000;248.340;0x004c;0215e20a39f473f54bc4a12f17d1ad07a96100000000c8;e20a39f4-73f5-4bc4-a12f-17d1ad07a961;0;0
260;1784284553.750868082;39.804688;5c:8a:dc:2f:62:8d;36;0x00;-64;39;368.000;1784284553.751236200;26.552;0x004c;0215e20a39f473f54bc4a12f17d1ad07a96100000000c8;e20a39f4-73f5-4bc4-a12f-17d1ad07a961;0;0
261;1784284554.007710934;40.061531;5c:8a:dc:2f:62:8d;36;0x00;-65;39;368.000;1784284554.008079052;256.843;0x004c;0215e20a39f473f54bc4a12f17d1ad07a96100000000c8;e20a39f4-73f5-4bc4-a12f-17d1ad07a961;0;0
262;1784284554.316373110;40.370193;5c:8a:dc:2f:62:8d;36;0x00;-61;38;368.000;1784284554.316741228;308.662;0x004c;0215e20a39f473f54bc4a12f17d1ad07a96100000000c8;e20a39f4-73f5-4bc4-a12f-17d1ad07a961;0;0
263;1784284554.327723980;40.381544;5c:8a:dc:2f:62:8d;36;0x00;-64;39;368.000;1784284554.328092098;11.351;0x004c;0215e20a39f473f54bc4a12f17d1ad07a96100000000c8;e20a39f4-73f5-4bc4-a12f-17d1ad07a961;0;0
264;1784284554.595567942;40.649388;5c:8a:dc:2f:62:8d;36;0x00;-62;38;368.000;1784284554.595936060;267.844;0x004c;0215e20a39f473f54bc4a12f17d1ad07a96100000000c8;e20a39f4-73f5-4bc4-a12f-17d1ad07a961;0;0
265;1784284554.621956110;40.675776;5c:8a:dc:2f:62:8d;36;0x00;-65;39;368.000;1784284554.622324228;26.388;0x004c;0215e20a39f473f54bc4a12f17d1ad07a96100000000c8;e20a39f4-73f5-4bc4-a12f-17d1ad07a961;0;0
266;1784284554.868515015;40.922335;5c:8a:dc:2f:62:8d;36;0x00;-61;38;368.000;1784284554.868883133;246.559;0x004c;0215e20a39f473f54bc4a12f17d1ad07a96100000000c8;e20a39f4-73f5-4bc4-a12f-17d1ad07a961;0;0
267;1784284554.890022993;40.943843;5c:8a:dc:2f:62:8d;36;0x00;-64;39;368.000;1784284554.890391111;21.508;0x004c;0215e20a39f473f54bc4a12f17d1ad07a96100000000c8;e20a39f4-73f5-4bc4-a12f-17d1ad07a961;0;0
268;1784284555.174145937;41.227966;5c:8a:dc:2f:62:8d;36;0x00;-61;38;368.000;1784284555.174514055;284.123;0x004c;0215e20a39f473f54bc4a12f17d1ad07a96100000000c8;e20a39f4-73f5-4bc4-a12f-17d1ad07a961;0;0
269;1784284555.444847107;41.498667;5c:8a:dc:2f:62:8d;36;0x00;-62;38;368.000;1784284555.445215225;270.701;0x004c;0215e20a39f473f54bc4a12f17d1ad07a96100000000c8;e20a39f4-73f5-4bc4-a12f-17d1ad07a961;0;0
270;1784284555.471426010;41.525246;5c:8a:dc:2f:62:8d;36;0x00;-64;39;368.000;1784284555.471794128;26.579;0x004c;0215e20a39f473f54bc4a12f17d1ad07a96100000000c8;e20a39f4-73f5-4bc4-a12f-17d1ad07a961;0;0
271;1784284555.728637934;41.782458;5c:8a:dc:2f:62:8d;36;0x00;-65;39;368.000;1784284555.729006052;257.212;0x004c;0215e20a39f473f54bc4a12f17d1ad07a96100000000c8;e20a39f4-73f5-4bc4-a12f-17d1ad07a961;0;0
272;1784284556.030647039;42.084467;5c:8a:dc:2f:62:8d;36;0x00;-64;39;368.000;1784284556.031015158;302.009;0x004c;0215e20a39f473f54bc4a12f17d1ad07a96100000000c8;e20a39f4-73f5-4bc4-a12f-17d1ad07a961;0;0
273;1784284556.584167004;42.637987;5c:8a:dc:2f:62:8d;36;0x00;-64;39;368.000;1784284556.584535122;553.520;0x004c;0215e20a39f473f54bc4a12f17d1ad07a96100000000c8;e20a39f4-73f5-4bc4-a12f-17d1ad07a961;0;0
274;1784284556.874799967;42.928620;5c:8a:dc:2f:62:8d;36;0x00;-61;38;368.000;1784284556.875168085;290.633;0x004c;0215e20a39f473f54bc4a12f17d1ad07a96100000000c8;e20a39f4-73f5-4bc4-a12f-17d1ad07a961;0;0
275;1784284556.906446934;42.960267;5c:8a:dc:2f:62:8d;36;0x00;-65;39;368.000;1784284556.906815052;31.647;0x004c;0215e20a39f473f54bc4a12f17d1ad07a96100000000c8;e20a39f4-73f5-4bc4-a12f-17d1ad07a961;0;0
276;1784284557.152920961;43.206741;5c:8a:dc:2f:62:8d;36;0x00;-60;38;368.000;1784284557.153289080;246.474;0x004c;0215e20a39f473f54bc4a12f17d1ad07a96100000000c8;e20a39f4-73f5-4bc4-a12f-17d1ad07a961;0;0
277;1784284557.184555054;43.238375;5c:8a:dc:2f:62:8d;36;0x00;-65;39;368.000;1784284557.184923172;31.634;0x004c;0215e20a39f473f54bc4a12f17d1ad07a96100000000c8;e20a39f4-73f5-4bc4-a12f-17d1ad07a961;0;0
278;1784284557.442986012;43.496806;5c:8a:dc:2f:62:8d;36;0x00;-61;38;368.000;1784284557.443354130;258.431;0x004c;0215e20a39f473f54bc4a12f17d1ad07a96100000000c8;e20a39f4-73f5-4bc4-a12f-17d1ad07a961;0;0
279;1784284557.464519024;43.518339;5c:8a:dc:2f:62:8d;36;0x00;-64;39;368.000;1784284557.464887142;21.533;0x004c;0215e20a39f473f54bc4a12f17d1ad07a96100000000c8;e20a39f4-73f5-4bc4-a12f-17d1ad07a961;0;0
280;1784284557.734960079;43.788780;5c:8a:dc:2f:62:8d;36;0x00;-64;39;368.000;1784284557.735328197;270.441;0x004c;0215e20a39f473f54bc4a12f17d1ad07a96100000000c8;e20a39f4-73f5-4bc4-a12f-17d1ad07a961;0;0
281;1784284558.020090103;44.073910;5c:8a:dc:2f:62:8d;36;0x00;-61;38;368.000;1784284558.020458221;285.130;0x004c;0215e20a39f473f54bc4a12f17d1ad07a96100000000c8;e20a39f4-73f5-4bc4-a12f-17d1ad07a961;0;0
282;1784284558.051955938;44.105776;5c:8a:dc:2f:62:8d;36;0x00;-64;39;368.000;1784284558.052324057;31.866;0x004c;0215e20a39f473f54bc4a12f17d1ad07a96100000000c8;e20a39f4-73f5-4bc4-a12f-17d1ad07a961;0;0
283;1784284558.308157921;44.361978;5c:8a:dc:2f:62:8d;36;0x00;-62;38;368.000;1784284558.308526039;256.202;0x004c;0215e20a39f473f54bc4a12f17d1ad07a96100000000c8;e20a39f4-73f5-4bc4-a12f-17d1ad07a961;0;0
284;1784284558.330030918;44.383851;5c:8a:dc:2f:62:8d;36;0x00;-64;39;368.000;1784284558.330399036;21.873;0x004c;0215e20a39f473f54bc4a12f17d1ad07a96100000000c8;e20a39f4-73f5-4bc4-a12f-17d1ad07a961;0;0
285;1784284558.589780092;44.643600;5c:8a:dc:2f:62:8d;36;0x00;-59;37;368.000;1784284558.590148211;259.749;0x004c;0215e20a39f473f54bc4a12f17d1ad07a96100000000c8;e20a39f4-73f5-4bc4-a12f-17d1ad07a961;0;0
286;1784284558.652543068;44.706363;5c:8a:dc:2f:62:8d;36;0x00;-65;39;368.000;1784284558.652911186;62.763;0x004c;0215e20a39f473f54bc4a12f17d1ad07a96100000000c8;e20a39f4-73f5-4bc4-a12f-17d1ad07a961;0;0
287;1784284558.871054888;44.924875;5c:8a:dc:2f:62:8d;36;0x00;-65;39;368.000;1784284558.871423006;218.512;0x004c;0215e20a39f473f54bc4a12f17d1ad07a96100000000c8;e20a39f4-73f5-4bc4-a12f-17d1ad07a961;0;0
288;1784284559.204255104;45.258075;5c:8a:dc:2f:62:8d;36;0x00;-59;37;368.000;1784284559.204623222;333.200;0x004c;0215e20a39f473f54bc4a12f17d1ad07a96100000000c8;e20a39f4-73f5-4bc4-a12f-17d1ad07a961;0;0
289;1784284559.235771894;45.289592;5c:8a:dc:2f:62:8d;36;0x00;-60;38;368.000;1784284559.236140013;31.517;0x004c;0215e20a39f473f54bc4a12f17d1ad07a96100000000c8;e20a39f4-73f5-4bc4-a12f-17d1ad07a961;0;0
290;1784284559.272568941;45.326389;5c:8a:dc:2f:62:8d;36;0x00;-64;39;368.000;1784284559.272937059;36.797;0x004c;0215e20a39f473f54bc4a12f17d1ad07a96100000000c8;e20a39f4-73f5-4bc4-a12f-17d1ad07a961;0;0
291;1784284559.446574926;45.500395;5c:8a:dc:2f:62:8d;36;0x00;-61;38;368.000;1784284559.446943045;174.006;0x004c;0215e20a39f473f54bc4a12f17d1ad07a96100000000c8;e20a39f4-73f5-4bc4-a12f-17d1ad07a961;0;0
292;1784284559.473036051;45.526856;5c:8a:dc:2f:62:8d;36;0x00;-65;39;368.000;1784284559.473404169;26.461;0x004c;0215e20a39f473f54bc4a12f17d1ad07a96100000000c8;e20a39f4-73f5-4bc4-a12f-17d1ad07a961;0;0
293;1784284559.728974104;45.782794;5c:8a:dc:2f:62:8d;36;0x00;-60;38;368.000;1784284559.729342222;255.938;0x004c;0215e20a39f473f54bc4a12f17d1ad07a96100000000c8;e20a39f4-73f5-4bc4-a12f-17d1ad07a961;0;0
294;1784284559.750427961;45.804248;5c:8a:dc:2f:62:8d;36;0x00;-65;39;368.000;1784284559.750796080;21.454;0x004c;0215e20a39f473f54bc4a12f17d1ad07a96100000000c8;e20a39f4-73f5-4bc4-a12f-17d1ad07a961;0;0
295;1784284560.023020029;46.076840;5c:8a:dc:2f:62:8d;36;0x00;-61;38;368.000;1784284560.023388147;272.592;0x004c;0215e20a39f473f54bc4a12f17d1ad07a96100000000c8;e20a39f4-73f5-4bc4-a12f-17d1ad07a961;0;0
296;1784284560.329766989;46.383587;5c:8a:dc:2f:62:8d;36;0x00;-59;37;368.000;1784284560.330135107;306.747;0x004c;0215e20a39f473f54bc4a12f17d1ad07a96100000000c8;e20a39f4-73f5-4bc4-a12f-17d1ad07a961;0;0
297;1784284560.356280088;46.410100;5c:8a:dc:2f:62:8d;36;0x00;-61;38;368.000;1784284560.356648207;26.513;0x004c;0215e20a39f473f54bc4a12f17d1ad07a96100000000c8;e20a39f4-73f5-4bc4-a12f-17d1ad07a961;0;0
298;1784284560.382919073;46.436739;5c:8a:dc:2f:62:8d;36;0x00;-65;39;368.000;1784284560.383287191;26.639;0x004c;0215e20a39f473f54bc4a12f17d1ad07a96100000000c8;e20a39f4-73f5-4bc4-a12f-17d1ad07a961;0;0
299;1784284560.592886925;46.646707;5c:8a:dc:2f:62:8d;36;0x00;-61;38;368.000;1784284560.593255043;209.968;0x004c;0215e20a39f473f54bc4a12f17d1ad07a96100000000c8;e20a39f4-73f5-4bc4-a12f-17d1ad07a961;0;0
300;1784284560.624461889;46.678282;5c:8a:dc:2f:62:8d;36;0x00;-64;39;368.000;1784284560.624830008;31.575;0x004c;0215e20a39f473f54bc4a12f17d1ad07a96100000000c8;e20a39f4-73f5-4bc4-a12f-17d1ad07a961;0;0
301;1784284560.876491070;46.930311;5c:8a:dc:2f:62:8d;36;0x00;-61;38;368.000;1784284560.876859188;252.029;0x004c;0215e20a39f473f54bc4a12f17d1ad07a96100000000c8;e20a39f4-73f5-4bc4-a12f-17d1ad07a961;0;0
302;1784284560.897917032;46.951737;5c:8a:dc:2f:62:8d;36;0x00;-64;39;368.000;1784284560.898285151;21.426;0x004c;0215e20a39f473f54bc4a12f17d1ad07a96100000000c8;e20a39f4-73f5-4bc4-a12f-17d1ad07a961;0;0
303;1784284561.163333893;47.217154;5c:8a:dc:2f:62:8d;36;0x00;-59;37;368.000;1784284561.163702011;265.417;0x004c;0215e20a39f473f54bc4a12f17d1ad07a96100000000c8;e20a39f4-73f5-4bc4-a12f-17d1ad07a961;0;0
304;1784284561.189811945;47.243632;5c:8a:dc:2f:62:8d;36;0x00;-61;38;368.000;1784284561.190180063;26.478;0x004c;0215e20a39f473f54bc4a12f17d1ad07a96100000000c8;e20a39f4-73f5-4bc4-a12f-17d1ad07a961;0;0
305;1784284561.226727962;47.280548;5c:8a:dc:2f:62:8d;36;0x00;-64;39;368.000;1784284561.227096081;36.916;0x004c;0215e20a39f473f54bc4a12f17d1ad07a96100000000c8;e20a39f4-73f5-4bc4-a12f-17d1ad07a961;0;0
306;1784284561.453949928;47.507770;5c:8a:dc:2f:62:8d;36;0x00;-60;38;368.000;1784284561.454318047;227.222;0x004c;0215e20a39f473f54bc4a12f17d1ad07a96100000000c8;e20a39f4-73f5-4bc4-a12f-17d1ad07a961;0;0
307;1784284561.480520964;47.534341;5c:8a:dc:2f:62:8d;36;0x00;-64;39;368.000;1784284561.480889082;26.571;0x004c;0215e20a39f473f54bc4a12f17d1ad07a96100000000c8;e20a39f4-73f5-4bc4-a12f-17d1ad07a961;0;0
308;1784284561.733949900;47.787770;5c:8a:dc:2f:62:8d;36;0x00;-61;38;368.000;1784284561.734318018;253.429;0x004c;0215e20a39f473f54bc4a12f17d1ad07a96100000000c8;e20a39f4-73f5-4bc4-a12f-17d1ad07a961;0;0
309;1784284561.765242100;47.819062;5c:8a:dc:2f:62:8d;36;0x00;-64;39;368.000;1784284561.765610218;31.292;0x004c;0215e20a39f473f54bc4a12f17d1ad07a96100000000c8;e20a39f4-73f5-4bc4-a12f-17d1ad07a961;0;0
310;1784284562.030071020;48.083891;5c:8a:dc:2f:62:8d;36;0x00;-64;39;368.000;1784284562.030439138;264.829;0x004c;0215e20a39f473f54bc4a12f17d1ad07a96100000000c8;e20a39f4-73f5-4bc4-a12f-17d1ad07a961;0;0
311;1784284562.314965010;48.368785;5c:8a:dc:2f:62:8d;36;0x00;-61;38;368.000;1784284562.315333128;284.894;0x004c;0215e20a39f473f54bc4a12f17d1ad07a96100000000c8;e20a39f4-73f5-4bc4-a12f-17d1ad07a961;0;0
312;1784284562.351701021;48.405521;5c:8a:dc:2f:62:8d;36;0x00;-65;39;368.000;1784284562.352069139;36.736;0x004c;0215e20a39f473f54bc4a12f17d1ad07a96100000000c8;e20a39f4-73f5-4bc4-a12f-17d1ad07a961;0;0
313;1784284562.596510887;48.650331;5c:8a:dc:2f:62:8d;36;0x00;-64;39;368.000;1784284562.596879005;244.810;0x004c;0215e20a39f473f54bc4a12f17d1ad07a96100000000c8;e20a39f4-73f5-4bc4-a12f-17d1ad07a961;0;0
314;1784284562.872705936;48.926526;5c:8a:dc:2f:62:8d;36;0x00;-62;38;368.000;1784284562.873074055;276.195;0x004c;0215e20a39f473f54bc4a12f17d1ad07a96100000000c8;e20a39f4-73f5-4bc4-a12f-17d1ad07a961;0;0
315;1784284562.899208069;48.953028;5c:8a:dc:2f:62:8d;36;0x00;-64;39;368.000;1784284562.899576187;26.502;0x004c;0215e20a39f473f54bc4a12f17d1ad07a96100000000c8;e20a39f4-73f5-4bc4-a12f-17d1ad07a961;0;0
316;1784284563.164027929;49.217848;5c:8a:dc:2f:62:8d;36;0x00;-62;38;368.000;1784284563.164396048;264.820;0x004c;0215e20a39f473f54bc4a12f17d1ad07a96100000000c8;e20a39f4-73f5-4bc4-a12f-17d1ad07a961;0;0
317;1784284563.190712929;49.244533;5c:8a:dc:2f:62:8d;36;0x00;-64;39;368.000;1784284563.191081047;26.685;0x004c;0215e20a39f473f54bc4a12f17d1ad07a96100000000c8;e20a39f4-73f5-4bc4-a12f-17d1ad07a961;0;0
318;1784284563.445166111;49.498986;5c:8a:dc:2f:62:8d;36;0x00;-60;38;368.000;1784284563.445534229;254.453;0x004c;0215e20a39f473f54bc4a12f17d1ad07a96100000000c8;e20a39f4-73f5-4bc4-a12f-17d1ad07a961;0;0
319;1784284563.486855030;49.540675;5c:8a:dc:2f:62:8d;36;0x00;-64;39;368.000;1784284563.487223148;41.689;0x004c;0215e20a39f473f54bc4a12f17d1ad07a96100000000c8;e20a39f4-73f5-4bc4-a12f-17d1ad07a961;0;0
320;1784284563.738475084;49.792295;5c:8a:dc:2f:62:8d;36;0x00;-61;38;368.000;1784284563.738843203;251.620;0x004c;0215e20a39f473f54bc4a12f17d1ad07a96100000000c8;e20a39f4-73f5-4bc4-a12f-17d1ad07a961;0;0
321;1784284563.780461073;49.834281;5c:8a:dc:2f:62:8d;36;0x00;-64;39;368.000;1784284563.780829191;41.986;0x004c;0215e20a39f473f54bc4a12f17d1ad07a96100000000c8;e20a39f4-73f5-4bc4-a12f-17d1ad07a961;0;0
322;1784284564.022686005;50.076506;5c:8a:dc:2f:62:8d;36;0x00;-61;38;368.000;1784284564.023054123;242.225;0x004c;0215e20a39f473f54bc4a12f17d1ad07a96100000000c8;e20a39f4-73f5-4bc4-a12f-17d1ad07a961;0;0
323;1784284564.056740046;50.110560;5c:8a:dc:2f:62:8d;36;0x00;-65;39;368.000;1784284564.057108164;34.054;0x004c;0215e20a39f473f54bc4a12f17d1ad07a96100000000c8;e20a39f4-73f5-4bc4-a12f-17d1ad07a961;0;0
324;1784284564.309104919;50.362925;5c:8a:dc:2f:62:8d;36;0x00;-61;38;368.000;1784284564.309473038;252.365;0x004c;0215e20a39f473f54bc4a12f17d1ad07a96100000000c8;e20a39f4-73f5-4bc4-a12f-17d1ad07a961;0;0
325;1784284564.335617065;50.389437;5c:8a:dc:2f:62:8d;36;0x00;-64;39;368.000;1784284564.335985184;26.512;0x004c;0215e20a39f473f54bc4a12f17d1ad07a96100000000c8;e20a39f4-73f5-4bc4-a12f-17d1ad07a961;0;0
326;1784284564.600486994;50.654307;5c:8a:dc:2f:62:8d;36;0x00;-61;38;368.000;1784284564.600855112;264.870;0x004c;0215e20a39f473f54bc4a12f17d1ad07a96100000000c8;e20a39f4-73f5-4bc4-a12f-17d1ad07a961;0;0
327;1784284564.616698980;50.670519;5c:8a:dc:2f:62:8d;36;0x00;-65;39;368.000;1784284564.617067099;16.212;0x004c;0215e20a39f473f54bc4a12f17d1ad07a96100000000c8;e20a39f4-73f5-4bc4-a12f-17d1ad07a961;0;0
328;1784284564.867017984;50.920838;5c:8a:dc:2f:62:8d;36;0x00;-64;39;368.000;1784284564.867386103;250.319;0x004c;0215e20a39f473f54bc4a12f17d1ad07a96100000000c8;e20a39f4-73f5-4bc4-a12f-17d1ad07a961;0;0
329;1784284565.167877913;51.221698;5c:8a:dc:2f:62:8d;36;0x00;-61;38;368.000;1784284565.168246031;300.860;0x004c;0215e20a39f473f54bc4a12f17d1ad07a96100000000c8;e20a39f4-73f5-4bc4-a12f-17d1ad07a961;0;0
330;1784284565.194406033;51.248226;5c:8a:dc:2f:62:8d;36;0x00;-65;39;368.000;1784284565.194774151;26.528;0x004c;0215e20a39f473f54bc4a12f17d1ad07a96100000000c8;e20a39f4-73f5-4bc4-a12f-17d1ad07a961;0;0
331;1784284565.448612928;51.502433;5c:8a:dc:2f:62:8d;36;0x00;-65;39;368.000;1784284565.448981047;254.207;0x004c;0215e20a39f473f54bc4a12f17d1ad07a96100000000c8;e20a39f4-73f5-4bc4-a12f-17d1ad07a961;0;0
332;1784284565.740112066;51.793932;5c:8a:dc:2f:62:8d;36;0x00;-61;38;368.000;1784284565.740480185;291.499;0x004c;0215e20a39f473f54bc4a12f17d1ad07a96100000000c8;e20a39f4-73f5-4bc4-a12f-17d1ad07a961;0;0
333;1784284565.771666050;51.825486;5c:8a:dc:2f:62:8d;36;0x00;-64;39;368.000;1784284565.772034168;31.554;0x004c;0215e20a39f473f54bc4a12f17d1ad07a96100000000c8;e20a39f4-73f5-4bc4-a12f-17d1ad07a961;0;0
334;1784284566.024904966;52.078725;5c:8a:dc:2f:62:8d;36;0x00;-65;39;368.000;1784284566.025273085;253.239;0x004c;0215e20a39f473f54bc4a12f17d1ad07a96100000000c8;e20a39f4-73f5-4bc4-a12f-17d1ad07a961;0;0
335;1784284566.353028059;52.406848;5c:8a:dc:2f:62:8d;36;0x00;-58;37;368.000;1784284566.353396177;328.123;0x004c;0215e20a39f473f54bc4a12f17d1ad07a96100000000c8;e20a39f4-73f5-4bc4-a12f-17d1ad07a961;0;0
336;1784284566.389748096;52.443568;5c:8a:dc:2f:62:8d;36;0x00;-61;38;368.000;1784284566.390116215;36.720;0x004c;0215e20a39f473f54bc4a12f17d1ad07a96100000000c8;e20a39f4-73f5-4bc4-a12f-17d1ad07a961;0;0
337;1784284566.416263103;52.470083;5c:8a:dc:2f:62:8d;36;0x00;-64;39;368.000;1784284566.416631222;26.515;0x004c;0215e20a39f473f54bc4a12f17d1ad07a96100000000c8;e20a39f4-73f5-4bc4-a12f-17d1ad07a961;0;0
338;1784284566.596569061;52.650389;5c:8a:dc:2f:62:8d;36;0x00;-60;38;368.000;1784284566.596937180;180.306;0x004c;0215e20a39f473f54bc4a12f17d1ad07a96100000000c8;e20a39f4-73f5-4bc4-a12f-17d1ad07a961;0;0
339;1784284566.623097897;52.676918;5c:8a:dc:2f:62:8d;36;0x00;-64;39;368.000;1784284566.623466015;26.529;0x004c;0215e20a39f473f54bc4a12f17d1ad07a96100000000c8;e20a39f4-73f5-4bc4-a12f-17d1ad07a961;0;0
340;1784284566.878901958;52.932722;5c:8a:dc:2f:62:8d;36;0x00;-60;38;368.000;1784284566.879270077;255.804;0x004c;0215e20a39f473f54bc4a12f17d1ad07a96100000000c8;e20a39f4-73f5-4bc4-a12f-17d1ad07a961;0;0
341;1784284566.900393009;52.954213;5c:8a:dc:2f:62:8d;36;0x00;-64;39;368.000;1784284566.900761127;21.491;0x004c;0215e20a39f473f54bc4a12f17d1ad07a96100000000c8;e20a39f4-73f5-4bc4-a12f-17d1ad07a961;0;0
342;1784284567.157888889;53.211709;5c:8a:dc:2f:62:8d;36;0x00;-58;37;368.000;1784284567.158257008;257.496;0x004c;0215e20a39f473f54bc4a12f17d1ad07a96100000000c8;e20a39f4-73f5-4bc4-a12f-17d1ad07a961;0;0
343;1784284567.227391958;53.281212;5c:8a:dc:2f:62:8d;36;0x00;-66;39;368.000;1784284567.227760077;69.503;0x004c;0215e20a39f473f54bc4a12f17d1ad07a96100000000c8;e20a39f4-73f5-4bc4-a12f-17d1ad07a961;0;0
344;1784284567.468873978;53.522694;5c:8a:dc:2f:62:8d;36;0x00;-58;37;368.000;1784284567.469242096;241.482;0x004c;0215e20a39f473f54bc4a12f17d1ad07a96100000000c8;e20a39f4-73f5-4bc4-a12f-17d1ad07a961;0;0
345;1784284567.495240927;53.549061;5c:8a:dc:2f:62:8d;36;0x00;-60;38;368.000;1784284567.495609045;26.367;0x004c;0215e20a39f473f54bc4a12f17d1ad07a96100000000c8;e20a39f4-73f5-4bc4-a12f-17d1ad07a961;0;0
346;1784284567.521639109;53.575459;5c:8a:dc:2f:62:8d;36;0x00;-66;39;368.000;1784284567.522007227;26.398;0x004c;0215e20a39f473f54bc4a12f17d1ad07a96100000000c8;e20a39f4-73f5-4bc4-a12f-17d1ad07a961;0;0
347;1784284567.744474888;53.798295;5c:8a:dc:2f:62:8d;36;0x00;-58;37;368.000;1784284567.744843006;222.836;0x004c;0215e20a39f473f54bc4a12f17d1ad07a96100000000c8;e20a39f4-73f5-4bc4-a12f-17d1ad07a961;0;0
348;1784284567.775976896;53.829797;5c:8a:dc:2f:62:8d;36;0x00;-60;38;368.000;1784284567.776345015;31.502;0x004c;0215e20a39f473f54bc4a12f17d1ad07a96100000000c8;e20a39f4-73f5-4bc4-a12f-17d1ad07a961;0;0
349;1784284567.797281981;53.851102;5c:8a:dc:2f:62:8d;36;0x00;-65;39;368.000;1784284567.797650099;21.305;0x004c;0215e20a39f473f54bc4a12f17d1ad07a96100000000c8;e20a39f4-73f5-4bc4-a12f-17d1ad07a961;0;0
350;1784284568.039695978;54.093516;5c:8a:dc:2f:62:8d;36;0x00;-60;38;368.000;1784284568.040064096;242.414;0x004c;0215e20a39f473f54bc4a12f17d1ad07a96100000000c8;e20a39f4-73f5-4bc4-a12f-17d1ad07a961;0;0
351;1784284568.066051006;54.119871;5c:8a:dc:2f:62:8d;36;0x00;-66;39;368.000;1784284568.066419125;26.355;0x004c;0215e20a39f473f54bc4a12f17d1ad07a96100000000c8;e20a39f4-73f5-4bc4-a12f-17d1ad07a961;0;0
352;1784284568.326554060;54.380374;5c:8a:dc:2f:62:8d;36;0x00;-60;38;368.000;1784284568.326922178;260.503;0x004c;0215e20a39f473f54bc4a12f17d1ad07a96100000000c8;e20a39f4-73f5-4bc4-a12f-17d1ad07a961;0;0
353;1784284568.359338045;54.413158;5c:8a:dc:2f:62:8d;36;0x00;-65;39;368.000;1784284568.359706163;32.784;0x004c;0215e20a39f473f54bc4a12f17d1ad07a96100000000c8;e20a39f4-73f5-4bc4-a12f-17d1ad07a961;0;0
354;1784284568.614492893;54.668313;5c:8a:dc:2f:62:8d;36;0x00;-60;38;368.000;1784284568.614861012;255.155;0x004c;0215e20a39f473f54bc4a12f17d1ad07a96100000000c8;e20a39f4-73f5-4bc4-a12f-17d1ad07a961;0;0
355;1784284568.646126032;54.699946;5c:8a:dc:2f:62:8d;36;0x00;-66;39;368.000;1784284568.646494150;31.633;0x004c;0215e20a39f473f54bc4a12f17d1ad07a96100000000c8;e20a39f4-73f5-4bc4-a12f-17d1ad07a961;0;0
356;1784284568.895831108;54.949651;5c:8a:dc:2f:62:8d;36;0x00;-60;38;368.000;1784284568.896199226;249.705;0x004c;0215e20a39f473f54bc4a12f17d1ad07a96100000000c8;e20a39f4-73f5-4bc4-a12f-17d1ad07a961;0;0
357;1784284568.917330027;54.971150;5c:8a:dc:2f:62:8d;36;0x00;-65;39;368.000;1784284568.917698145;21.499;0x004c;0215e20a39f473f54bc4a12f17d1ad07a96100000000c8;e20a39f4-73f5-4bc4-a12f-17d1ad07a961;0;0
358;1784284569.177670002;55.231490;5c:8a:dc:2f:62:8d;36;0x00;-60;38;368.000;1784284569.178038120;260.340;0x004c;0215e20a39f473f54bc4a12f17d1ad07a96100000000c8;e20a39f4-73f5-4bc4-a12f-17d1ad07a961;0;0
359;1784284569.209325075;55.263145;5c:8a:dc:2f:62:8d;36;0x00;-65;39;368.000;1784284569.209693193;31.655;0x004c;0215e20a39f473f54bc4a12f17d1ad07a96100000000c8;e20a39f4-73f5-4bc4-a12f-17d1ad07a961;0;0
360;1784284569.466578960;55.520399;5c:8a:dc:2f:62:8d;36;0x00;-60;38;368.000;1784284569.466947079;257.254;0x004c;0215e20a39f473f54bc4a12f17d1ad07a96100000000c8;e20a39f4-73f5-4bc4-a12f-17d1ad07a961;0;0
361;1784284569.487967968;55.541788;5c:8a:dc:2f:62:8d;36;0x00;-65;39;368.000;1784284569.488336086;21.389;0x004c;0215e20a39f473f54bc4a12f17d1ad07a96100000000c8;e20a39f4-73f5-4bc4-a12f-17d1ad07a961;0;0
362;1784284569.755034924;55.808855;5c:8a:dc:2f:62:8d;36;0x00;-58;37;368.000;1784284569.755403042;267.067;0x004c;0215e20a39f473f54bc4a12f17d1ad07a96100000000c8;e20a39f4-73f5-4bc4-a12f-17d1ad07a961;0;0
363;1784284569.771364927;55.825185;5c:8a:dc:2f:62:8d;36;0x00;-60;38;368.000;1784284569.771733046;16.330;0x004c;0215e20a39f473f54bc4a12f17d1ad07a96100000000c8;e20a39f4-73f5-4bc4-a12f-17d1ad07a961;0;0
364;1784284569.802982092;55.856802;5c:8a:dc:2f:62:8d;36;0x00;-66;39;368.000;1784284569.803350210;31.617;0x004c;0215e20a39f473f54bc4a12f17d1ad07a96100000000c8;e20a39f4-73f5-4bc4-a12f-17d1ad07a961;0;0
365;1784284570.026460886;56.080281;5c:8a:dc:2f:62:8d;36;0x00;-60;38;368.000;1784284570.026829004;223.479;0x004c;0215e20a39f473f54bc4a12f17d1ad07a96100000000c8;e20a39f4-73f5-4bc4-a12f-17d1ad07a961;0;0
366;1784284570.058183908;56.112004;5c:8a:dc:2f:62:8d;36;0x00;-65;39;368.000;1784284570.058552027;31.723;0x004c;0215e20a39f473f54bc4a12f17d1ad07a96100000000c8;e20a39f4-73f5-4bc4-a12f-17d1ad07a961;0;0
367;1784284570.320230007;56.374050;5c:8a:dc:2f:62:8d;36;0x00;-60;38;368.000;1784284570.320598125;262.046;0x004c;0215e20a39f473f54bc4a12f17d1ad07a96100000000c8;e20a39f4-73f5-4bc4-a12f-17d1ad07a961;0;0
