numero,nom,mac,debut_s,fin_s,duree_us,rssi_dbm,canal,payload_octets,type_pdu,phy
22,Inconnu,inconnue,1783971292.504668951,1783971292.504804850,136.000,-96,38,7,0x07,LE 1M
51,Inconnu,inconnue,1783971293.353055954,1783971293.353191853,136.000,-91,37,7,0x07,LE 1M
105,Inconnu,inconnue,1783971294.907675982,1783971294.907811880,136.000,-91,37,7,0x07,LE 1M
119,Inconnu,inconnue,1783971295.338596106,1783971295.338732004,136.000,-96,39,7,0x07,LE 1M
129,Inconnu,inconnue,1783971295.646557093,1783971295.646692991,136.000,-92,37,7,0x07,LE 1M
147,Inconnu,inconnue,1783971296.270864964,1783971296.271240950,376.000,-89,37,37,0x0a,LE 1M
156,Inconnu,inconnue,1783971296.548844099,1783971296.548979998,136.000,-94,37,7,0x07,LE 1M
162,Inconnu,inconnue,1783971296.735311031,1783971296.735446930,136.000,-89,37,7,0x07,LE 1M
270,Inconnu,inconnue,1783971299.996428013,1783971299.996563911,136.000,-89,37,7,0x07,LE 1M
276,Inconnu,inconnue,1783971300.163045883,1783971300.163181782,136.000,-91,37,7,0x07,LE 1M
279,Inconnu,inconnue,1783971300.259618044,1783971300.259753942,136.000,-90,37,7,0x07,LE 1M
369,Inconnu,inconnue,1783971302.796363115,1783971302.796499014,136.000,-90,37,7,0x07,LE 1M
477,Inconnu,inconnue,1783971305.840365887,1783971305.840501785,136.000,-90,37,7,0x07,LE 1M
552,Inconnu,inconnue,1783971308.017129898,1783971308.017265797,136.000,-91,37,7,0x07,LE 1M
564,Inconnu,inconnue,1783971308.511115074,1783971308.511250973,136.000,-92,37,7,0x07,LE 1M
566,Inconnu,inconnue,1783971308.572967052,1783971308.573102951,136.000,-97,39,7,0x07,LE 1M
606,Inconnu,inconnue,1783971310.005767107,1783971310.005903006,136.000,-94,37,7,0x0f,LE 1M
688,Inconnu,inconnue,1783971312.688451052,1783971312.688586950,136.000,-92,38,7,0x07,LE 1M
708,Inconnu,inconnue,1783971313.305807114,1783971313.305943012,136.000,-93,37,7,0x0b,LE 1M
780,Inconnu,inconnue,1783971315.337464094,1783971315.337599993,136.000,-92,37,7,0x07,LE 1M
844,Inconnu,inconnue,1783971317.195264101,1783971317.195400000,136.000,-91,38,7,0x07,LE 1M
864,Inconnu,inconnue,1783971317.850402117,1783971317.850538015,136.000,-93,37,7,0x07,LE 1M
888,Inconnu,inconnue,1783971318.588305950,1783971318.588441849,136.000,-91,37,7,0x07,LE 1M
936,Inconnu,inconnue,1783971320.188009024,1783971320.188144922,136.000,-91,37,7,0x07,LE 1M
951,Inconnu,inconnue,1783971320.653690100,1783971320.653825998,136.000,-91,37,7,0x07,LE 1M
990,Inconnu,inconnue,1783971321.926409006,1783971321.926544905,136.000,-92,37,7,0x07,LE 1M
1018,Inconnu,inconnue,1783971322.819818974,1783971322.819954872,136.000,-92,38,7,0x07,LE 1M
1038,Inconnu,inconnue,1783971323.415420055,1783971323.415555954,136.000,-91,37,7,0x07,LE 1M
1055,Inconnu,inconnue,1783971323.949661970,1783971323.949797869,136.000,-95,39,7,0x07,LE 1M
1075,Inconnu,inconnue,1783971324.559484005,1783971324.559619904,136.000,-91,38,7,0x07,LE 1M
1146,Inconnu,inconnue,1783971326.529918909,1783971326.530054808,136.000,-91,37,7,0x07,LE 1M
1158,Inconnu,inconnue,1783971326.852655888,1783971326.853047848,392.000,-91,37,39,0x07,LE 1M
1189,Inconnu,inconnue,1783971327.887077093,1783971327.887212992,136.000,-94,38,7,0x07,LE 1M
1263,Inconnu,inconnue,1783971330.257953882,1783971330.258329868,376.000,-91,37,37,0x0a,LE 1M
1284,Inconnu,inconnue,1783971330.847537994,1783971330.847913980,376.000,-96,37,37,0x0a,LE 1M
1333,Inconnu,inconnue,1783971332.358478069,1783971332.358613968,136.000,-93,38,7,0x07,LE 1M
1353,Inconnu,inconnue,1783971333.207660913,1783971333.207796812,136.000,-93,37,7,0x07,LE 1M
1359,Inconnu,inconnue,1783971333.416205883,1783971333.416485786,280.000,-89,37,25,0x08,LE 1M
1382,Inconnu,inconnue,1783971334.209949017,1783971334.210084915,136.000,-92,39,7,0x07,LE 1M
1404,Inconnu,inconnue,1783971334.968168020,1783971334.968303919,136.000,-91,37,7,0x07,LE 1M
1422,Inconnu,inconnue,1783971335.635164022,1783971335.635299921,136.000,-86,37,7,0x07,LE 1M
1539,Inconnu,inconnue,1783971339.684449911,1783971339.684585810,136.000,-90,37,7,0x07,LE 1M
1578,Inconnu,inconnue,1783971341.010195971,1783971341.010331869,136.000,-89,37,7,0x07,LE 1M
1596,Inconnu,inconnue,1783971341.577034950,1783971341.577170849,136.000,-87,37,7,0x07,LE 1M
1638,Inconnu,inconnue,1783971342.940613031,1783971342.940748930,136.000,-89,37,7,0x07,LE 1M
1652,Inconnu,inconnue,1783971343.470817089,1783971343.470952988,136.000,-98,39,7,0x07,LE 1M
1674,Inconnu,inconnue,1783971344.128705025,1783971344.128840923,136.000,-91,37,7,0x07,LE 1M
1713,Inconnu,inconnue,1783971345.416889906,1783971345.417025805,136.000,-92,37,7,0x07,LE 1M
1736,Inconnu,inconnue,1783971346.140322924,1783971346.140458822,136.000,-95,39,7,0x07,LE 1M
1746,Inconnu,inconnue,1783971346.418150902,1783971346.418286800,136.000,-85,37,7,0x07,LE 1M
1756,Inconnu,inconnue,1783971346.726815939,1783971346.726951838,136.000,-91,38,7,0x07,LE 1M
1794,Inconnu,inconnue,1783971347.963898897,1783971347.964034796,136.000,-90,37,7,0x07,LE 1M
1805,Inconnu,inconnue,1783971348.335702896,1783971348.335838795,136.000,-98,39,7,0x07,LE 1M
1818,Inconnu,inconnue,1783971348.642364979,1783971348.642500877,136.000,-89,37,7,0x07,LE 1M
1854,Inconnu,inconnue,1783971349.959078074,1783971349.959213972,136.000,-88,37,7,0x07,LE 1M
1887,Inconnu,inconnue,1783971350.998281956,1783971350.998417854,136.000,-89,37,7,0x07,LE 1M
1908,Inconnu,inconnue,1783971351.654021025,1783971351.654156923,136.000,-89,37,7,0x07,LE 1M
1951,Inconnu,inconnue,1783971352.912147999,1783971352.912283897,136.000,-83,38,7,0x07,LE 1M
1956,Inconnu,inconnue,1783971353.015496016,1783971353.015631914,136.000,-87,37,7,0x07,LE 1M
1962,Inconnu,inconnue,1783971353.078052044,1783971353.078380108,328.000,-87,37,31,0x08,LE 1M
1975,Inconnu,inconnue,1783971353.479705095,1783971353.479840994,136.000,-84,38,7,0x07,LE 1M
1977,Inconnu,inconnue,1783971353.551758051,1783971353.552102089,344.000,-90,37,33,0x0a,LE 1M
1995,Inconnu,inconnue,1783971353.976032972,1783971353.976168871,136.000,-87,37,7,0x07,LE 1M
2013,Inconnu,inconnue,1783971354.381198883,1783971354.381334782,136.000,-87,37,7,0x07,LE 1M
2023,Inconnu,inconnue,1783971354.678740978,1783971354.679020882,280.000,-75,38,25,0x08,LE 1M
2025,Inconnu,inconnue,1783971354.755568027,1783971354.755703926,136.000,-88,37,7,0x07,LE 1M
2037,Inconnu,inconnue,1783971355.041357040,1783971355.041733027,376.000,-86,37,37,0x0a,LE 1M
2045,Inconnu,inconnue,1783971355.228395939,1783971355.228531837,136.000,-89,39,7,0x07,LE 1M
2056,Inconnu,inconnue,1783971355.517349958,1783971355.517485857,136.000,-81,38,7,0x07,LE 1M
2076,Inconnu,inconnue,1783971356.163727999,1783971356.163863897,136.000,-87,37,7,0x07,LE 1M
2089,Inconnu,inconnue,1783971356.576601982,1783971356.576737881,136.000,-82,38,7,0x07,LE 1M
2106,Inconnu,inconnue,1783971357.076638937,1783971357.076774836,136.000,-87,37,7,0x07,LE 1M
2115,Inconnu,inconnue,1783971357.352107048,1783971357.352242947,136.000,-89,37,7,0x07,LE 1M
2130,Inconnu,inconnue,1783971357.826930046,1783971357.827065945,136.000,-89,37,7,0x07,LE 1M
2139,Inconnu,inconnue,1783971358.043365955,1783971358.043501854,136.000,-89,37,7,0x07,LE 1M
2174,Inconnu,inconnue,1783971359.077891111,1783971359.078027010,136.000,-89,39,7,0x07,LE 1M
2199,Inconnu,inconnue,1783971359.718365908,1783971359.718501806,136.000,-86,37,7,0x07,LE 1M
2209,Inconnu,inconnue,1783971360.039233923,1783971360.039369822,136.000,-84,38,7,0x07,LE 1M
2223,Inconnu,inconnue,1783971360.435930967,1783971360.436066866,136.000,-87,37,7,0x07,LE 1M
2233,Inconnu,inconnue,1783971360.777156115,1783971360.777292013,136.000,-86,38,7,0x07,LE 1M
2283,Inconnu,inconnue,1783971362.287044048,1783971362.287179947,136.000,-86,37,7,0x07,LE 1M
2286,Inconnu,inconnue,1783971362.352585077,1783971362.352720976,136.000,-87,37,7,0x07,LE 1M
2327,Inconnu,inconnue,1783971363.649677992,1783971363.649813890,136.000,-96,39,7,0x07,LE 1M
2336,Inconnu,inconnue,1783971363.921361923,1783971363.921497822,136.000,-98,39,7,0x07,LE 1M
2371,Inconnu,inconnue,1783971364.675198078,1783971364.675333977,136.000,-88,38,7,0x07,LE 1M
2550,Inconnu,inconnue,1783971370.113843918,1783971370.113979816,136.000,-90,37,7,0x05,LE 1M
2559,Inconnu,inconnue,1783971370.347100973,1783971370.347236872,136.000,-89,37,7,0x07,LE 1M
2574,Inconnu,inconnue,1783971370.751852036,1783971370.751987934,136.000,-86,37,7,0x07,LE 1M
2587,Inconnu,inconnue,1783971371.165131092,1783971371.165266991,136.000,-93,38,7,0x07,LE 1M
2604,Inconnu,inconnue,1783971371.638849020,1783971371.638984919,136.000,-88,37,7,0x07,LE 1M
2622,Inconnu,inconnue,1783971372.119060040,1783971372.119195938,136.000,-87,37,7,0x07,LE 1M
2641,Inconnu,inconnue,1783971372.543908119,1783971372.544044018,136.000,-94,38,7,0x07,LE 1M
2670,Inconnu,inconnue,1783971373.372708082,1783971373.372843981,136.000,-85,37,7,0x07,LE 1M
2685,Inconnu,inconnue,1783971373.820854902,1783971373.820990801,136.000,-87,37,7,0x07,LE 1M
2707,Inconnu,inconnue,1783971374.465050936,1783971374.465523005,472.000,-87,38,49,0x0c,LE 1M
2709,Inconnu,inconnue,1783971374.523571968,1783971374.523835897,264.000,-85,37,23,0x08,LE 1M
2712,Inconnu,inconnue,1783971374.585623980,1783971374.585759878,136.000,-84,37,7,0x07,LE 1M
2713,Inconnu,inconnue,1783971374.614326000,1783971374.614654064,328.000,-87,38,31,0x0c,LE 1M
2721,Inconnu,inconnue,1783971374.870337009,1783971374.870472908,136.000,-87,37,7,0x07,LE 1M
2724,Inconnu,inconnue,1783971374.968292952,1783971374.968428850,136.000,-87,37,7,0x07,LE 1M
2732,Inconnu,inconnue,1783971375.170376062,1783971375.170511961,136.000,-91,39,7,0x07,LE 1M
2751,Inconnu,inconnue,1783971375.772995949,1783971375.773131847,136.000,-82,37,7,0x07,LE 1M
2757,Inconnu,inconnue,1783971375.956732035,1783971375.956867933,136.000,-82,37,7,0x07,LE 1M
2773,Inconnu,inconnue,1783971376.471281052,1783971376.471416950,136.000,-88,38,7,0x07,LE 1M
2799,Inconnu,inconnue,1783971377.273149967,1783971377.273285866,136.000,-84,37,7,0x07,LE 1M
2802,Inconnu,inconnue,1783971377.382699013,1783971377.382834911,136.000,-82,37,7,0x07,LE 1M
2808,Inconnu,inconnue,1783971377.564296007,1783971377.564431906,136.000,-84,37,7,0x07,LE 1M
2814,Inconnu,inconnue,1783971377.745259047,1783971377.745394945,136.000,-84,37,7,0x07,LE 1M
2835,Inconnu,inconnue,1783971378.305571079,1783971378.305706978,136.000,-86,37,7,0x07,LE 1M
2844,Inconnu,inconnue,1783971378.540976048,1783971378.541111946,136.000,-84,37,7,0x07,LE 1M
2847,Inconnu,inconnue,1783971378.650784016,1783971378.650919914,136.000,-84,37,7,0x07,LE 1M
2883,Inconnu,inconnue,1783971379.644031048,1783971379.644166946,136.000,-87,37,7,0x07,LE 1M
2891,Inconnu,inconnue,1783971379.880280018,1783971379.880608082,328.000,-93,39,31,0x07,LE 1M
2910,Inconnu,inconnue,1783971380.448230982,1783971380.448366880,136.000,-86,37,7,0x07,LE 1M
2919,Inconnu,inconnue,1783971380.676166058,1783971380.676301956,136.000,-87,37,7,0x07,LE 1M
2958,Inconnu,inconnue,1783971381.776823044,1783971381.776958942,136.000,-85,37,7,0x07,LE 1M
2967,Inconnu,inconnue,1783971382.019421101,1783971382.019556999,136.000,-87,37,7,0x07,LE 1M
2973,Inconnu,inconnue,1783971382.209553957,1783971382.209689856,136.000,-86,37,7,0x07,LE 1M
2997,Inconnu,inconnue,1783971382.550925016,1783971382.551060915,136.000,-85,37,7,0x07,LE 1M
3000,Inconnu,inconnue,1783971382.634519100,1783971382.634654999,136.000,-84,37,7,0x07,LE 1M
3054,Inconnu,inconnue,1783971384.060516119,1783971384.060652018,136.000,-88,37,7,0x07,LE 1M
3065,Inconnu,inconnue,1783971384.339461088,1783971384.339596987,136.000,-91,39,7,0x07,LE 1M
3079,Inconnu,inconnue,1783971384.739538908,1783971384.739674807,136.000,-87,38,7,0x07,LE 1M
3099,Inconnu,inconnue,1783971385.303361893,1783971385.303617954,256.000,-84,37,22,0x08,LE 1M
3105,Inconnu,inconnue,1783971385.414103985,1783971385.414239883,136.000,-87,37,7,0x07,LE 1M
3117,Inconnu,inconnue,1783971385.728296995,1783971385.728432894,136.000,-89,37,7,0x07,LE 1M
3144,Inconnu,inconnue,1783971386.512753010,1783971386.512888908,136.000,-88,37,7,0x07,LE 1M
3160,Inconnu,inconnue,1783971387.055737972,1783971387.055873871,136.000,-87,38,7,0x07,LE 1M
3166,Inconnu,inconnue,1783971387.144721985,1783971387.144857883,136.000,-88,38,7,0x07,LE 1M
3177,Inconnu,inconnue,1783971387.471369028,1783971387.471504927,136.000,-89,37,7,0x07,LE 1M
3186,Inconnu,inconnue,1783971387.751960039,1783971387.752095938,136.000,-86,37,7,0x07,LE 1M
3195,Inconnu,inconnue,1783971388.010162115,1783971388.010298014,136.000,-87,37,7,0x07,LE 1M
3204,Inconnu,inconnue,1783971388.251574993,1783971388.251710892,136.000,-89,37,7,0x07,LE 1M
3225,Inconnu,inconnue,1783971388.913249969,1783971388.913385868,136.000,-89,37,7,0x07,LE 1M
3237,Inconnu,inconnue,1783971389.276231050,1783971389.276366949,136.000,-89,37,7,0x07,LE 1M
3249,Inconnu,inconnue,1783971389.654635906,1783971389.654771805,136.000,-89,37,7,0x07,LE 1M
3264,Inconnu,inconnue,1783971390.165971041,1783971390.166106939,136.000,-90,37,7,0x07,LE 1M
3273,Inconnu,inconnue,1783971390.437494040,1783971390.437629938,136.000,-87,37,7,0x07,LE 1M
3280,Inconnu,inconnue,1783971390.639508963,1783971390.639644861,136.000,-87,38,7,0x07,LE 1M
3289,Inconnu,inconnue,1783971390.836409092,1783971390.836544991,136.000,-88,38,7,0x07,LE 1M
3309,Inconnu,inconnue,1783971391.331690073,1783971391.331825972,136.000,-89,37,7,0x07,LE 1M
3315,Inconnu,inconnue,1783971391.498254061,1783971391.498389959,136.000,-89,37,7,0x07,LE 1M
3346,Inconnu,inconnue,1783971392.271186113,1783971392.271322012,136.000,-87,38,7,0x07,LE 1M
3387,Inconnu,inconnue,1783971393.414582968,1783971393.414718866,136.000,-88,37,7,0x07,LE 1M
3402,Inconnu,inconnue,1783971393.843827009,1783971393.843962908,136.000,-86,37,7,0x07,LE 1M
3414,Inconnu,inconnue,1783971394.116039038,1783971394.116174936,136.000,-87,37,7,0x07,LE 1M
3426,Inconnu,inconnue,1783971394.536890984,1783971394.537026882,136.000,-87,37,7,0x07,LE 1M
3436,Inconnu,inconnue,1783971394.813483953,1783971394.813812017,328.000,-89,38,31,0x08,LE 1M
3452,Inconnu,inconnue,1783971395.292579889,1783971395.292715788,136.000,-91,39,7,0x07,LE 1M
3460,Inconnu,inconnue,1783971395.493201017,1783971395.493336916,136.000,-92,38,7,0x07,LE 1M
3471,Inconnu,inconnue,1783971395.803699017,1783971395.803834915,136.000,-85,37,7,0x07,LE 1M
3490,Inconnu,inconnue,1783971396.360980034,1783971396.361115932,136.000,-87,38,7,0x07,LE 1M
3498,Inconnu,inconnue,1783971396.540836096,1783971396.540971994,136.000,-86,37,7,0x07,LE 1M
3507,Inconnu,inconnue,1783971396.842658043,1783971396.842793941,136.000,-82,37,7,0x07,LE 1M
3517,Inconnu,inconnue,1783971397.154083014,1783971397.154218912,136.000,-86,38,7,0x07,LE 1M
3523,Inconnu,inconnue,1783971397.335879087,1783971397.336014986,136.000,-87,38,7,0x07,LE 1M
3531,Inconnu,inconnue,1783971397.622490883,1783971397.622626781,136.000,-83,37,7,0x07,LE 1M
3544,Inconnu,inconnue,1783971398.021498919,1783971398.021634817,136.000,-89,38,7,0x07,LE 1M
3558,Inconnu,inconnue,1783971398.451406956,1783971398.451542854,136.000,-84,37,7,0x07,LE 1M
3588,Inconnu,inconnue,1783971399.247092009,1783971399.247227907,136.000,-84,37,7,0x07,LE 1M
3608,Inconnu,inconnue,1783971399.826591969,1783971399.826727867,136.000,-91,39,7,0x07,LE 1M
3625,Inconnu,inconnue,1783971400.334347010,1783971400.334482908,136.000,-89,38,7,0x07,LE 1M
3632,Inconnu,inconnue,1783971400.578145981,1783971400.578281879,136.000,-90,39,7,0x07,LE 1M
3638,Inconnu,inconnue,1783971400.770574093,1783971400.770709991,136.000,-91,39,7,0x07,LE 1M
3652,Inconnu,inconnue,1783971401.108357906,1783971401.108493805,136.000,-88,38,7,0x07,LE 1M
3663,Inconnu,inconnue,1783971401.421061039,1783971401.421196938,136.000,-84,37,7,0x07,LE 1M
3666,Inconnu,inconnue,1783971401.531095028,1783971401.531230927,136.000,-84,37,7,0x07,LE 1M
3680,Inconnu,inconnue,1783971401.913006067,1783971401.913141966,136.000,-91,39,7,0x07,LE 1M
3696,Inconnu,inconnue,1783971402.356770992,1783971402.356906891,136.000,-84,37,7,0x07,LE 1M
3702,Inconnu,inconnue,1783971402.520384073,1783971402.520519972,136.000,-85,37,7,0x07,LE 1M
3713,Inconnu,inconnue,1783971402.829174042,1783971402.829309940,136.000,-91,39,7,0x07,LE 1M
3726,Inconnu,inconnue,1783971403.230406046,1783971403.230541945,136.000,-86,37,7,0x07,LE 1M
3735,Inconnu,inconnue,1783971403.483371973,1783971403.483507872,136.000,-84,37,7,0x07,LE 1M
3750,Inconnu,inconnue,1783971403.890081882,1783971403.890217781,136.000,-84,37,7,0x07,LE 1M
3771,Inconnu,inconnue,1783971404.501842976,1783971404.501978874,136.000,-83,37,7,0x07,LE 1M
3783,Inconnu,inconnue,1783971404.848572016,1783971404.848707914,136.000,-85,37,7,0x07,LE 1M
3795,Inconnu,inconnue,1783971405.127522945,1783971405.127658844,136.000,-83,37,7,0x07,LE 1M
3806,Inconnu,inconnue,1783971405.396724939,1783971405.396860838,136.000,-90,39,7,0x07,LE 1M
3818,Inconnu,inconnue,1783971405.719350100,1783971405.719485998,136.000,-89,39,7,0x07,LE 1M
3831,Inconnu,inconnue,1783971406.116278887,1783971406.116414785,136.000,-83,37,7,0x07,LE 1M
3832,Inconnu,inconnue,1783971406.143465996,1783971406.143546104,80.000,-87,38,0,0x00,LE 1M
3841,Inconnu,inconnue,1783971406.396490097,1783971406.396625996,136.000,-89,38,7,0x07,LE 1M
3852,Inconnu,inconnue,1783971406.716408968,1783971406.716544867,136.000,-82,37,7,0x07,LE 1M
3878,Inconnu,inconnue,1783971407.451456070,1783971407.451591969,136.000,-94,39,7,0x07,LE 1M
3891,Inconnu,inconnue,1783971407.814764023,1783971407.814899921,136.000,-85,37,7,0x07,LE 1M
3900,Inconnu,inconnue,1783971408.072611094,1783971408.072746992,136.000,-85,37,7,0x07,LE 1M
3915,Inconnu,inconnue,1783971408.549916983,1783971408.550052881,136.000,-85,37,7,0x07,LE 1M
3927,Inconnu,inconnue,1783971408.889764071,1783971408.889852047,88.000,-96,37,1,0x00,LE 1M
3936,Inconnu,inconnue,1783971409.142416000,1783971409.142551899,136.000,-84,37,7,0x07,LE 1M
3978,Inconnu,inconnue,1783971410.337378025,1783971410.337513924,136.000,-84,37,7,0x07,LE 1M
4015,Inconnu,inconnue,1783971411.374372959,1783971411.374669075,296.000,-82,38,27,0x0c,LE 1M
4017,Inconnu,inconnue,1783971411.417284966,1783971411.417420864,136.000,-82,37,7,0x07,LE 1M
4033,Inconnu,inconnue,1783971411.779270887,1783971411.779406786,136.000,-87,38,7,0x07,LE 1M
4035,Inconnu,inconnue,1783971411.838629961,1783971411.838765860,136.000,-84,37,7,0x07,LE 1M
4044,Inconnu,inconnue,1783971412.083986998,1783971412.084122896,136.000,-85,37,7,0x07,LE 1M
4065,Inconnu,inconnue,1783971412.737938881,1783971412.738074780,136.000,-84,37,7,0x07,LE 1M
4074,Inconnu,inconnue,1783971413.048954964,1783971413.049090862,136.000,-85,37,7,0x07,LE 1M
4092,Inconnu,inconnue,1783971413.572175980,1783971413.572311878,136.000,-86,37,7,0x07,LE 1M
4095,Inconnu,inconnue,1783971413.653152943,1783971413.653288841,136.000,-83,37,7,0x07,LE 1M
4101,Inconnu,inconnue,1783971413.716948032,1783971413.717083931,136.000,-84,37,7,0x07,LE 1M
4114,Inconnu,inconnue,1783971413.781429052,1783971413.781701088,272.000,-86,38,24,0x0c,LE 1M
4140,Inconnu,inconnue,1783971414.480627060,1783971414.480762959,136.000,-86,37,7,0x07,LE 1M
4182,Inconnu,inconnue,1783971415.792176008,1783971415.792311907,136.000,-84,37,7,0x07,LE 1M
4194,Inconnu,inconnue,1783971416.103317022,1783971416.103452921,136.000,-85,37,7,0x07,LE 1M
4195,Inconnu,inconnue,1783971416.136814117,1783971416.137078047,264.000,-80,38,23,0x0c,LE 1M
4213,Inconnu,inconnue,1783971416.630883932,1783971416.631131887,248.000,-73,38,21,0x0c,LE 1M
4219,Inconnu,inconnue,1783971416.740710974,1783971416.741039038,328.000,-88,38,31,0x0c,LE 1M
4230,Inconnu,inconnue,1783971417.007839918,1783971417.007975817,136.000,-85,37,7,0x07,LE 1M
4234,Inconnu,inconnue,1783971417.133064032,1783971417.133199930,136.000,-89,38,7,0x07,LE 1M
4247,Inconnu,inconnue,1783971417.487021923,1783971417.487157822,136.000,-91,39,7,0x07,LE 1M
4260,Inconnu,inconnue,1783971417.793867111,1783971417.794003010,136.000,-84,37,7,0x07,LE 1M
4290,Inconnu,inconnue,1783971418.681607008,1783971418.681742907,136.000,-84,37,7,0x07,LE 1M
4305,Inconnu,inconnue,1783971419.150062084,1783971419.150197983,136.000,-84,37,7,0x07,LE 1M
4371,Inconnu,inconnue,1783971420.950679064,1783971420.950814962,136.000,-85,37,7,0x07,LE 1M
4380,Inconnu,inconnue,1783971421.222250938,1783971421.222386837,136.000,-84,37,7,0x07,LE 1M
4389,Inconnu,inconnue,1783971421.526604891,1783971421.526884794,280.000,-95,37,25,0x08,LE 1M
4390,Inconnu,inconnue,1783971421.554138899,1783971421.554514885,376.000,-83,38,37,0x0c,LE 1M
4395,Inconnu,inconnue,1783971421.710129023,1783971421.710264921,136.000,-83,37,7,0x07,LE 1M
4401,Inconnu,inconnue,1783971421.912141085,1783971421.912276983,136.000,-84,37,7,0x07,LE 1M
4416,Inconnu,inconnue,1783971422.318788052,1783971422.318923950,136.000,-84,37,7,0x07,LE 1M
4434,Inconnu,inconnue,1783971422.848382950,1783971422.848518848,136.000,-84,37,7,0x07,LE 1M
4473,Inconnu,inconnue,1783971423.972439051,1783971423.972574949,136.000,-84,37,7,0x07,LE 1M
4511,Inconnu,inconnue,1783971425.005655050,1783971425.005790949,136.000,-91,39,7,0x07,LE 1M
4530,Inconnu,inconnue,1783971425.446144104,1783971425.446280003,136.000,-86,37,7,0x07,LE 1M
4560,Inconnu,inconnue,1783971426.189975023,1783971426.190110922,136.000,-84,37,7,0x07,LE 1M
4566,Inconnu,inconnue,1783971426.407897949,1783971426.408033848,136.000,-83,37,7,0x07,LE 1M
4570,Inconnu,inconnue,1783971426.534707069,1783971426.534842968,136.000,-88,38,7,0x07,LE 1M
4605,Inconnu,inconnue,1783971427.561232090,1783971427.561360121,128.000,-84,37,6,0x07,LE 1M
4647,Inconnu,inconnue,1783971428.797585011,1783971428.797720909,136.000,-87,37,7,0x07,LE 1M
4653,Inconnu,inconnue,1783971428.981101036,1783971428.981236935,136.000,-84,37,7,0x07,LE 1M
4660,Inconnu,inconnue,1783971429.200134993,1783971429.200398922,264.000,-97,38,23,0x0c,LE 1M
4680,Inconnu,inconnue,1783971429.751130104,1783971429.751266003,136.000,-84,37,7,0x07,LE 1M
4692,Inconnu,inconnue,1783971430.136226892,1783971430.136362791,136.000,-84,37,7,0x07,LE 1M
4711,Inconnu,inconnue,1783971430.755805969,1783971430.755941868,136.000,-88,38,7,0x07,LE 1M
4714,Inconnu,inconnue,1783971430.831808090,1783971430.832087994,280.000,-84,38,25,0x0c,LE 1M
4722,Inconnu,inconnue,1783971431.075287104,1783971431.075423002,136.000,-84,37,7,0x07,LE 1M
4735,Inconnu,inconnue,1783971431.430357933,1783971431.430549860,192.000,-84,38,14,0x0c,LE 1M
4743,Inconnu,inconnue,1783971431.676882982,1783971431.677018881,136.000,-83,37,7,0x07,LE 1M
4779,Inconnu,inconnue,1783971432.806313992,1783971432.806449890,136.000,-84,37,7,0x07,LE 1M
4815,Inconnu,inconnue,1783971433.882905006,1783971433.883040905,136.000,-85,37,7,0x07,LE 1M
4842,Inconnu,inconnue,1783971434.742252111,1783971434.742388010,136.000,-84,37,7,0x07,LE 1M
4848,Inconnu,inconnue,1783971434.941128016,1783971434.941263914,136.000,-83,37,7,0x07,LE 1M
4856,Inconnu,inconnue,1783971435.209193945,1783971435.209329844,136.000,-94,39,7,0x07,LE 1M
4923,Inconnu,inconnue,1783971437.248673916,1783971437.248809814,136.000,-85,37,7,0x07,LE 1M
4940,Inconnu,inconnue,1783971437.811268091,1783971437.811403990,136.000,-93,39,7,0x07,LE 1M
4980,Inconnu,inconnue,1783971438.941920042,1783971438.942055941,136.000,-85,37,7,0x07,LE 1M
5000,Inconnu,inconnue,1783971439.577969074,1783971439.578104973,136.000,-94,39,7,0x07,LE 1M
5013,Inconnu,inconnue,1783971439.971810102,1783971439.971946001,136.000,-87,37,7,0x07,LE 1M
5029,Inconnu,inconnue,1783971440.495387077,1783971440.495522976,136.000,-89,38,7,0x07,LE 1M
5043,Inconnu,inconnue,1783971440.944905996,1783971440.945041895,136.000,-84,37,7,0x07,LE 1M
5065,Inconnu,inconnue,1783971441.526118040,1783971441.526253939,136.000,-90,38,7,0x07,LE 1M
5073,Inconnu,inconnue,1783971441.750919104,1783971441.751055002,136.000,-84,37,7,0x07,LE 1M
5116,Inconnu,inconnue,1783971443.040242910,1783971443.040378809,136.000,-89,38,7,0x07,LE 1M
5130,Inconnu,inconnue,1783971443.491492033,1783971443.491627932,136.000,-84,37,7,0x07,LE 1M
5160,Inconnu,inconnue,1783971444.340612888,1783971444.340748787,136.000,-83,37,7,0x07,LE 1M
5187,Inconnu,inconnue,1783971445.117281914,1783971445.117417812,136.000,-84,37,7,0x07,LE 1M
5193,Inconnu,inconnue,1783971445.259116888,1783971445.259252787,136.000,-84,37,7,0x07,LE 1M
5232,Inconnu,inconnue,1783971446.417176962,1783971446.417312860,136.000,-84,37,7,0x07,LE 1M
5244,Inconnu,inconnue,1783971446.708872080,1783971446.709007978,136.000,-84,37,7,0x07,LE 1M
5251,Inconnu,inconnue,1783971446.977452993,1783971446.977588892,136.000,-90,38,7,0x07,LE 1M
5257,Inconnu,inconnue,1783971447.139966965,1783971447.140102863,136.000,-89,38,7,0x07,LE 1M
5265,Inconnu,inconnue,1783971447.212076902,1783971447.212212801,136.000,-84,37,7,0x07,LE 1M
5268,Inconnu,inconnue,1783971447.246684074,1783971447.246819973,136.000,-84,37,7,0x07,LE 1M
5292,Inconnu,inconnue,1783971448.070643902,1783971448.070779800,136.000,-84,37,7,0x07,LE 1M
5295,Inconnu,inconnue,1783971448.176841974,1783971448.176977873,136.000,-84,37,7,0x07,LE 1M
5305,Inconnu,inconnue,1783971448.495814085,1783971448.495949984,136.000,-89,38,7,0x07,LE 1M
5331,Inconnu,inconnue,1783971449.270884991,1783971449.271020889,136.000,-84,37,7,0x07,LE 1M
5338,Inconnu,inconnue,1783971449.451560020,1783971449.451695919,136.000,-88,38,7,0x07,LE 1M
5351,Inconnu,inconnue,1783971449.801351070,1783971449.801486969,136.000,-92,39,7,0x07,LE 1M
5358,Inconnu,inconnue,1783971450.027827024,1783971450.027962923,136.000,-86,37,7,0x07,LE 1M
5361,Inconnu,inconnue,1783971450.115823984,1783971450.115959883,136.000,-84,37,7,0x07,LE 1M
5380,Inconnu,inconnue,1783971450.650212049,1783971450.650347948,136.000,-89,38,7,0x07,LE 1M
5391,Inconnu,inconnue,1783971450.962877035,1783971450.963012934,136.000,-85,37,7,0x07,LE 1M
5430,Inconnu,inconnue,1783971452.149460077,1783971452.149595976,136.000,-85,37,7,0x07,LE 1M
5449,Inconnu,inconnue,1783971452.743005991,1783971452.743141890,136.000,-91,38,7,0x07,LE 1M
5457,Inconnu,inconnue,1783971453.017400026,1783971453.017535925,136.000,-84,37,7,0x07,LE 1M
5469,Inconnu,inconnue,1783971453.370379925,1783971453.370515823,136.000,-84,37,7,0x07,LE 1M
5481,Inconnu,inconnue,1783971453.705600023,1783971453.705735922,136.000,-84,37,7,0x07,LE 1M
5484,Inconnu,inconnue,1783971453.833142996,1783971453.833278894,136.000,-84,37,7,0x07,LE 1M
5493,Inconnu,inconnue,1783971454.109280109,1783971454.109416008,136.000,-86,37,7,0x07,LE 1M
5503,Inconnu,inconnue,1783971454.330532074,1783971454.330667973,136.000,-92,38,7,0x07,LE 1M
5511,Inconnu,inconnue,1783971454.564071894,1783971454.564207792,136.000,-84,37,7,0x07,LE 1M
5517,Inconnu,inconnue,1783971454.731290102,1783971454.731426001,136.000,-83,37,7,0x07,LE 1M
5535,Inconnu,inconnue,1783971455.328279018,1783971455.328414917,136.000,-85,37,7,0x07,LE 1M
5547,Inconnu,inconnue,1783971455.726636887,1783971455.726772785,136.000,-85,37,7,0x07,LE 1M
5559,Inconnu,inconnue,1783971455.996573925,1783971455.996709824,136.000,-85,37,7,0x07,LE 1M
5565,Inconnu,inconnue,1783971456.166634083,1783971456.166769981,136.000,-84,37,7,0x07,LE 1M
5571,Inconnu,inconnue,1783971456.287329912,1783971456.287465811,136.000,-84,37,7,0x07,LE 1M
5574,Inconnu,inconnue,1783971456.366385937,1783971456.366521835,136.000,-86,37,7,0x07,LE 1M
5577,Inconnu,inconnue,1783971456.414809942,1783971456.415185928,376.000,-87,37,37,0x0a,LE 1M
5578,Inconnu,inconnue,1783971456.436064005,1783971456.436199903,136.000,-90,38,7,0x07,LE 1M
5601,Inconnu,inconnue,1783971457.022267103,1783971457.022403002,136.000,-86,37,7,0x07,LE 1M
5604,Inconnu,inconnue,1783971457.133280993,1783971457.133416891,136.000,-86,37,7,0x07,LE 1M
5617,Inconnu,inconnue,1783971457.524914026,1783971457.525049925,136.000,-90,38,7,0x07,LE 1M
5631,Inconnu,inconnue,1783971457.958039045,1783971457.958174944,136.000,-84,37,7,0x07,LE 1M
5637,Inconnu,inconnue,1783971458.131019115,1783971458.131155014,136.000,-86,37,7,0x07,LE 1M
5650,Inconnu,inconnue,1783971458.529699087,1783971458.529834986,136.000,-90,38,7,0x07,LE 1M
5667,Inconnu,inconnue,1783971459.073026896,1783971459.073162794,136.000,-84,37,7,0x07,LE 1M
5673,Inconnu,inconnue,1783971459.291300058,1783971459.291435957,136.000,-85,37,7,0x07,LE 1M
5683,Inconnu,inconnue,1783971459.597748995,1783971459.597884893,136.000,-87,38,7,0x07,LE 1M
5694,Inconnu,inconnue,1783971459.912075043,1783971459.912210941,136.000,-86,37,7,0x07,LE 1M
5720,Inconnu,inconnue,1783971460.673213005,1783971460.673348904,136.000,-91,39,7,0x07,LE 1M
5724,Inconnu,inconnue,1783971460.770178080,1783971460.770313978,136.000,-85,37,7,0x07,LE 1M
5729,Inconnu,inconnue,1783971460.935349941,1783971460.935485840,136.000,-92,39,7,0x07,LE 1M
5735,Inconnu,inconnue,1783971461.122231007,1783971461.122366905,136.000,-92,39,7,0x07,LE 1M
5742,Inconnu,inconnue,1783971461.304781914,1783971461.304917812,136.000,-86,37,7,0x07,LE 1M
5746,Inconnu,inconnue,1783971461.444421053,1783971461.444700956,280.000,-80,38,25,0x08,LE 1M
5754,Inconnu,inconnue,1783971461.636246920,1783971461.636382818,136.000,-87,37,7,0x07,LE 1M
5769,Inconnu,inconnue,1783971462.060523033,1783971462.060658932,136.000,-85,37,7,0x07,LE 1M
5796,Inconnu,inconnue,1783971462.828448057,1783971462.828583956,136.000,-87,37,7,0x07,LE 1M
5809,Inconnu,inconnue,1783971463.192070961,1783971463.192206860,136.000,-89,38,7,0x07,LE 1M
5835,Inconnu,inconnue,1783971464.049048901,1783971464.049184799,136.000,-84,37,7,0x07,LE 1M
5846,Inconnu,inconnue,1783971464.354454994,1783971464.354655027,200.000,-93,39,15,0x07,LE 1M
5853,Inconnu,inconnue,1783971464.531743050,1783971464.531878948,136.000,-84,37,7,0x07,LE 1M
5866,Inconnu,inconnue,1783971464.844561100,1783971464.844696999,136.000,-87,38,7,0x07,LE 1M
5886,Inconnu,inconnue,1783971465.292660952,1783971465.292796850,136.000,-86,37,7,0x07,LE 1M
5922,Inconnu,inconnue,1783971466.397280931,1783971466.397416830,136.000,-85,37,7,0x07,LE 1M
5925,Inconnu,inconnue,1783971466.478312016,1783971466.478447914,136.000,-85,37,7,0x07,LE 1M
5955,Inconnu,inconnue,1783971467.391984940,1783971467.392120838,136.000,-85,37,7,0x07,LE 1M
5994,Inconnu,inconnue,1783971468.606678963,1783971468.606814861,136.000,-87,37,7,0x07,LE 1M
6000,Inconnu,inconnue,1783971468.767497063,1783971468.767632961,136.000,-84,37,7,0x07,LE 1M
6006,Inconnu,inconnue,1783971468.960084915,1783971468.960220814,136.000,-86,37,7,0x07,LE 1M
6033,Inconnu,inconnue,1783971469.766186953,1783971469.766322851,136.000,-84,37,7,0x07,LE 1M
6036,Inconnu,inconnue,1783971469.856241941,1783971469.856377840,136.000,-87,37,7,0x07,LE 1M
6048,Inconnu,inconnue,1783971470.216496944,1783971470.216665030,168.000,-86,37,11,0x07,LE 1M
6054,Inconnu,inconnue,1783971470.416596889,1783971470.416732788,136.000,-85,37,7,0x07,LE 1M
6078,Inconnu,inconnue,1783971471.123578072,1783971471.123713970,136.000,-87,37,7,0x07,LE 1M
6084,Inconnu,inconnue,1783971471.292866945,1783971471.293002844,136.000,-88,37,7,0x07,LE 1M
6108,Inconnu,inconnue,1783971472.067378998,1783971472.067514896,136.000,-86,37,7,0x07,LE 1M
6124,Inconnu,inconnue,1783971472.559393883,1783971472.559529781,136.000,-86,38,7,0x07,LE 1M
6132,Inconnu,inconnue,1783971472.775835037,1783971472.775970936,136.000,-84,37,7,0x07,LE 1M
6139,Inconnu,inconnue,1783971472.990407944,1783971472.990543842,136.000,-87,38,7,0x07,LE 1M
6150,Inconnu,inconnue,1783971473.287175894,1783971473.287311792,136.000,-87,37,7,0x07,LE 1M
6156,Inconnu,inconnue,1783971473.466140985,1783971473.466276884,136.000,-86,37,7,0x07,LE 1M
6161,Inconnu,inconnue,1783971473.586263895,1783971473.586399794,136.000,-94,39,7,0x07,LE 1M
6165,Inconnu,inconnue,1783971473.707360029,1783971473.707495928,136.000,-86,37,7,0x07,LE 1M
6166,Inconnu,inconnue,1783971473.756159067,1783971473.756294966,136.000,-87,38,7,0x07,LE 1M
6171,Inconnu,inconnue,1783971473.838870049,1783971473.839005947,136.000,-86,37,7,0x07,LE 1M
6174,Inconnu,inconnue,1783971473.853828907,1783971473.853964806,136.000,-85,37,7,0x07,LE 1M
6184,Inconnu,inconnue,1783971473.921794891,1783971473.921930790,136.000,-87,38,7,0x07,LE 1M
6201,Inconnu,inconnue,1783971474.400546074,1783971474.400681973,136.000,-85,37,7,0x07,LE 1M
6207,Inconnu,inconnue,1783971474.554521084,1783971474.554656982,136.000,-85,37,7,0x07,LE 1M
6229,Inconnu,inconnue,1783971475.336503029,1783971475.336638927,136.000,-86,38,7,0x07,LE 1M
6259,Inconnu,inconnue,1783971477.806392908,1783971477.806528807,136.000,-88,38,7,0x07,LE 1M
6295,Inconnu,inconnue,1783971479.107719898,1783971479.108055830,336.000,-77,38,32,0x07,LE 1M
6300,Inconnu,inconnue,1783971479.221295118,1783971479.221431017,136.000,-84,37,7,0x07,LE 1M
6312,Inconnu,inconnue,1783971479.624584913,1783971479.624720812,136.000,-86,37,7,0x07,LE 1M
6318,Inconnu,inconnue,1783971480.162086010,1783971480.162221909,136.000,-87,37,7,0x07,LE 1M
6329,Inconnu,inconnue,1783971480.619234085,1783971480.619362116,128.000,-92,39,6,0x07,LE 1M
6369,Inconnu,inconnue,1783971482.341093063,1783971482.341228962,136.000,-87,37,7,0x07,LE 1M
6390,Inconnu,inconnue,1783971483.461961031,1783971483.462096930,136.000,-85,37,7,0x0b,LE 1M
6421,Inconnu,inconnue,1783971484.462002039,1783971484.462346077,344.000,-82,38,33,0x0c,LE 1M
6434,Inconnu,inconnue,1783971484.809437037,1783971484.809572935,136.000,-93,39,7,0x05,LE 1M
6479,Inconnu,inconnue,1783971486.053606987,1783971486.053742886,136.000,-94,39,7,0x07,LE 1M
6487,Inconnu,inconnue,1783971486.379348040,1783971486.379483938,136.000,-89,38,7,0x07,LE 1M
6525,Inconnu,inconnue,1783971487.511415005,1783971487.511550903,136.000,-82,37,7,0x07,LE 1M
6561,Inconnu,inconnue,1783971488.545444012,1783971488.545579910,136.000,-88,37,7,0x07,LE 1M
6572,Inconnu,inconnue,1783971488.893796921,1783971488.893932819,136.000,-94,39,7,0x07,LE 1M
6589,Inconnu,inconnue,1783971489.749983072,1783971489.750071049,88.000,-80,38,1,0x00,LE 1M
6614,Inconnu,inconnue,1783971490.825795889,1783971490.825931787,136.000,-94,39,7,0x07,LE 1M
6643,Inconnu,inconnue,1783971491.703049898,1783971491.703137875,88.000,-81,38,1,0x00,LE 1M
6649,Inconnu,inconnue,1783971491.860584974,1783971491.860720873,136.000,-87,38,7,0x07,LE 1M
6666,Inconnu,inconnue,1783971492.429714918,1783971492.429850817,136.000,-87,37,7,0x07,LE 1M
6670,Inconnu,inconnue,1783971492.565263987,1783971492.565399885,136.000,-87,38,7,0x07,LE 1M
6693,Inconnu,inconnue,1783971493.249038935,1783971493.249174833,136.000,-87,37,7,0x07,LE 1M
6697,Inconnu,inconnue,1783971493.376616001,1783971493.376751900,136.000,-86,38,7,0x07,LE 1M
6708,Inconnu,inconnue,1783971493.674529076,1783971493.674664974,136.000,-86,37,7,0x07,LE 1M
6714,Inconnu,inconnue,1783971493.862672091,1783971493.862807989,136.000,-87,37,7,0x07,LE 1M
6732,Inconnu,inconnue,1783971494.394629955,1783971494.394765854,136.000,-85,37,7,0x07,LE 1M
6738,Inconnu,inconnue,1783971494.557518959,1783971494.557654858,136.000,-87,37,7,0x07,LE 1M
6747,Inconnu,inconnue,1783971494.833867073,1783971494.834002972,136.000,-87,37,7,0x07,LE 1M
6750,Inconnu,inconnue,1783971495.004812956,1783971495.004948854,136.000,-85,37,7,0x07,LE 1M
6762,Inconnu,inconnue,1783971495.366760015,1783971495.366895914,136.000,-85,37,7,0x07,LE 1M
6777,Inconnu,inconnue,1783971496.447510004,1783971496.447645903,136.000,-86,37,7,0x07,LE 1M
6783,Inconnu,inconnue,1783971496.985511065,1783971496.985646963,136.000,-89,37,7,0x07,LE 1M
6790,Inconnu,inconnue,1783971497.437913895,1783971497.438049793,136.000,-89,38,7,0x07,LE 1M
6813,Inconnu,inconnue,1783971498.712619066,1783971498.712754965,136.000,-87,37,7,0x07,LE 1M
6864,Inconnu,inconnue,1783971501.617237091,1783971501.617372990,136.000,-86,37,7,0x07,LE 1M
6866,Inconnu,inconnue,1783971501.758388042,1783971501.758523941,136.000,-93,39,7,0x07,LE 1M
6876,Inconnu,inconnue,1783971502.117542982,1783971502.117678881,136.000,-87,37,7,0x07,LE 1M
6885,Inconnu,inconnue,1783971502.431516886,1783971502.431652784,136.000,-86,37,7,0x07,LE 1M
6893,Inconnu,inconnue,1783971502.859575987,1783971502.859711885,136.000,-94,39,7,0x07,LE 1M
6904,Inconnu,inconnue,1783971503.216588020,1783971503.216723919,136.000,-85,38,7,0x07,LE 1M
6912,Inconnu,inconnue,1783971503.420653105,1783971503.420789003,136.000,-89,37,7,0x07,LE 1M
6915,Inconnu,inconnue,1783971503.527149916,1783971503.527285814,136.000,-87,37,7,0x07,LE 1M
6924,Inconnu,inconnue,1783971504.088911057,1783971504.089046955,136.000,-87,37,7,0x07,LE 1M
6964,Inconnu,inconnue,1783971506.270556927,1783971506.270692825,136.000,-89,38,7,0x07,LE 1M
6973,Inconnu,inconnue,1783971507.084841013,1783971507.085057020,216.000,-82,38,17,0x0c,LE 1M
6993,Inconnu,inconnue,1783971507.925975084,1783971507.926110983,136.000,-87,37,7,0x07,LE 1M
7001,Inconnu,inconnue,1783971508.165235043,1783971508.165370941,136.000,-94,39,7,0x07,LE 1M
7026,Inconnu,inconnue,1783971509.170669079,1783971509.170804977,136.000,-87,37,7,0x07,LE 1M
7038,Inconnu,inconnue,1783971509.854648113,1783971509.854784012,136.000,-87,37,7,0x07,LE 1M
7074,Inconnu,inconnue,1783971511.839699984,1783971511.839835882,136.000,-89,37,7,0x07,LE 1M
7080,Inconnu,inconnue,1783971512.192904949,1783971512.193040848,136.000,-87,37,7,0x07,LE 1M
7090,Inconnu,inconnue,1783971512.872363091,1783971512.872498989,136.000,-91,38,7,0x07,LE 1M
7101,Inconnu,inconnue,1783971513.223392963,1783971513.223528862,136.000,-86,37,7,0x07,LE 1M
7125,Inconnu,inconnue,1783971515.343746901,1783971515.343882799,136.000,-89,37,7,0x07,LE 1M
7126,Inconnu,inconnue,1783971515.517679930,1783971515.517815828,136.000,-90,38,7,0x07,LE 1M
7131,Inconnu,inconnue,1783971515.677889109,1783971515.678017139,128.000,-86,37,6,0x07,LE 1M
7158,Inconnu,inconnue,1783971517.559003115,1783971517.559139013,136.000,-86,37,7,0x07,LE 1M
7164,Inconnu,inconnue,1783971517.886095047,1783971517.886230946,136.000,-87,37,7,0x07,LE 1M
7166,Inconnu,inconnue,1783971518.013077021,1783971518.013212919,136.000,-91,39,7,0x07,LE 1M
7173,Inconnu,inconnue,1783971518.217032909,1783971518.217168808,136.000,-86,37,7,0x07,LE 1M
7182,Inconnu,inconnue,1783971518.479562998,1783971518.479698896,136.000,-88,37,7,0x07,LE 1M
7199,Inconnu,inconnue,1783971519.384382010,1783971519.384517908,136.000,-91,39,7,0x07,LE 1M
7221,Inconnu,inconnue,1783971520.521667004,1783971520.521802902,136.000,-87,37,7,0x07,LE 1M
7234,Inconnu,inconnue,1783971521.384133101,1783971521.384268999,136.000,-91,38,7,0x07,LE 1M
7251,Inconnu,inconnue,1783971522.818269968,1783971522.818405867,136.000,-85,37,7,0x07,LE 1M
7260,Inconnu,inconnue,1783971523.290512085,1783971523.290647984,136.000,-87,37,7,0x07,LE 1M
7269,Inconnu,inconnue,1783971524.357645035,1783971524.357780933,136.000,-87,37,7,0x07,LE 1M
7273,Inconnu,inconnue,1783971524.482768059,1783971524.482903957,136.000,-89,38,7,0x07,LE 1M
7279,Inconnu,inconnue,1783971524.789967060,1783971524.790102959,136.000,-90,38,7,0x07,LE 1M
7286,Inconnu,inconnue,1783971525.005405903,1783971525.005541801,136.000,-94,39,7,0x07,LE 1M
7302,Inconnu,inconnue,1783971526.041795969,1783971526.041931868,136.000,-87,37,7,0x07,LE 1M
7309,Inconnu,inconnue,1783971526.211749077,1783971526.211884975,136.000,-91,38,7,0x07,LE 1M
7321,Inconnu,inconnue,1783971527.098267078,1783971527.098402977,136.000,-90,38,7,0x07,LE 1M
7326,Inconnu,inconnue,1783971527.300299883,1783971527.300435781,136.000,-91,37,7,0x07,LE 1M
7336,Inconnu,inconnue,1783971527.746479034,1783971527.746614933,136.000,-91,38,7,0x07,LE 1M
7358,Inconnu,inconnue,1783971529.130652905,1783971529.130788803,136.000,-91,39,7,0x07,LE 1M
7366,Inconnu,inconnue,1783971529.633766890,1783971529.633854866,88.000,-80,38,1,0x00,LE 1M
7371,Inconnu,inconnue,1783971529.783797979,1783971529.783933878,136.000,-93,37,7,0x07,LE 1M
7390,Inconnu,inconnue,1783971531.425873995,1783971531.426009893,136.000,-91,38,7,0x07,LE 1M
7399,Inconnu,inconnue,1783971531.644506931,1783971531.644642830,136.000,-93,38,7,0x07,LE 1M
7436,Inconnu,inconnue,1783971533.267234087,1783971533.267369986,136.000,-91,39,7,0x07,LE 1M
7446,Inconnu,inconnue,1783971534.190910101,1783971534.191046000,136.000,-91,37,7,0x07,LE 1M
7447,Inconnu,inconnue,1783971534.346055031,1783971534.346190929,136.000,-91,38,7,0x07,LE 1M
7464,Inconnu,inconnue,1783971535.314687967,1783971535.314823866,136.000,-90,37,7,0x07,LE 1M
7474,Inconnu,inconnue,1783971536.049757957,1783971536.049893856,136.000,-91,38,7,0x07,LE 1M
7479,Inconnu,inconnue,1783971536.224668026,1783971536.224803925,136.000,-89,37,7,0x07,LE 1M
7503,Inconnu,inconnue,1783971538.082758904,1783971538.082894802,136.000,-90,37,7,0x07,LE 1M
7504,Inconnu,inconnue,1783971538.084383011,1783971538.084655046,272.000,-82,38,24,0x0c,LE 1M
7521,Inconnu,inconnue,1783971539.611277103,1783971539.611413002,136.000,-94,37,7,0x07,LE 1M
7538,Inconnu,inconnue,1783971540.562511921,1783971540.562647820,136.000,-91,39,7,0x07,LE 1M
7587,Inconnu,inconnue,1783971543.508373022,1783971543.508508921,136.000,-91,37,7,0x07,LE 1M
7596,Inconnu,inconnue,1783971543.681777000,1783971543.681912899,136.000,-93,37,7,0x07,LE 1M
7597,Inconnu,inconnue,1783971543.803603888,1783971543.803739786,136.000,-92,38,7,0x07,LE 1M
7617,Inconnu,inconnue,1783971544.664014101,1783971544.664150000,136.000,-91,37,7,0x07,LE 1M
7641,Inconnu,inconnue,1783971545.812854052,1783971545.812989950,136.000,-88,37,7,0x07,LE 1M
7679,Inconnu,inconnue,1783971548.002100945,1783971548.002236843,136.000,-91,39,7,0x07,LE 1M
7684,Inconnu,inconnue,1783971548.279997110,1783971548.280269146,272.000,-82,38,24,0x0c,LE 1M
7695,Inconnu,inconnue,1783971548.773911953,1783971548.774047852,136.000,-88,37,7,0x07,LE 1M
7705,Inconnu,inconnue,1783971549.207669020,1783971549.207948923,280.000,-85,38,25,0x0c,LE 1M
7728,Inconnu,inconnue,1783971550.931874990,1783971550.932010889,136.000,-89,37,7,0x07,LE 1M
7770,Inconnu,inconnue,1783971552.236860991,1783971552.236996889,136.000,-88,37,7,0x07,LE 1M
7787,Inconnu,inconnue,1783971552.799225092,1783971552.799360991,136.000,-93,39,7,0x07,LE 1M
7801,Inconnu,inconnue,1783971553.213479042,1783971553.213614941,136.000,-90,38,7,0x07,LE 1M
7810,Inconnu,inconnue,1783971553.523715019,1783971553.523850918,136.000,-91,38,7,0x07,LE 1M
7815,Inconnu,inconnue,1783971553.669272900,1783971553.669408798,136.000,-91,37,7,0x07,LE 1M
7833,Inconnu,inconnue,1783971554.251626968,1783971554.251762867,136.000,-91,37,7,0x07,LE 1M
7878,Inconnu,inconnue,1783971557.391186953,1783971557.391322851,136.000,-92,37,7,0x07,LE 1M
7895,Inconnu,inconnue,1783971558.042085886,1783971558.042221785,136.000,-90,39,7,0x07,LE 1M
7897,Inconnu,inconnue,1783971558.149382114,1783971558.149518013,136.000,-91,38,7,0x07,LE 1M
7906,Inconnu,inconnue,1783971558.439080000,1783971558.439215899,136.000,-90,38,7,0x07,LE 1M
7914,Inconnu,inconnue,1783971558.721115112,1783971558.721251011,136.000,-91,37,7,0x07,LE 1M
7917,Inconnu,inconnue,1783971558.813045025,1783971558.813180923,136.000,-92,37,7,0x07,LE 1M
7926,Inconnu,inconnue,1783971559.174771070,1783971559.174906969,136.000,-90,37,7,0x07,LE 1M
7965,Inconnu,inconnue,1783971561.148715973,1783971561.148851871,136.000,-91,37,7,0x07,LE 1M
7968,Inconnu,inconnue,1783971561.420201063,1783971561.420336962,136.000,-91,37,7,0x07,LE 1M
8025,Inconnu,inconnue,1783971564.210618973,1783971564.210754871,136.000,-91,37,7,0x07,LE 1M
8033,Inconnu,inconnue,1783971564.512559891,1783971564.512695789,136.000,-88,39,7,0x07,LE 1M
8048,Inconnu,inconnue,1783971565.285717010,1783971565.285852909,136.000,-87,39,7,0x07,LE 1M
8054,Inconnu,inconnue,1783971565.604906082,1783971565.605041981,136.000,-89,39,7,0x07,LE 1M
8063,Inconnu,inconnue,1783971565.918337107,1783971565.918473005,136.000,-89,39,7,0x07,LE 1M
8085,Inconnu,inconnue,1783971566.836102962,1783971566.836238861,136.000,-91,37,7,0x07,LE 1M
8094,Inconnu,inconnue,1783971567.409620047,1783971567.409755945,136.000,-91,37,7,0x07,LE 1M
8166,Inconnu,inconnue,1783971571.723870993,1783971571.724006891,136.000,-90,37,7,0x07,LE 1M
8172,Inconnu,inconnue,1783971572.276655912,1783971572.276791811,136.000,-88,37,7,0x07,LE 1M
8208,Inconnu,inconnue,1783971574.334513903,1783971574.334649801,136.000,-89,37,7,0x07,LE 1M
8229,Inconnu,inconnue,1783971575.357455969,1783971575.357591867,136.000,-91,37,7,0x07,LE 1M
8247,Inconnu,inconnue,1783971576.066097021,1783971576.066232920,136.000,-89,37,7,0x07,LE 1M
8259,Inconnu,inconnue,1783971576.675209045,1783971576.675344944,136.000,-90,37,7,0x07,LE 1M
8282,Inconnu,inconnue,1783971577.642031908,1783971577.642167807,136.000,-98,39,7,0x07,LE 1M
8289,Inconnu,inconnue,1783971577.879483938,1783971577.879619837,136.000,-90,37,7,0x07,LE 1M
8298,Inconnu,inconnue,1783971578.273725986,1783971578.273861885,136.000,-93,37,7,0x07,LE 1M
8309,Inconnu,inconnue,1783971578.734904051,1783971578.735039949,136.000,-96,39,7,0x07,LE 1M
8320,Inconnu,inconnue,1783971579.349129915,1783971579.349265814,136.000,-91,38,7,0x07,LE 1M
8365,Inconnu,inconnue,1783971582.366552114,1783971582.366688013,136.000,-90,38,7,0x07,LE 1M
8390,Inconnu,inconnue,1783971583.578991890,1783971583.579127789,136.000,-97,39,7,0x07,LE 1M
8397,Inconnu,inconnue,1783971583.777057886,1783971583.777193785,136.000,-89,37,7,0x07,LE 1M
8430,Inconnu,inconnue,1783971585.425960064,1783971585.426095963,136.000,-89,37,7,0x07,LE 1M
8433,Inconnu,inconnue,1783971585.691142082,1783971585.691277981,136.000,-87,37,7,0x07,LE 1M
8478,Inconnu,inconnue,1783971587.528141022,1783971587.528276920,136.000,-86,37,7,0x07,LE 1M
8481,Inconnu,inconnue,1783971587.723130941,1783971587.723266840,136.000,-87,37,7,0x07,LE 1M
8491,Inconnu,inconnue,1783971588.111929893,1783971588.112145901,216.000,-85,38,17,0x0a,LE 1M
8500,Inconnu,inconnue,1783971588.465135098,1783971588.465270996,136.000,-89,38,7,0x07,LE 1M
8529,Inconnu,inconnue,1783971590.032161951,1783971590.032297850,136.000,-88,37,7,0x07,LE 1M
8538,Inconnu,inconnue,1783971590.419881105,1783971590.420009136,128.000,-87,37,6,0x07,LE 1M
8556,Inconnu,inconnue,1783971591.158904076,1783971591.159039974,136.000,-87,37,7,0x07,LE 1M
8563,Inconnu,inconnue,1783971591.570712090,1783971591.570847988,136.000,-91,38,7,0x07,LE 1M
8577,Inconnu,inconnue,1783971592.265818119,1783971592.265954018,136.000,-88,37,7,0x07,LE 1M
8583,Inconnu,inconnue,1783971592.486013889,1783971592.486149788,136.000,-87,37,7,0x07,LE 1M
8586,Inconnu,inconnue,1783971592.594974995,1783971592.595110893,136.000,-87,37,7,0x07,LE 1M
8604,Inconnu,inconnue,1783971593.131663084,1783971593.131798983,136.000,-89,37,7,0x07,LE 1M
8622,Inconnu,inconnue,1783971593.891577959,1783971593.891713858,136.000,-87,37,7,0x07,LE 1M
8639,Inconnu,inconnue,1783971594.492543936,1783971594.492631912,88.000,-98,39,1,0x00,LE 1M
8682,Inconnu,inconnue,1783971597.159085035,1783971597.159220934,136.000,-89,37,7,0x07,LE 1M
8691,Inconnu,inconnue,1783971597.927726030,1783971597.927861929,136.000,-86,37,7,0x07,LE 1M
8700,Inconnu,inconnue,1783971598.584893942,1783971598.585029840,136.000,-88,37,7,0x07,LE 1M
8703,Inconnu,inconnue,1783971598.869898081,1783971598.870290041,392.000,-87,37,39,0x07,LE 1M
8712,Inconnu,inconnue,1783971599.479310036,1783971599.479445934,136.000,-89,37,7,0x07,LE 1M
8718,Inconnu,inconnue,1783971600.314897060,1783971600.315032959,136.000,-88,37,7,0x07,LE 1M
8724,Inconnu,inconnue,1783971600.607134104,1783971600.607270002,136.000,-87,37,7,0x07,LE 1M
8728,Inconnu,inconnue,1783971601.029006004,1783971601.029141903,136.000,-90,38,7,0x07,LE 1M
8731,Inconnu,inconnue,1783971601.197032928,1783971601.197168827,136.000,-89,38,7,0x07,LE 1M
8738,Inconnu,inconnue,1783971601.556085110,1783971601.556357145,272.000,-98,39,24,0x08,LE 1M
8754,Inconnu,inconnue,1783971602.424386978,1783971602.424522877,136.000,-87,37,7,0x07,LE 1M
8757,Inconnu,inconnue,1783971602.606395960,1783971602.606531858,136.000,-87,37,7,0x07,LE 1M
8766,Inconnu,inconnue,1783971603.359530926,1783971603.359666824,136.000,-87,37,7,0x07,LE 1M
8793,Inconnu,inconnue,1783971605.207859039,1783971605.207994938,136.000,-89,37,7,0x07,LE 1M
8806,Inconnu,inconnue,1783971606.270962954,1783971606.271098852,136.000,-91,38,7,0x07,LE 1M
8808,Inconnu,inconnue,1783971606.415333986,1783971606.415469885,136.000,-89,37,7,0x07,LE 1M
8814,Inconnu,inconnue,1783971606.884835958,1783971606.884971857,136.000,-90,37,7,0x07,LE 1M
8844,Inconnu,inconnue,1783971608.632827997,1783971608.632963896,136.000,-89,37,7,0x03,LE 1M
8860,Inconnu,inconnue,1783971609.816150904,1783971609.816286802,136.000,-91,38,7,0x07,LE 1M
8868,Inconnu,inconnue,1783971610.341958046,1783971610.342093945,136.000,-90,37,7,0x07,LE 1M
8871,Inconnu,inconnue,1783971610.626280069,1783971610.626415968,136.000,-91,37,7,0x07,LE 1M
8883,Inconnu,inconnue,1783971611.835799932,1783971611.835935831,136.000,-90,37,7,0x07,LE 1M
8892,Inconnu,inconnue,1783971612.299855947,1783971612.299991846,136.000,-90,37,7,0x07,LE 1M
8895,Inconnu,inconnue,1783971612.395771027,1783971612.396147013,376.000,-88,37,37,0x0a,LE 1M
8907,Inconnu,inconnue,1783971613.223845959,1783971613.223981857,136.000,-91,37,7,0x07,LE 1M
8928,Inconnu,inconnue,1783971614.631004095,1783971614.631139994,136.000,-89,37,7,0x07,LE 1M
8931,Inconnu,inconnue,1783971614.917844057,1783971614.917979956,136.000,-89,37,7,0x07,LE 1M
8937,Inconnu,inconnue,1783971615.231528044,1783971615.231663942,136.000,-89,37,7,0x07,LE 1M
8940,Inconnu,inconnue,1783971615.512424946,1783971615.512560844,136.000,-90,37,7,0x07,LE 1M
8944,Inconnu,inconnue,1783971615.979886055,1783971615.980021954,136.000,-90,38,7,0x07,LE 1M
8953,Inconnu,inconnue,1783971616.551362038,1783971616.551506042,144.000,-96,38,8,0x08,LE 1M
8967,Inconnu,inconnue,1783971617.518161058,1783971617.518296957,136.000,-90,37,7,0x07,LE 1M
8977,Inconnu,inconnue,1783971618.343879938,1783971618.344015837,136.000,-89,38,7,0x07,LE 1M
8988,Inconnu,inconnue,1783971618.621601105,1783971618.621737003,136.000,-89,37,7,0x07,LE 1M
9000,Inconnu,inconnue,1783971619.282095909,1783971619.282231808,136.000,-89,37,7,0x07,LE 1M
9012,Inconnu,inconnue,1783971620.005882025,1783971620.006017923,136.000,-90,37,7,0x07,LE 1M
9030,Inconnu,inconnue,1783971621.226150990,1783971621.226286888,136.000,-89,37,7,0x07,LE 1M
9052,Inconnu,inconnue,1783971622.469443083,1783971622.469578981,136.000,-91,38,7,0x07,LE 1M
9057,Inconnu,inconnue,1783971622.652158976,1783971622.652294874,136.000,-89,37,7,0x07,LE 1M
9073,Inconnu,inconnue,1783971623.881160021,1783971623.881295919,136.000,-91,38,7,0x07,LE 1M
9075,Inconnu,inconnue,1783971624.039499044,1783971624.039875031,376.000,-89,37,37,0x0e,LE 1M
9087,Inconnu,inconnue,1783971624.660309076,1783971624.660444975,136.000,-87,37,7,0x07,LE 1M
9111,Inconnu,inconnue,1783971626.376472950,1783971626.376608849,136.000,-89,37,7,0x07,LE 1M
9138,Inconnu,inconnue,1783971628.387238026,1783971628.387373924,136.000,-89,37,7,0x07,LE 1M
9144,Inconnu,inconnue,1783971628.974409103,1783971628.974545002,136.000,-87,37,7,0x07,LE 1M
9169,Inconnu,inconnue,1783971630.714706898,1783971630.714842796,136.000,-89,38,7,0x07,LE 1M
9198,Inconnu,inconnue,1783971632.452091932,1783971632.452227831,136.000,-86,37,7,0x07,LE 1M
9234,Inconnu,inconnue,1783971634.690216064,1783971634.690351963,136.000,-86,37,7,0x07,LE 1M
9251,Inconnu,inconnue,1783971635.382746935,1783971635.382882833,136.000,-98,39,7,0x07,LE 1M
9267,Inconnu,inconnue,1783971635.971055984,1783971635.971191883,136.000,-87,37,7,0x07,LE 1M
9270,Inconnu,inconnue,1783971636.106291056,1783971636.106426954,136.000,-88,37,7,0x07,LE 1M
9300,Inconnu,inconnue,1783971637.885210991,1783971637.885346889,136.000,-88,37,7,0x07,LE 1M
9306,Inconnu,inconnue,1783971638.164119959,1783971638.164255857,136.000,-87,37,7,0x07,LE 1M
9318,Inconnu,inconnue,1783971638.886055946,1783971638.886191845,136.000,-87,37,7,0x07,LE 1M
9333,Inconnu,inconnue,1783971639.914957047,1783971639.915092945,136.000,-85,37,7,0x07,LE 1M
9351,Inconnu,inconnue,1783971641.302359104,1783971641.302495003,136.000,-86,37,7,0x07,LE 1M
9381,Inconnu,inconnue,1783971643.266387939,1783971643.266523838,136.000,-87,37,7,0x07,LE 1M
9384,Inconnu,inconnue,1783971643.589821100,1783971643.589956999,136.000,-85,37,7,0x07,LE 1M
9399,Inconnu,inconnue,1783971644.143552065,1783971644.143687963,136.000,-86,37,7,0x07,LE 1M
9408,Inconnu,inconnue,1783971645.082142115,1783971645.082278013,136.000,-89,37,7,0x07,LE 1M
9415,Inconnu,inconnue,1783971645.696576118,1783971645.696712017,136.000,-89,38,7,0x07,LE 1M
9432,Inconnu,inconnue,1783971646.986433983,1783971646.986569881,136.000,-88,37,7,0x07,LE 1M
9441,Inconnu,inconnue,1783971647.338562965,1783971647.338698864,136.000,-87,37,7,0x07,LE 1M
9444,Inconnu,inconnue,1783971647.435751915,1783971647.435887814,136.000,-87,37,7,0x07,LE 1M
9449,Inconnu,inconnue,1783971647.733752012,1783971647.733887911,136.000,-98,39,7,0x07,LE 1M
9468,Inconnu,inconnue,1783971649.027918100,1783971649.028053999,136.000,-88,37,7,0x07,LE 1M
9471,Inconnu,inconnue,1783971649.319091082,1783971649.319226980,136.000,-84,37,7,0x07,LE 1M
9510,Inconnu,inconnue,1783971652.453188896,1783971652.453324795,136.000,-87,37,7,0x07,LE 1M
9541,Inconnu,inconnue,1783971653.927977085,1783971653.928112984,136.000,-91,38,7,0x07,LE 1M
9546,Inconnu,inconnue,1783971654.256233931,1783971654.256369829,136.000,-87,37,7,0x07,LE 1M
9549,Inconnu,inconnue,1783971654.458770037,1783971654.458905935,136.000,-86,37,7,0x07,LE 1M
9555,Inconnu,inconnue,1783971654.683628082,1783971654.683956146,328.000,-87,37,31,0x08,LE 1M
9571,Inconnu,inconnue,1783971655.653827906,1783971655.654107809,280.000,-95,38,25,0x08,LE 1M
9579,Inconnu,inconnue,1783971656.168576002,1783971656.168711901,136.000,-87,37,7,0x07,LE 1M
9585,Inconnu,inconnue,1783971656.488887072,1783971656.489022970,136.000,-87,37,7,0x07,LE 1M
9591,Inconnu,inconnue,1783971656.759937048,1783971656.760072947,136.000,-85,37,7,0x07,LE 1M
9615,Inconnu,inconnue,1783971658.403973103,1783971658.404349089,376.000,-90,37,37,0x0a,LE 1M
9657,Inconnu,inconnue,1783971661.042104959,1783971661.042240858,136.000,-91,37,7,0x07,LE 1M
9678,Inconnu,inconnue,1783971662.598534107,1783971662.598670006,136.000,-89,37,7,0x07,LE 1M
9681,Inconnu,inconnue,1783971662.749571085,1783971662.749706984,136.000,-91,37,7,0x07,LE 1M
9693,Inconnu,inconnue,1783971663.884764910,1783971663.884900808,136.000,-91,37,7,0x07,LE 1M
9697,Inconnu,inconnue,1783971664.146572113,1783971664.146708012,136.000,-93,38,7,0x07,LE 1M
9703,Inconnu,inconnue,1783971664.627141953,1783971664.627277851,136.000,-90,38,7,0x07,LE 1M
9705,Inconnu,inconnue,1783971664.784970045,1783971664.785242081,272.000,-94,37,24,0x08,LE 1M
9712,Inconnu,inconnue,1783971666.007533073,1783971666.007668972,136.000,-90,38,7,0x07,LE 1M
9723,Inconnu,inconnue,1783971667.584112883,1783971667.584504843,392.000,-89,37,39,0x07,LE 1M
9724,Inconnu,inconnue,1783971667.713922977,1783971667.714058876,136.000,-90,38,7,0x07,LE 1M
9726,Inconnu,inconnue,1783971667.863890886,1783971667.864026785,136.000,-94,37,7,0x07,LE 1M
9730,Inconnu,inconnue,1783971668.186161041,1783971668.186296940,136.000,-91,38,7,0x07,LE 1M
9735,Inconnu,inconnue,1783971668.523658037,1783971668.523793936,136.000,-88,37,7,0x07,LE 1M
9749,Inconnu,inconnue,1783971669.567152023,1783971669.567264080,112.000,-98,39,4,0x07,LE 1M
9772,Inconnu,inconnue,1783971672.349380016,1783971672.349515915,136.000,-90,38,7,0x07,LE 1M
9777,Inconnu,inconnue,1783971672.514209986,1783971672.514345884,136.000,-89,37,7,0x07,LE 1M
9784,Inconnu,inconnue,1783971673.147347927,1783971673.147483826,136.000,-89,38,7,0x07,LE 1M
9808,Inconnu,inconnue,1783971674.675309896,1783971674.675445795,136.000,-90,38,7,0x07,LE 1M
9820,Inconnu,inconnue,1783971675.469551086,1783971675.469686985,136.000,-89,38,7,0x07,LE 1M
9848,Inconnu,inconnue,1783971676.981620073,1783971676.981755972,136.000,-98,39,7,0x07,LE 1M
9855,Inconnu,inconnue,1783971677.948182106,1783971677.948318005,136.000,-88,37,7,0x07,LE 1M
9857,Inconnu,inconnue,1783971678.083370924,1783971678.083562851,192.000,-98,39,14,0x07,LE 1M
9888,Inconnu,inconnue,1783971681.789722919,1783971681.789858818,136.000,-86,37,7,0x07,LE 1M
9897,Inconnu,inconnue,1783971683.065587044,1783971683.065722942,136.000,-87,37,7,0x07,LE 1M
9900,Inconnu,inconnue,1783971683.938244104,1783971683.938380003,136.000,-86,37,7,0x07,LE 1M
9939,Inconnu,inconnue,1783971688.295427084,1783971688.295562983,136.000,-86,37,7,0x07,LE 1M
9940,Inconnu,inconnue,1783971688.988249063,1783971688.988440990,192.000,-78,38,14,0x0a,LE 1M
9947,Inconnu,inconnue,1783971690.120517969,1783971690.120653868,136.000,-98,39,7,0x07,LE 1M
9952,Inconnu,inconnue,1783971690.619683981,1783971690.619819880,136.000,-87,38,7,0x07,LE 1M
9961,Inconnu,inconnue,1783971691.220580101,1783971691.220716000,136.000,-87,38,7,0x07,LE 1M
9964,Inconnu,inconnue,1783971691.370546103,1783971691.370682001,136.000,-88,38,7,0x07,LE 1M
9973,Inconnu,inconnue,1783971692.001377106,1783971692.001513004,136.000,-88,38,7,0x07,LE 1M
9990,Inconnu,inconnue,1783971693.092842102,1783971693.092978001,136.000,-87,37,7,0x07,LE 1M
10017,Inconnu,inconnue,1783971694.803175926,1783971694.803311825,136.000,-89,37,7,0x07,LE 1M
10035,Inconnu,inconnue,1783971695.875288010,1783971695.875423908,136.000,-94,37,7,0x07,LE 1M
10058,Inconnu,inconnue,1783971696.968318939,1783971696.968454838,136.000,-94,39,7,0x07,LE 1M
10062,Inconnu,inconnue,1783971697.120721102,1783971697.120857000,136.000,-91,37,7,0x07,LE 1M
10122,Inconnu,inconnue,1783971700.046653032,1783971700.046788931,136.000,-91,37,7,0x07,LE 1M
10133,Inconnu,inconnue,1783971700.822956085,1783971700.823091984,136.000,-93,39,7,0x07,LE 1M
10164,Inconnu,inconnue,1783971702.879276037,1783971702.879411936,136.000,-94,37,7,0x07,LE 1M
10191,Inconnu,inconnue,1783971703.981287956,1783971703.981423855,136.000,-94,37,7,0x07,LE 1M
10257,Inconnu,inconnue,1783971706.293979883,1783971706.294115782,136.000,-93,37,7,0x07,LE 1M
10258,Inconnu,inconnue,1783971706.315629959,1783971706.315998077,368.000,-78,38,36,0x08,LE 1M
10287,Inconnu,inconnue,1783971707.528872013,1783971707.529007912,136.000,-94,37,7,0x07,LE 1M
10368,Inconnu,inconnue,1783971711.410468102,1783971711.410604000,136.000,-93,37,7,0x07,LE 1M
10389,Inconnu,inconnue,1783971712.977833033,1783971712.978209019,376.000,-96,37,37,0x0a,LE 1M
10390,Inconnu,inconnue,1783971713.081959009,1783971713.082094908,136.000,-90,38,7,0x07,LE 1M
10395,Inconnu,inconnue,1783971713.251530886,1783971713.251666784,136.000,-89,37,7,0x07,LE 1M
10402,Inconnu,inconnue,1783971713.742906094,1783971713.743041992,136.000,-91,38,7,0x07,LE 1M
10413,Inconnu,inconnue,1783971714.627949953,1783971714.628085852,136.000,-91,37,7,0x07,LE 1M
10422,Inconnu,inconnue,1783971714.895354986,1783971714.895490885,136.000,-92,37,7,0x07,LE 1M
10425,Inconnu,inconnue,1783971714.996042967,1783971714.996178865,136.000,-91,37,7,0x07,LE 1M
10434,Inconnu,inconnue,1783971715.392838001,1783971715.392973900,136.000,-94,37,7,0x03,LE 1M
10437,Inconnu,inconnue,1783971715.509093046,1783971715.509469032,376.000,-91,37,37,0x0a,LE 1M
10443,Inconnu,inconnue,1783971715.849262953,1783971715.849398851,136.000,-92,37,7,0x07,LE 1M
10459,Inconnu,inconnue,1783971716.819036007,1783971716.819171906,136.000,-91,38,7,0x07,LE 1M
10461,Inconnu,inconnue,1783971716.879803896,1783971716.880179882,376.000,-91,37,37,0x08,LE 1M
10467,Inconnu,inconnue,1783971717.011735916,1783971717.011871815,136.000,-93,37,7,0x07,LE 1M
10468,Inconnu,inconnue,1783971717.071930885,1783971717.072066784,136.000,-93,38,7,0x07,LE 1M
10539,Inconnu,inconnue,1783971720.555438042,1783971720.555573940,136.000,-91,37,7,0x07,LE 1M
10569,Inconnu,inconnue,1783971722.252552986,1783971722.252688885,136.000,-95,37,7,0x07,LE 1M
10583,Inconnu,inconnue,1783971722.825793982,1783971722.825929880,136.000,-92,39,7,0x07,LE 1M
10605,Inconnu,inconnue,1783971724.421693087,1783971724.421828985,136.000,-92,37,7,0x07,LE 1M
10617,Inconnu,inconnue,1783971725.311887980,1783971725.312023878,136.000,-92,37,7,0x07,LE 1M
10647,Inconnu,inconnue,1783971727.028089046,1783971727.028224945,136.000,-90,37,7,0x07,LE 1M
10653,Inconnu,inconnue,1783971727.615098000,1783971727.615233898,136.000,-90,37,7,0x07,LE 1M
10675,Inconnu,inconnue,1783971729.143810987,1783971729.143946886,136.000,-93,38,7,0x07,LE 1M
10696,Inconnu,inconnue,1783971730.082617044,1783971730.082752943,136.000,-91,38,7,0x0f,LE 1M
10704,Inconnu,inconnue,1783971730.426650047,1783971730.427026033,376.000,-91,37,37,0x07,LE 1M
10713,Inconnu,inconnue,1783971730.730822086,1783971730.730957985,136.000,-91,37,7,0x07,LE 1M
10723,Inconnu,inconnue,1783971731.194639921,1783971731.194775820,136.000,-94,38,7,0x07,LE 1M
10750,Inconnu,inconnue,1783971732.885580063,1783971732.885715961,136.000,-91,38,7,0x07,LE 1M
10770,Inconnu,inconnue,1783971733.858047009,1783971733.858182907,136.000,-93,37,7,0x07,LE 1M
10809,Inconnu,inconnue,1783971736.124665022,1783971736.124800920,136.000,-91,37,7,0x07,LE 1M
10816,Inconnu,inconnue,1783971737.208348036,1783971737.208483934,136.000,-94,38,7,0x07,LE 1M
10821,Inconnu,inconnue,1783971737.563947916,1783971737.564083815,136.000,-87,37,7,0x07,LE 1M
10829,Inconnu,inconnue,1783971737.991161108,1783971737.991297007,136.000,-94,39,7,0x07,LE 1M
10875,Inconnu,inconnue,1783971741.228183031,1783971741.228318930,136.000,-90,37,7,0x07,LE 1M
10883,Inconnu,inconnue,1783971741.708904982,1783971741.709040880,136.000,-95,39,7,0x07,LE 1M
10891,Inconnu,inconnue,1783971742.102576017,1783971742.102936029,360.000,-73,38,35,0x08,LE 1M
10911,Inconnu,inconnue,1783971743.232853889,1783971743.232989788,136.000,-92,37,7,0x07,LE 1M
10917,Inconnu,inconnue,1783971743.582540989,1783971743.582676888,136.000,-90,37,7,0x07,LE 1M
10938,Inconnu,inconnue,1783971745.147123098,1783971745.147258997,136.000,-91,37,7,0x07,LE 1M
10945,Inconnu,inconnue,1783971745.797542095,1783971745.797814131,272.000,-89,38,24,0x0c,LE 1M
11003,Inconnu,inconnue,1783971749.766114950,1783971749.766250849,136.000,-94,39,7,0x07,LE 1M
11013,Inconnu,inconnue,1783971750.664913893,1783971750.665049791,136.000,-93,37,7,0x07,LE 1M
11022,Inconnu,inconnue,1783971751.336345911,1783971751.336481810,136.000,-90,37,7,0x07,LE 1M
11045,Inconnu,inconnue,1783971753.310940981,1783971753.311076880,136.000,-94,39,7,0x07,LE 1M
11071,Inconnu,inconnue,1783971754.849977970,1783971754.850113869,136.000,-93,38,7,0x07,LE 1M
11097,Inconnu,inconnue,1783971757.106077909,1783971757.106213808,136.000,-93,37,7,0x07,LE 1M
11106,Inconnu,inconnue,1783971758.468393087,1783971758.468528986,136.000,-91,37,7,0x07,LE 1M
11127,Inconnu,inconnue,1783971760.470216036,1783971760.470351934,136.000,-88,37,7,0x07,LE 1M
11137,Inconnu,inconnue,1783971761.707627058,1783971761.707762957,136.000,-96,38,7,0x07,LE 1M
11154,Inconnu,inconnue,1783971762.808367014,1783971762.808502913,136.000,-91,37,7,0x07,LE 1M
11163,Inconnu,inconnue,1783971763.253806114,1783971763.253942013,136.000,-90,37,7,0x07,LE 1M
11239,Inconnu,inconnue,1783971766.814615011,1783971766.814990997,376.000,-75,38,37,0x0c,LE 1M
11247,Inconnu,inconnue,1783971767.063888073,1783971767.064264059,376.000,-89,37,37,0x0a,LE 1M
11264,Inconnu,inconnue,1783971767.523186922,1783971767.523322821,136.000,-96,39,7,0x07,LE 1M
11283,Inconnu,inconnue,1783971768.061474085,1783971768.061609983,136.000,-89,37,7,0x07,LE 1M
11310,Inconnu,inconnue,1783971769.388611078,1783971769.388746977,136.000,-91,37,7,0x07,LE 1M
11322,Inconnu,inconnue,1783971769.985868931,1783971769.986004829,136.000,-89,37,7,0x07,LE 1M
11325,Inconnu,inconnue,1783971770.137005091,1783971770.137140989,136.000,-90,37,7,0x07,LE 1M
11330,Inconnu,inconnue,1783971770.290292025,1783971770.290427923,136.000,-94,39,7,0x07,LE 1M
11349,Inconnu,inconnue,1783971771.374191999,1783971771.374327898,136.000,-90,37,7,0x07,LE 1M
11366,Inconnu,inconnue,1783971772.295362949,1783971772.295498848,136.000,-95,39,7,0x07,LE 1M
11373,Inconnu,inconnue,1783971772.626710892,1783971772.626846790,136.000,-92,37,7,0x07,LE 1M
11535,Inconnu,inconnue,1783971781.846642017,1783971781.846777916,136.000,-89,37,7,0x07,LE 1M
11545,Inconnu,inconnue,1783971782.449963093,1783971782.450242996,280.000,-77,38,25,0x0c,LE 1M
11555,Inconnu,inconnue,1783971782.761693001,1783971782.761828899,136.000,-95,39,7,0x07,LE 1M
11616,Inconnu,inconnue,1783971785.443377972,1783971785.443513870,136.000,-91,37,7,0x07,LE 1M
11637,Inconnu,inconnue,1783971786.848361969,1783971786.848497868,136.000,-92,37,7,0x07,LE 1M
11643,Inconnu,inconnue,1783971787.528139114,1783971787.528275013,136.000,-93,37,7,0x03,LE 1M
11646,Inconnu,inconnue,1783971787.734980106,1783971787.735116005,136.000,-92,37,7,0x07,LE 1M
11770,Inconnu,inconnue,1783971793.695249081,1783971793.695528984,280.000,-77,38,25,0x0c,LE 1M
11802,Inconnu,inconnue,1783971795.175770044,1783971795.175905943,136.000,-89,37,7,0x07,LE 1M
11836,Inconnu,inconnue,1783971796.329844952,1783971796.330036879,192.000,-75,38,14,0x0a,LE 1M
11877,Inconnu,inconnue,1783971797.893429995,1783971797.893565893,136.000,-91,37,7,0x07,LE 1M
11880,Inconnu,inconnue,1783971798.003914118,1783971798.004050016,136.000,-91,37,7,0x07,LE 1M
11883,Inconnu,inconnue,1783971798.116986036,1783971798.117121935,136.000,-89,37,7,0x07,LE 1M
11934,Inconnu,inconnue,1783971800.588416100,1783971800.588551998,136.000,-93,37,7,0x07,LE 1M
11940,Inconnu,inconnue,1783971800.874480009,1783971800.874615908,136.000,-90,37,7,0x07,LE 1M
11943,Inconnu,inconnue,1783971801.197410107,1783971801.197546005,136.000,-93,37,7,0x07,LE 1M
11955,Inconnu,inconnue,1783971801.814338923,1783971801.814474821,136.000,-90,37,7,0x07,LE 1M
11970,Inconnu,inconnue,1783971802.898430109,1783971802.898566008,136.000,-91,37,7,0x07,LE 1M
11994,Inconnu,inconnue,1783971804.189862013,1783971804.189997911,136.000,-94,37,7,0x07,LE 1M
12050,Inconnu,inconnue,1783971807.389746904,1783971807.389882803,136.000,-94,39,7,0x07,LE 1M
12102,Inconnu,inconnue,1783971809.873306990,1783971809.873442888,136.000,-92,37,7,0x07,LE 1M
12117,Inconnu,inconnue,1783971810.549514055,1783971810.549633980,120.000,-91,37,5,0x07,LE 1M
12141,Inconnu,inconnue,1783971811.465332031,1783971811.465467930,136.000,-91,37,7,0x07,LE 1M
12264,Inconnu,inconnue,1783971816.115695953,1783971816.115831852,136.000,-92,37,7,0x07,LE 1M
12314,Inconnu,inconnue,1783971818.454379082,1783971818.454514980,136.000,-93,39,7,0x07,LE 1M
12324,Inconnu,inconnue,1783971818.825757027,1783971818.825892925,136.000,-93,37,7,0x07,LE 1M
12338,Inconnu,inconnue,1783971819.606004000,1783971819.606139898,136.000,-94,39,7,0x07,LE 1M
12381,Inconnu,inconnue,1783971821.471884012,1783971821.472019911,136.000,-92,37,7,0x07,LE 1M
12399,Inconnu,inconnue,1783971822.281680107,1783971822.281816006,136.000,-89,37,7,0x07,LE 1M
12400,Inconnu,inconnue,1783971822.354799032,1783971822.354990959,192.000,-82,38,14,0x09,LE 1M
12434,Inconnu,inconnue,1783971823.796772957,1783971823.796908855,136.000,-94,39,7,0x07,LE 1M
12456,Inconnu,inconnue,1783971824.503834963,1783971824.503922939,88.000,-92,37,1,0x07,LE 1M
12489,Inconnu,inconnue,1783971826.015979052,1783971826.016355038,376.000,-92,37,37,0x0a,LE 1M
12493,Inconnu,inconnue,1783971826.120146036,1783971826.120474100,328.000,-75,38,31,0x08,LE 1M
12498,Inconnu,inconnue,1783971826.318249941,1783971826.318833828,584.000,-89,37,63,0x07,LE 1M
12591,Inconnu,inconnue,1783971830.120332003,1783971830.120467901,136.000,-91,37,7,0x07,LE 1M
12594,Inconnu,inconnue,1783971830.216650963,1783971830.216786861,136.000,-94,37,7,0x0b,LE 1M
12630,Inconnu,inconnue,1783971831.896671057,1783971831.896806955,136.000,-91,37,7,0x07,LE 1M
12675,Inconnu,inconnue,1783971833.753277063,1783971833.753412962,136.000,-94,37,7,0x07,LE 1M
12723,Inconnu,inconnue,1783971835.819027901,1783971835.819163799,136.000,-89,37,7,0x07,LE 1M
12729,Inconnu,inconnue,1783971836.080460072,1783971836.080595970,136.000,-90,37,7,0x07,LE 1M
12806,Inconnu,inconnue,1783971839.287415028,1783971839.287550926,136.000,-98,39,7,0x07,LE 1M
12864,Inconnu,inconnue,1783971841.554061890,1783971841.554197788,136.000,-90,37,7,0x07,LE 1M
12879,Inconnu,inconnue,1783971842.061090946,1783971842.061226845,136.000,-91,37,7,0x07,LE 1M
12896,Inconnu,inconnue,1783971843.668425083,1783971843.668529034,104.000,-98,39,3,0x07,LE 1M
12918,Inconnu,inconnue,1783971845.271430969,1783971845.271806955,376.000,-89,37,37,0x0a,LE 1M
12954,Inconnu,inconnue,1783971848.273843050,1783971848.273978949,136.000,-89,37,7,0x07,LE 1M
12969,Inconnu,inconnue,1783971850.276695013,1783971850.276830912,136.000,-89,37,7,0x07,LE 1M
12985,Inconnu,inconnue,1783971851.494036913,1783971851.494172812,136.000,-91,38,7,0x07,LE 1M
13035,Inconnu,inconnue,1783971856.027893066,1783971856.028028965,136.000,-90,37,7,0x07,LE 1M
13054,Inconnu,inconnue,1783971858.944664001,1783971858.944799900,136.000,-92,38,7,0x07,LE 1M
13059,Inconnu,inconnue,1783971859.154278040,1783971859.154413939,136.000,-89,37,7,0x07,LE 1M
13084,Inconnu,inconnue,1783971863.273603916,1783971863.273739815,136.000,-92,38,7,0x07,LE 1M
13087,Inconnu,inconnue,1783971863.758821964,1783971863.758957863,136.000,-91,38,7,0x07,LE 1M
13094,Inconnu,inconnue,1783971864.183451891,1783971864.183731794,280.000,-88,39,25,0x08,LE 1M
13095,Inconnu,inconnue,1783971864.227641106,1783971864.227777004,136.000,-88,37,7,0x07,LE 1M
13105,Inconnu,inconnue,1783971865.910126925,1783971865.910262823,136.000,-93,38,7,0x07,LE 1M
13152,Inconnu,inconnue,1783971870.599982023,1783971870.600117922,136.000,-89,37,7,0x07,LE 1M
13169,Inconnu,inconnue,1783971872.904705048,1783971872.904840946,136.000,-97,39,7,0x07,LE 1M
13176,Inconnu,inconnue,1783971873.827245951,1783971873.827381849,136.000,-90,37,7,0x07,LE 1M
13209,Inconnu,inconnue,1783971877.245099068,1783971877.245234966,136.000,-89,37,7,0x07,LE 1M
13225,Inconnu,inconnue,1783971878.605479956,1783971878.605759859,280.000,-78,38,25,0x0c,LE 1M
13227,Inconnu,inconnue,1783971878.670928955,1783971878.671064854,136.000,-89,37,7,0x07,LE 1M
13237,Inconnu,inconnue,1783971880.178316116,1783971880.178452015,136.000,-92,38,7,0x07,LE 1M
13240,Inconnu,inconnue,1783971880.335947037,1783971880.336082935,136.000,-92,38,7,0x07,LE 1M
13252,Inconnu,inconnue,1783971880.947273970,1783971880.947409868,136.000,-93,38,7,0x07,LE 1M
13260,Inconnu,inconnue,1783971881.606261969,1783971881.606397867,136.000,-91,37,7,0x07,LE 1M
13270,Inconnu,inconnue,1783971882.577858925,1783971882.578138828,280.000,-76,38,25,0x08,LE 1M
13275,Inconnu,inconnue,1783971882.713496923,1783971882.713632822,136.000,-88,37,7,0x07,LE 1M
13281,Inconnu,inconnue,1783971883.054452896,1783971883.054588795,136.000,-91,37,7,0x07,LE 1M
13299,Inconnu,inconnue,1783971884.388317108,1783971884.388437033,120.000,-93,37,5,0x07,LE 1M
13314,Inconnu,inconnue,1783971885.470987082,1783971885.471122980,136.000,-91,37,7,0x07,LE 1M
13329,Inconnu,inconnue,1783971887.160051107,1783971887.160187006,136.000,-91,37,7,0x07,LE 1M
13359,Inconnu,inconnue,1783971890.448477030,1783971890.448612928,136.000,-90,37,7,0x07,LE 1M
13365,Inconnu,inconnue,1783971891.225322008,1783971891.225457907,136.000,-89,37,7,0x07,LE 1M
13379,Inconnu,inconnue,1783971892.463916063,1783971892.464051962,136.000,-96,39,7,0x07,LE 1M
13381,Inconnu,inconnue,1783971892.563935041,1783971892.564070940,136.000,-91,38,7,0x07,LE 1M
13389,Inconnu,inconnue,1783971893.349309921,1783971893.349445820,136.000,-91,37,7,0x07,LE 1M
13390,Inconnu,inconnue,1783971893.515975952,1783971893.516367912,392.000,-91,38,39,0x07,LE 1M
13431,Inconnu,inconnue,1783971898.090570927,1783971898.090842962,272.000,-90,37,24,0x07,LE 1M
13433,Inconnu,inconnue,1783971898.175920963,1783971898.176056862,136.000,-93,39,7,0x07,LE 1M
13454,Inconnu,inconnue,1783971900.530721903,1783971900.530857801,136.000,-94,39,7,0x07,LE 1M
13459,Inconnu,inconnue,1783971900.792319059,1783971900.792695045,376.000,-92,38,37,0x0a,LE 1M
13464,Inconnu,inconnue,1783971900.976496935,1783971900.976632833,136.000,-89,37,7,0x07,LE 1M
13475,Inconnu,inconnue,1783971901.610693932,1783971901.610829830,136.000,-94,39,7,0x07,LE 1M
13479,Inconnu,inconnue,1783971902.226547003,1783971902.226682901,136.000,-89,37,7,0x07,LE 1M
13497,Inconnu,inconnue,1783971903.470901966,1783971903.471037865,136.000,-89,37,7,0x07,LE 1M
13527,Inconnu,inconnue,1783971905.849318027,1783971905.849453926,136.000,-88,37,7,0x07,LE 1M
13533,Inconnu,inconnue,1783971906.270061016,1783971906.270196915,136.000,-90,37,7,0x07,LE 1M
13545,Inconnu,inconnue,1783971906.781630993,1783971906.781766891,136.000,-88,37,7,0x07,LE 1M
13575,Inconnu,inconnue,1783971908.341433048,1783971908.341568947,136.000,-91,37,7,0x0f,LE 1M
13590,Inconnu,inconnue,1783971909.416913986,1783971909.417049885,136.000,-91,37,7,0x07,LE 1M
13605,Inconnu,inconnue,1783971909.968023062,1783971909.968214989,192.000,-96,37,14,0x0a,LE 1M
13617,Inconnu,inconnue,1783971910.634466887,1783971910.634602785,136.000,-88,37,7,0x07,LE 1M
13636,Inconnu,inconnue,1783971911.652231932,1783971911.652495861,264.000,-79,38,23,0x0c,LE 1M
13651,Inconnu,inconnue,1783971912.610583067,1783971912.610718966,136.000,-92,38,7,0x07,LE 1M
13664,Inconnu,inconnue,1783971914.017608881,1783971914.017744780,136.000,-93,39,7,0x07,LE 1M
13674,Inconnu,inconnue,1783971914.672151089,1783971914.672286987,136.000,-89,37,7,0x07,LE 1M
13683,Inconnu,inconnue,1783971915.105798960,1783971915.105934858,136.000,-91,37,7,0x07,LE 1M
13687,Inconnu,inconnue,1783971915.222817898,1783971915.222953796,136.000,-93,38,7,0x07,LE 1M
13731,Inconnu,inconnue,1783971917.864758015,1783971917.864893913,136.000,-91,37,7,0x07,LE 1M
13745,Inconnu,inconnue,1783971918.968167067,1783971918.968302965,136.000,-92,39,7,0x07,LE 1M
13751,Inconnu,inconnue,1783971919.442894936,1783971919.443030834,136.000,-91,39,7,0x07,LE 1M
13772,Inconnu,inconnue,1783971920.315057039,1783971920.315192938,136.000,-94,39,7,0x07,LE 1M
13776,Inconnu,inconnue,1783971920.426898956,1783971920.427034855,136.000,-90,37,7,0x07,LE 1M
13787,Inconnu,inconnue,1783971921.022034883,1783971921.022170782,136.000,-93,39,7,0x07,LE 1M
13792,Inconnu,inconnue,1783971921.394067049,1783971921.394402981,336.000,-77,38,32,0x0a,LE 1M
13794,Inconnu,inconnue,1783971921.453919888,1783971921.454055786,136.000,-89,37,7,0x07,LE 1M
13814,Inconnu,inconnue,1783971922.691728115,1783971922.691864014,136.000,-91,39,7,0x07,LE 1M
13829,Inconnu,inconnue,1783971923.447942019,1783971923.448077917,136.000,-94,39,7,0x07,LE 1M
13848,Inconnu,inconnue,1783971924.546758890,1783971924.546894789,136.000,-90,37,7,0x07,LE 1M
13863,Inconnu,inconnue,1783971925.661451101,1783971925.661587000,136.000,-90,37,7,0x07,LE 1M
13884,Inconnu,inconnue,1783971927.161169052,1783971927.161304951,136.000,-91,37,7,0x07,LE 1M
13891,Inconnu,inconnue,1783971927.622145891,1783971927.622281790,136.000,-91,38,7,0x07,LE 1M
13893,Inconnu,inconnue,1783971927.784533978,1783971927.784669876,136.000,-90,37,7,0x07,LE 1M
13968,Inconnu,inconnue,1783971933.515299082,1783971933.515434980,136.000,-89,37,7,0x07,LE 1M
13983,Inconnu,inconnue,1783971934.480602026,1783971934.480737925,136.000,-91,37,7,0x07,LE 1M
13998,Inconnu,inconnue,1783971935.860418081,1783971935.860553980,136.000,-87,37,7,0x07,LE 1M
14004,Inconnu,inconnue,1783971936.202272892,1783971936.202408791,136.000,-88,37,7,0x07,LE 1M
14008,Inconnu,inconnue,1783971936.464047909,1783971936.464183807,136.000,-93,38,7,0x07,LE 1M
14077,Inconnu,inconnue,1783971941.910255909,1783971941.910535812,280.000,-75,38,25,0x0c,LE 1M
14115,Inconnu,inconnue,1783971943.900243998,1783971943.900379896,136.000,-89,37,7,0x07,LE 1M
14118,Inconnu,inconnue,1783971944.072247028,1783971944.072382927,136.000,-90,37,7,0x07,LE 1M
14126,Inconnu,inconnue,1783971945.112718105,1783971945.112854004,136.000,-94,39,7,0x07,LE 1M
14145,Inconnu,inconnue,1783971946.156023979,1783971946.156159878,136.000,-94,37,7,0x07,LE 1M
14151,Inconnu,inconnue,1783971946.941935062,1783971946.942070961,136.000,-90,37,7,0x07,LE 1M
14160,Inconnu,inconnue,1783971947.457982063,1783971947.458117962,136.000,-89,37,7,0x07,LE 1M
14161,Inconnu,inconnue,1783971947.495646954,1783971947.495910883,264.000,-77,38,23,0x0a,LE 1M
14167,Inconnu,inconnue,1783971947.934680939,1783971947.934816837,136.000,-92,38,7,0x07,LE 1M
14180,Inconnu,inconnue,1783971949.305088997,1783971949.305224895,136.000,-94,39,7,0x07,LE 1M
14192,Inconnu,inconnue,1783971950.076642990,1783971950.076778889,136.000,-93,39,7,0x07,LE 1M
14205,Inconnu,inconnue,1783971951.148811102,1783971951.148947001,136.000,-89,37,7,0x07,LE 1M
14226,Inconnu,inconnue,1783971952.686474085,1783971952.686609983,136.000,-90,37,7,0x07,LE 1M
14240,Inconnu,inconnue,1783971954.065295935,1783971954.065431833,136.000,-94,39,7,0x07,LE 1M
14256,Inconnu,inconnue,1783971955.338419914,1783971955.338555813,136.000,-89,37,7,0x07,LE 1M
14259,Inconnu,inconnue,1783971955.493709087,1783971955.493844986,136.000,-90,37,7,0x07,LE 1M
14277,Inconnu,inconnue,1783971957.326941013,1783971957.327076912,136.000,-89,37,7,0x07,LE 1M
14286,Inconnu,inconnue,1783971957.835057974,1783971957.835193872,136.000,-91,37,7,0x07,LE 1M
14326,Inconnu,inconnue,1783971961.660810947,1783971961.660946846,136.000,-95,38,7,0x07,LE 1M
14352,Inconnu,inconnue,1783971963.413671970,1783971963.413807869,136.000,-94,37,7,0x07,LE 1M
14369,Inconnu,inconnue,1783971964.745352983,1783971964.745488882,136.000,-98,39,7,0x07,LE 1M
14400,Inconnu,inconnue,1783971966.665895939,1783971966.666031837,136.000,-87,37,7,0x07,LE 1M
14430,Inconnu,inconnue,1783971967.513587952,1783971967.513723850,136.000,-89,37,7,0x07,LE 1M
14460,Inconnu,inconnue,1783971969.146646976,1783971969.146782875,136.000,-89,37,7,0x07,LE 1M
14479,Inconnu,inconnue,1783971971.849664927,1783971971.849944830,280.000,-76,38,25,0x08,LE 1M
14481,Inconnu,inconnue,1783971971.908288002,1783971971.908423901,136.000,-89,37,7,0x07,LE 1M
14488,Inconnu,inconnue,1783971972.350637913,1783971972.350901842,264.000,-75,38,23,0x0c,LE 1M
14508,Inconnu,inconnue,1783971973.277681112,1783971973.277817011,136.000,-89,37,7,0x07,LE 1M
14510,Inconnu,inconnue,1783971973.403634071,1783971973.403769970,136.000,-96,39,7,0x07,LE 1M
14527,Inconnu,inconnue,1783971973.875704050,1783971973.875839949,136.000,-92,38,7,0x07,LE 1M
14530,Inconnu,inconnue,1783971974.046574116,1783971974.046854019,280.000,-76,38,25,0x0c,LE 1M
14541,Inconnu,inconnue,1783971974.842266083,1783971974.842401981,136.000,-91,37,7,0x07,LE 1M
14571,Inconnu,inconnue,1783971977.099931002,1783971977.100066900,136.000,-87,37,7,0x07,LE 1M
14587,Inconnu,inconnue,1783971978.338654995,1783971978.338790894,136.000,-91,38,7,0x07,LE 1M
14598,Inconnu,inconnue,1783971978.893462896,1783971978.893598795,136.000,-90,37,7,0x07,LE 1M
14625,Inconnu,inconnue,1783971980.422960997,1783971980.423096895,136.000,-89,37,7,0x07,LE 1M
14634,Inconnu,inconnue,1783971980.827199936,1783971980.827335835,136.000,-89,37,7,0x07,LE 1M
14641,Inconnu,inconnue,1783971981.458281994,1783971981.458417892,136.000,-81,38,7,0x0c,LE 1M
14642,Inconnu,inconnue,1783971981.495428085,1783971981.495563984,136.000,-98,39,7,0x07,LE 1M
14660,Inconnu,inconnue,1783971982.855588913,1783971982.855692863,104.000,-97,39,3,0x07,LE 1M
14667,Inconnu,inconnue,1783971983.160170078,1783971983.160305977,136.000,-92,37,7,0x07,LE 1M
14685,Inconnu,inconnue,1783971984.567667007,1783971984.567802906,136.000,-90,37,7,0x07,LE 1M
14692,Inconnu,inconnue,1783971985.332155943,1783971985.332291842,136.000,-91,38,7,0x07,LE 1M
14701,Inconnu,inconnue,1783971986.117033958,1783971986.117169857,136.000,-90,38,7,0x07,LE 1M
14704,Inconnu,inconnue,1783971986.414093971,1783971986.414229870,136.000,-90,38,7,0x07,LE 1M
14719,Inconnu,inconnue,1783971987.572880983,1783971987.573072910,192.000,-80,38,14,0x0e,LE 1M
14745,Inconnu,inconnue,1783971990.315640926,1783971990.315776825,136.000,-89,37,7,0x07,LE 1M
14755,Inconnu,inconnue,1783971990.942111015,1783971990.942246914,136.000,-91,38,7,0x07,LE 1M
14761,Inconnu,inconnue,1783971991.424901962,1783971991.425037861,136.000,-91,38,7,0x07,LE 1M
14774,Inconnu,inconnue,1783971992.457809925,1783971992.457945824,136.000,-96,39,7,0x07,LE 1M
14777,Inconnu,inconnue,1783971992.617846012,1783971992.617965937,120.000,-97,39,5,0x07,LE 1M
14784,Inconnu,inconnue,1783971992.849838972,1783971992.849974871,136.000,-89,37,7,0x07,LE 1M
14785,Inconnu,inconnue,1783971992.928724051,1783971992.928859949,136.000,-89,38,7,0x07,LE 1M
14802,Inconnu,inconnue,1783971994.040986061,1783971994.041121960,136.000,-89,37,7,0x07,LE 1M
14811,Inconnu,inconnue,1783971994.965825081,1783971994.966153145,328.000,-89,37,31,0x0b,LE 1M
14841,Inconnu,inconnue,1783971996.737580061,1783971996.737715960,136.000,-88,37,7,0x07,LE 1M
14842,Inconnu,inconnue,1783971996.775293112,1783971996.775429010,136.000,-91,38,7,0x07,LE 1M
14934,Inconnu,inconnue,1783972004.101181984,1783972004.101317883,136.000,-89,37,7,0x07,LE 1M
14955,Inconnu,inconnue,1783972005.676760912,1783972005.677136898,376.000,-89,37,37,0x0a,LE 1M
14959,Inconnu,inconnue,1783972006.250689030,1783972006.250824928,136.000,-87,38,7,0x07,LE 1M
14971,Inconnu,inconnue,1783972007.022929907,1783972007.023065805,136.000,-87,38,7,0x07,LE 1M
14997,Inconnu,inconnue,1783972008.802755117,1783972008.802891016,136.000,-89,37,7,0x07,LE 1M
15000,Inconnu,inconnue,1783972009.078813076,1783972009.078948975,136.000,-87,37,7,0x07,LE 1M
15019,Inconnu,inconnue,1783972010.451191902,1783972010.451327801,136.000,-87,38,7,0x07,LE 1M
15025,Inconnu,inconnue,1783972010.919631004,1783972010.919910908,280.000,-77,38,25,0x08,LE 1M
15039,Inconnu,inconnue,1783972011.861768007,1783972011.861903906,136.000,-89,37,7,0x07,LE 1M
15042,Inconnu,inconnue,1783972012.319772005,1783972012.319907904,136.000,-89,37,7,0x07,LE 1M
15055,Inconnu,inconnue,1783972013.522342920,1783972013.522478819,136.000,-87,38,7,0x07,LE 1M
15061,Inconnu,inconnue,1783972013.989362955,1783972013.989498854,136.000,-86,38,7,0x07,LE 1M
15064,Inconnu,inconnue,1783972014.238612890,1783972014.238892794,280.000,-78,38,25,0x0b,LE 1M
15087,Inconnu,inconnue,1783972016.757607937,1783972016.757743835,136.000,-88,37,7,0x07,LE 1M
15114,Inconnu,inconnue,1783972018.953145027,1783972018.953280926,136.000,-89,37,7,0x07,LE 1M
15117,Inconnu,inconnue,1783972019.153227091,1783972019.153362989,136.000,-90,37,7,0x07,LE 1M
15126,Inconnu,inconnue,1783972019.714771032,1783972019.714906931,136.000,-88,37,7,0x07,LE 1M
15142,Inconnu,inconnue,1783972020.558389902,1783972020.558669806,280.000,-77,38,25,0x0c,LE 1M
15145,Inconnu,inconnue,1783972020.953564882,1783972020.953700781,136.000,-88,38,7,0x07,LE 1M
15157,Inconnu,inconnue,1783972021.870908022,1783972021.871043921,136.000,-88,38,7,0x07,LE 1M
15171,Inconnu,inconnue,1783972022.797048092,1783972022.797183990,136.000,-87,37,7,0x07,LE 1M
15174,Inconnu,inconnue,1783972023.124515057,1783972023.124650955,136.000,-89,37,7,0x07,LE 1M
15177,Inconnu,inconnue,1783972023.279047966,1783972023.279183865,136.000,-90,37,7,0x07,LE 1M
15187,Inconnu,inconnue,1783972023.689450026,1783972023.689530134,80.000,-75,38,0,0x02,LE 1M
15222,Inconnu,inconnue,1783972026.121748924,1783972026.121884823,136.000,-89,37,7,0x07,LE 1M
15232,Inconnu,inconnue,1783972026.893434048,1783972026.893569946,136.000,-92,38,7,0x07,LE 1M
15245,Inconnu,inconnue,1783972027.685815096,1783972027.685950994,136.000,-92,39,7,0x07,LE 1M
15258,Inconnu,inconnue,1783972028.801141024,1783972028.801276922,136.000,-92,37,7,0x07,LE 1M
15261,Inconnu,inconnue,1783972028.897746086,1783972028.897881985,136.000,-89,37,7,0x07,LE 1M
15271,Inconnu,inconnue,1783972029.408169985,1783972029.408305883,136.000,-91,38,7,0x07,LE 1M
15297,Inconnu,inconnue,1783972030.755122900,1783972030.755258799,136.000,-90,37,7,0x07,LE 1M
15309,Inconnu,inconnue,1783972031.526894093,1783972031.527029991,136.000,-93,37,7,0x07,LE 1M
15355,Inconnu,inconnue,1783972034.299987078,1783972034.300122976,136.000,-89,38,7,0x07,LE 1M
15361,Inconnu,inconnue,1783972035.086452961,1783972035.086588860,136.000,-91,38,7,0x07,LE 1M
15366,Inconnu,inconnue,1783972035.427958012,1783972035.428093910,136.000,-91,37,7,0x07,LE 1M
15384,Inconnu,inconnue,1783972036.794822931,1783972036.794958830,136.000,-89,37,7,0x07,LE 1M
15408,Inconnu,inconnue,1783972037.594356060,1783972037.594491959,136.000,-91,37,7,0x07,LE 1M
15432,Inconnu,inconnue,1783972038.697340965,1783972038.697476864,136.000,-89,37,7,0x07,LE 1M
15438,Inconnu,inconnue,1783972039.012351990,1783972039.012487888,136.000,-89,37,7,0x07,LE 1M
15475,Inconnu,inconnue,1783972041.931287050,1783972041.931422949,136.000,-88,38,7,0x07,LE 1M
15484,Inconnu,inconnue,1783972042.705019951,1783972042.705155849,136.000,-89,38,7,0x07,LE 1M
15511,Inconnu,inconnue,1783972044.114674091,1783972044.115066051,392.000,-91,38,39,0x07,LE 1M
15529,Inconnu,inconnue,1783972045.544003010,1783972045.544282913,280.000,-82,38,25,0x08,LE 1M
15543,Inconnu,inconnue,1783972047.074637890,1783972047.074773788,136.000,-91,37,7,0x07,LE 1M
15550,Inconnu,inconnue,1783972047.492310047,1783972047.492445946,136.000,-89,38,7,0x07,LE 1M
15570,Inconnu,inconnue,1783972050.402475119,1783972050.402611017,136.000,-90,37,7,0x07,LE 1M
15582,Inconnu,inconnue,1783972051.349370003,1783972051.349505901,136.000,-88,37,7,0x07,LE 1M
15615,Inconnu,inconnue,1783972054.426867008,1783972054.427002907,136.000,-91,37,7,0x07,LE 1M
15619,Inconnu,inconnue,1783972054.886730909,1783972054.886866808,136.000,-90,38,7,0x07,LE 1M
15624,Inconnu,inconnue,1783972055.251261950,1783972055.251397848,136.000,-91,37,7,0x07,LE 1M
15645,Inconnu,inconnue,1783972056.905561924,1783972056.905697823,136.000,-91,37,7,0x07,LE 1M
15660,Inconnu,inconnue,1783972058.008233070,1783972058.008368969,136.000,-90,37,7,0x07,LE 1M
15663,Inconnu,inconnue,1783972058.204324961,1783972058.204460859,136.000,-91,37,7,0x07,LE 1M
15669,Inconnu,inconnue,1783972058.614744902,1783972058.614880800,136.000,-89,37,7,0x07,LE 1M
15675,Inconnu,inconnue,1783972059.485472918,1783972059.485848904,376.000,-88,37,37,0x08,LE 1M
15711,Inconnu,inconnue,1783972060.922951937,1783972060.923327923,376.000,-89,37,37,0x0a,LE 1M
16017,Inconnu,inconnue,1783972071.261943102,1783972071.262079000,136.000,-98,37,7,0x07,LE 1M
16068,Inconnu,inconnue,1783972073.047080994,1783972073.047409058,328.000,-94,37,31,0x09,LE 1M
16099,Inconnu,inconnue,1783972073.963926077,1783972073.964061975,136.000,-91,38,7,0x07,LE 1M
16315,Inconnu,inconnue,1783972081.428662062,1783972081.428797960,136.000,-89,38,7,0x07,LE 1M
16435,Inconnu,inconnue,1783972086.262737989,1783972086.262873888,136.000,-96,38,7,0x07,LE 1M
16458,Inconnu,inconnue,1783972087.009227991,1783972087.009363890,136.000,-91,37,7,0x07,LE 1M
16477,Inconnu,inconnue,1783972087.751954079,1783972087.752089977,136.000,-94,38,7,0x07,LE 1M
16491,Inconnu,inconnue,1783972088.368701935,1783972088.368837833,136.000,-94,37,7,0x07,LE 1M
16503,Inconnu,inconnue,1783972088.867517948,1783972088.867653847,136.000,-90,37,7,0x07,LE 1M
16509,Inconnu,inconnue,1783972089.084526062,1783972089.084661961,136.000,-89,37,7,0x07,LE 1M
16512,Inconnu,inconnue,1783972089.152821064,1783972089.152956963,136.000,-90,37,7,0x07,LE 1M
16530,Inconnu,inconnue,1783972089.922374964,1783972089.922510862,136.000,-93,37,7,0x07,LE 1M
16575,Inconnu,inconnue,1783972091.782677889,1783972091.782813787,136.000,-96,37,7,0x07,LE 1M
16605,Inconnu,inconnue,1783972093.027549028,1783972093.027684927,136.000,-93,37,7,0x07,LE 1M
16623,Inconnu,inconnue,1783972093.825505018,1783972093.825640917,136.000,-95,37,7,0x07,LE 1M
16698,Inconnu,inconnue,1783972096.779378891,1783972096.779578924,200.000,-93,37,15,0x07,LE 1M
16725,Inconnu,inconnue,1783972097.970702887,1783972097.970902920,200.000,-93,37,15,0x07,LE 1M
16746,Inconnu,inconnue,1783972098.739464998,1783972098.739600897,136.000,-95,37,7,0x07,LE 1M
16824,Inconnu,inconnue,1783972101.575584888,1783972101.575720787,136.000,-91,37,7,0x07,LE 1M
16854,Inconnu,inconnue,1783972102.549455881,1783972102.549591780,136.000,-91,37,7,0x07,LE 1M
16869,Inconnu,inconnue,1783972103.129137993,1783972103.129273891,136.000,-91,37,7,0x07,LE 1M
16884,Inconnu,inconnue,1783972103.721896887,1783972103.722032785,136.000,-89,37,7,0x05,LE 1M
16893,Inconnu,inconnue,1783972104.159110069,1783972104.159245968,136.000,-95,37,7,0x05,LE 1M
16968,Inconnu,inconnue,1783972107.329762936,1783972107.329898834,136.000,-91,37,7,0x07,LE 1M
17007,Inconnu,inconnue,1783972108.608962059,1783972108.609097958,136.000,-89,37,7,0x07,LE 1M
17046,Inconnu,inconnue,1783972110.154107094,1783972110.154195070,88.000,-84,37,1,0x00,LE 1M
17052,Inconnu,inconnue,1783972110.337728977,1783972110.338001013,272.000,-90,37,24,0x08,LE 1M
17265,Inconnu,inconnue,1783972119.109824896,1783972119.110104799,280.000,-91,37,25,0x08,LE 1M
17296,Inconnu,inconnue,1783972120.311286926,1783972120.311694860,408.000,-86,38,41,0x0c,LE 1M
17314,Inconnu,inconnue,1783972120.930322886,1783972120.930602789,280.000,-77,38,25,0x08,LE 1M
