temps_s,paquets_total,paquets_par_seconde,debit_ko_s,source
1.0,130,129.42,67.87,"('10.213.124.218', 2390)"
2.01,260,129.22,67.76,"('10.213.124.218', 2390)"
3.02,390,129.18,67.74,"('10.213.124.218', 2390)"
4.02,520,129.15,67.73,"('10.213.124.218', 2390)"
5.23,597,63.84,33.48,"('10.213.124.218', 2390)"
6.24,801,202.68,106.29,"('10.213.124.218', 2390)"
7.24,935,133.97,70.25,"('10.213.124.218', 2390)"
8.56,1044,82.35,43.19,"('10.213.124.218', 2390)"
9.57,1235,189.8,99.53,"('10.213.124.218', 2390)"
10.57,1365,129.78,68.06,"('10.213.124.218', 2390)"
11.58,1413,47.58,24.95,"('10.213.124.218', 2390)"
12.58,1625,211.61,110.97,"('10.213.124.218', 2390)"
13.6,1755,127.56,66.89,"('10.213.124.218', 2390)"
14.61,1887,130.87,68.63,"('10.213.124.218', 2390)"
15.61,2015,127.45,66.84,"('10.213.124.218', 2390)"
16.61,2146,130.93,68.66,"('10.213.124.218', 2390)"
17.62,2276,129.2,67.75,"('10.213.124.218', 2390)"
19.02,2392,82.65,43.34,"('10.213.124.218', 2390)"
20.03,2587,194.14,101.81,"('10.213.124.218', 2390)"
21.03,2717,129.23,67.77,"('10.213.124.218', 2390)"
22.04,2847,129.19,67.75,"('10.213.124.218', 2390)"
23.04,2976,128.34,67.31,"('10.213.124.218', 2390)"
24.05,3105,128.19,67.22,"('10.213.124.218', 2390)"
25.06,3236,129.06,67.68,"('10.213.124.218', 2390)"
26.07,3368,131.1,68.75,"('10.213.124.218', 2390)"
27.09,3498,127.61,66.92,"('10.213.124.218', 2390)"
28.09,3627,128.84,67.57,"('10.213.124.218', 2390)"
29.09,3758,130.66,68.52,"('10.213.124.218', 2390)"
30.1,3888,129.56,67.94,"('10.213.124.218', 2390)"
31.1,4016,127.34,66.78,"('10.213.124.218', 2390)"
32.11,4148,131.09,68.75,"('10.213.124.218', 2390)"
33.11,4277,128.89,67.59,"('10.213.124.218', 2390)"
34.21,4404,115.49,60.57,"('10.213.124.218', 2390)"
35.21,4549,144.35,75.7,"('10.213.124.218', 2390)"
36.21,4678,128.91,67.6,"('10.213.124.218', 2390)"
37.22,4808,129.47,67.89,"('10.213.124.218', 2390)"
38.22,4937,128.32,67.29,"('10.213.124.218', 2390)"
39.23,5065,127.7,66.97,"('10.213.124.218', 2390)"
40.23,5195,129.49,67.91,"('10.213.124.218', 2390)"
41.23,5326,130.85,68.62,"('10.213.124.218', 2390)"
42.24,5456,128.48,67.38,"('10.213.124.218', 2390)"
43.24,5586,129.92,68.13,"('10.213.124.218', 2390)"
44.25,5716,129.2,67.76,"('10.213.124.218', 2390)"
45.26,5846,128.33,67.3,"('10.213.124.218', 2390)"
46.27,5972,125.25,65.68,"('10.213.124.218', 2390)"
47.27,6105,132.77,69.63,"('10.213.124.218', 2390)"
48.28,6235,128.5,67.39,"('10.213.124.218', 2390)"
49.28,6366,130.93,68.66,"('10.213.124.218', 2390)"
50.29,6494,127.4,66.81,"('10.213.124.218', 2390)"
51.29,6625,130.9,68.65,"('10.213.124.218', 2390)"
52.29,6755,129.19,67.75,"('10.213.124.218', 2390)"
53.32,6885,127.32,66.77,"('10.213.124.218', 2390)"
54.32,7016,129.98,68.17,"('10.213.124.218', 2390)"
55.32,7146,129.89,68.12,"('10.213.124.218', 2390)"
56.33,7275,128.66,67.47,"('10.213.124.218', 2390)"
57.33,7405,129.72,68.03,"('10.213.124.218', 2390)"
58.34,7535,129.16,67.74,"('10.213.124.218', 2390)"
59.34,7665,129.34,67.83,"('10.213.124.218', 2390)"
60.34,7794,128.99,67.65,"('10.213.124.218', 2390)"
61.35,7924,129.32,67.82,"('10.213.124.218', 2390)"
62.38,8054,125.87,66.01,"('10.213.124.218', 2390)"
63.38,8187,132.55,69.51,"('10.213.124.218', 2390)"
64.4,8315,126.31,66.24,"('10.213.124.218', 2390)"
65.4,8447,131.55,68.99,"('10.213.124.218', 2390)"
66.4,8576,128.74,67.51,"('10.213.124.218', 2390)"
67.4,8706,129.78,68.06,"('10.213.124.218', 2390)"
68.41,8835,128.59,67.43,"('10.213.124.218', 2390)"
69.41,8965,129.2,67.75,"('10.213.124.218', 2390)"
70.41,9095,129.8,68.07,"('10.213.124.218', 2390)"
71.43,9225,128.38,67.32,"('10.213.124.218', 2390)"
72.43,9354,128.98,67.64,"('10.213.124.218', 2390)"
73.43,9483,128.18,67.22,"('10.213.124.218', 2390)"
74.45,9615,130.41,68.39,"('10.213.124.218', 2390)"
75.46,9745,128.1,67.18,"('10.213.124.218', 2390)"
76.5,9876,126.11,66.14,"('10.213.124.218', 2390)"
77.5,10010,133.92,70.23,"('10.213.124.218', 2390)"
78.51,10140,128.61,67.44,"('10.213.124.218', 2390)"
79.53,10271,128.2,67.23,"('10.213.124.218', 2390)"
80.53,10402,130.85,68.62,"('10.213.124.218', 2390)"
81.54,10530,127.53,66.88,"('10.213.124.218', 2390)"
82.54,10661,130.22,68.29,"('10.213.124.218', 2390)"
83.54,10791,129.92,68.13,"('10.213.124.218', 2390)"
84.56,10921,128.42,67.35,"('10.213.124.218', 2390)"
85.56,11052,130.01,68.18,"('10.213.124.218', 2390)"
86.57,11182,129.09,67.7,"('10.213.124.218', 2390)"
87.57,11311,128.79,67.54,"('10.213.124.218', 2390)"
88.58,11441,129.37,67.85,"('10.213.124.218', 2390)"
89.58,11569,127.51,66.87,"('10.213.124.218', 2390)"
90.59,11701,130.94,68.67,"('10.213.124.218', 2390)"
91.61,11831,127.33,66.78,"('10.213.124.218', 2390)"
92.61,11962,130.59,68.48,"('10.213.124.218', 2390)"
93.62,12092,129.58,67.96,"('10.213.124.218', 2390)"
94.62,12220,127.43,66.83,"('10.213.124.218', 2390)"
95.62,12351,130.87,68.63,"('10.213.124.218', 2390)"
96.63,12481,128.42,67.34,"('10.213.124.218', 2390)"
97.65,12611,128.2,67.23,"('10.213.124.218', 2390)"
98.65,12742,130.9,68.64,"('10.213.124.218', 2390)"
99.65,12868,125.75,65.95,"('10.213.124.218', 2390)"
100.66,13001,131.69,69.06,"('10.213.124.218', 2390)"
101.67,13132,130.11,68.23,"('10.213.124.218', 2390)"
102.67,13261,128.36,67.31,"('10.213.124.218', 2390)"
103.67,13390,128.69,67.49,"('10.213.124.218', 2390)"
104.69,13520,128.58,67.43,"('10.213.124.218', 2390)"
105.69,13651,130.23,68.29,"('10.213.124.218', 2390)"
106.71,13781,128.18,67.22,"('10.213.124.218', 2390)"
107.71,13911,129.74,68.04,"('10.213.124.218', 2390)"
108.71,14042,130.34,68.35,"('10.213.124.218', 2390)"
109.72,14171,128.17,67.21,"('10.213.124.218', 2390)"
110.74,14301,127.45,66.84,"('10.213.124.218', 2390)"
111.74,14433,131.81,69.12,"('10.213.124.218', 2390)"
112.74,14562,128.51,67.39,"('10.213.124.218', 2390)"
113.75,14692,129.9,68.12,"('10.213.124.218', 2390)"
114.75,14821,128.37,67.32,"('10.213.124.218', 2390)"
115.75,14950,128.63,67.46,"('10.213.124.218', 2390)"
116.76,15080,129.5,67.91,"('10.213.124.218', 2390)"
117.76,15211,130.21,68.28,"('10.213.124.218', 2390)"
118.77,15340,128.5,67.39,"('10.213.124.218', 2390)"
119.78,15469,127.11,66.66,"('10.213.124.218', 2390)"
120.78,15601,131.94,69.19,"('10.213.124.218', 2390)"
121.79,15731,129.25,67.78,"('10.213.124.218', 2390)"
122.79,15860,128.28,67.27,"('10.213.124.218', 2390)"
123.79,15989,128.9,67.6,"('10.213.124.218', 2390)"
124.8,16120,129.9,68.12,"('10.213.124.218', 2390)"
125.81,16248,127.73,66.98,"('10.213.124.218', 2390)"
126.81,16378,128.88,67.59,"('10.213.124.218', 2390)"
127.83,16510,129.49,67.91,"('10.213.124.218', 2390)"
128.83,16639,128.99,67.64,"('10.213.124.218', 2390)"
129.85,16771,130.15,68.25,"('10.213.124.218', 2390)"
130.86,16901,128.61,67.44,"('10.213.124.218', 2390)"
131.88,17032,128.72,67.5,"('10.213.124.218', 2390)"
132.88,17164,130.97,68.68,"('10.213.124.218', 2390)"
133.89,17293,128.43,67.35,"('10.213.124.218', 2390)"
134.89,17421,127.46,66.84,"('10.213.124.218', 2390)"
135.9,17553,130.75,68.57,"('10.213.124.218', 2390)"
136.92,17683,128.26,67.26,"('10.213.124.218', 2390)"
137.92,17813,129.97,68.16,"('10.213.124.218', 2390)"
138.94,17944,128.24,67.25,"('10.213.124.218', 2390)"
139.96,18076,129.65,67.99,"('10.213.124.218', 2390)"
140.96,18207,129.88,68.11,"('10.213.124.218', 2390)"
141.97,18337,129.67,68.0,"('10.213.124.218', 2390)"
142.97,18467,129.08,67.69,"('10.213.124.218', 2390)"
143.98,18597,129.56,67.94,"('10.213.124.218', 2390)"
144.99,18727,129.04,67.67,"('10.213.124.218', 2390)"
146.0,18856,127.44,66.83,"('10.213.124.218', 2390)"
147.02,18988,129.09,67.69,"('10.213.124.218', 2390)"
148.03,19119,129.17,67.74,"('10.213.124.218', 2390)"
149.04,19249,129.75,68.04,"('10.213.124.218', 2390)"
150.04,19380,130.32,68.34,"('10.213.124.218', 2390)"
151.05,19510,129.18,67.74,"('10.213.124.218', 2390)"
152.05,19638,127.3,66.76,"('10.213.124.218', 2390)"
153.06,19769,130.26,68.31,"('10.213.124.218', 2390)"
154.07,19899,129.13,67.72,"('10.213.124.218', 2390)"
155.07,20029,129.93,68.14,"('10.213.124.218', 2390)"
156.07,20158,128.55,67.42,"('10.213.124.218', 2390)"
157.08,20287,128.11,67.18,"('10.213.124.218', 2390)"
158.08,20418,130.78,68.58,"('10.213.124.218', 2390)"
159.1,20548,127.52,66.87,"('10.213.124.218', 2390)"
160.1,20679,130.66,68.52,"('10.213.124.218', 2390)"
161.1,20808,128.91,67.6,"('10.213.124.218', 2390)"
162.1,20936,127.83,67.04,"('10.213.124.218', 2390)"
163.1,21066,129.74,68.04,"('10.213.124.218', 2390)"
164.12,21196,128.11,67.18,"('10.213.124.218', 2390)"
165.12,21328,131.44,68.93,"('10.213.124.218', 2390)"
166.13,21456,127.32,66.77,"('10.213.124.218', 2390)"
167.14,21587,129.63,67.98,"('10.213.124.218', 2390)"
168.14,21718,130.42,68.4,"('10.213.124.218', 2390)"
169.16,21847,126.44,66.31,"('10.213.124.218', 2390)"
170.19,21979,128.68,67.48,"('10.213.124.218', 2390)"
171.19,22109,129.82,68.08,"('10.213.124.218', 2390)"
172.19,22241,131.66,69.05,"('10.213.124.218', 2390)"
173.19,22370,128.85,67.57,"('10.213.124.218', 2390)"
174.2,22499,128.61,67.45,"('10.213.124.218', 2390)"
175.2,22629,129.62,67.98,"('10.213.124.218', 2390)"
176.2,22757,127.78,67.01,"('10.213.124.218', 2390)"
177.21,22888,130.04,68.2,"('10.213.124.218', 2390)"
178.21,23018,129.93,68.14,"('10.213.124.218', 2390)"
179.21,23147,128.99,67.64,"('10.213.124.218', 2390)"
180.23,23277,127.56,66.9,"('10.213.124.218', 2390)"
181.24,23408,128.98,67.64,"('10.213.124.218', 2390)"
182.26,23539,129.31,67.81,"('10.213.124.218', 2390)"
183.26,23669,129.36,67.84,"('10.213.124.218', 2390)"
184.26,23800,130.83,68.61,"('10.213.124.218', 2390)"
185.27,23928,127.35,66.78,"('10.213.124.218', 2390)"
186.28,24058,129.17,67.74,"('10.213.124.218', 2390)"
187.28,24188,129.62,67.98,"('10.213.124.218', 2390)"
188.28,24317,128.77,67.53,"('10.213.124.218', 2390)"
189.29,24449,130.89,68.64,"('10.213.124.218', 2390)"
190.3,24579,128.42,67.35,"('10.213.124.218', 2390)"
191.31,24708,128.08,67.17,"('10.213.124.218', 2390)"
192.32,24840,130.78,68.59,"('10.213.124.218', 2390)"
193.32,24970,129.2,67.75,"('10.213.124.218', 2390)"
194.32,25098,127.89,67.07,"('10.213.124.218', 2390)"
195.33,25229,129.7,68.02,"('10.213.124.218', 2390)"
196.34,25354,124.67,65.38,"('10.213.124.218', 2390)"
197.34,25489,134.42,70.49,"('10.213.124.218', 2390)"
198.35,25619,129.26,67.79,"('10.213.124.218', 2390)"
199.36,25749,128.2,67.23,"('10.213.124.218', 2390)"
200.36,25879,129.75,68.04,"('10.213.124.218', 2390)"
201.37,26008,128.61,67.45,"('10.213.124.218', 2390)"
202.38,26138,128.33,67.3,"('10.213.124.218', 2390)"
203.39,26269,129.72,68.03,"('10.213.124.218', 2390)"
204.39,26399,129.97,68.16,"('10.213.124.218', 2390)"
205.39,26528,128.51,67.39,"('10.213.124.218', 2390)"
206.4,26657,128.68,67.48,"('10.213.124.218', 2390)"
207.42,26788,128.44,67.36,"('10.213.124.218', 2390)"
208.42,26919,130.81,68.6,"('10.213.124.218', 2390)"
209.42,27049,129.65,67.99,"('10.213.124.218', 2390)"
210.43,27177,127.05,66.63,"('10.213.124.218', 2390)"
211.45,27309,129.38,67.85,"('10.213.124.218', 2390)"
212.46,27440,129.93,68.14,"('10.213.124.218', 2390)"
213.46,27570,129.93,68.14,"('10.213.124.218', 2390)"
214.46,27700,129.21,67.76,"('10.213.124.218', 2390)"
215.47,27830,128.71,67.5,"('10.213.124.218', 2390)"
216.52,27959,123.14,64.58,"('10.213.124.218', 2390)"
217.52,28095,135.65,71.14,"('10.213.124.218', 2390)"
218.54,28225,127.73,66.98,"('10.213.124.218', 2390)"
219.59,28355,123.86,64.95,"('10.213.124.218', 2390)"
220.59,28490,134.63,70.6,"('10.213.124.218', 2390)"
221.59,28621,130.86,68.63,"('10.213.124.218', 2390)"
222.6,28751,129.22,67.76,"('10.213.124.218', 2390)"
223.6,28879,127.92,67.08,"('10.213.124.218', 2390)"
224.61,29010,130.35,68.36,"('10.213.124.218', 2390)"
225.61,29135,124.46,65.27,"('10.213.124.218', 2390)"
226.61,29269,133.81,70.17,"('10.213.124.218', 2390)"
227.62,29397,127.24,66.73,"('10.213.124.218', 2390)"
228.62,29528,130.28,68.32,"('10.213.124.218', 2390)"
229.62,29656,127.92,67.08,"('10.213.124.218', 2390)"
230.62,29786,129.86,68.1,"('10.213.124.218', 2390)"
231.62,29914,127.98,67.11,"('10.213.124.218', 2390)"
232.63,30046,131.4,68.91,"('10.213.124.218', 2390)"
233.64,30175,128.27,67.27,"('10.213.124.218', 2390)"
234.65,30305,128.25,67.25,"('10.213.124.218', 2390)"
235.66,30436,129.98,68.16,"('10.213.124.218', 2390)"
236.67,30567,129.18,67.74,"('10.213.124.218', 2390)"
237.68,30696,128.28,67.27,"('10.213.124.218', 2390)"
238.68,30826,129.82,68.08,"('10.213.124.218', 2390)"
239.68,30956,129.31,67.81,"('10.213.124.218', 2390)"
240.68,31086,129.89,68.12,"('10.213.124.218', 2390)"
241.69,31215,128.53,67.4,"('10.213.124.218', 2390)"
242.71,31345,126.55,66.37,"('10.213.124.218', 2390)"
243.72,31477,131.56,68.99,"('10.213.124.218', 2390)"
244.72,31608,130.3,68.33,"('10.213.124.218', 2390)"
245.73,31736,127.45,66.84,"('10.213.124.218', 2390)"
246.74,31867,128.98,67.64,"('10.213.124.218', 2390)"
247.75,31999,131.11,68.76,"('10.213.124.218', 2390)"
248.76,32128,127.34,66.78,"('10.213.124.218', 2390)"
249.77,32260,130.83,68.61,"('10.213.124.218', 2390)"
250.77,32389,128.79,67.54,"('10.213.124.218', 2390)"
251.79,32518,126.74,66.46,"('10.213.124.218', 2390)"
252.8,32649,130.21,68.28,"('10.213.124.218', 2390)"
253.8,32780,130.86,68.62,"('10.213.124.218', 2390)"
254.8,32909,128.87,67.58,"('10.213.124.218', 2390)"
255.81,33039,128.7,67.49,"('10.213.124.218', 2390)"
256.82,33170,129.28,67.8,"('10.213.124.218', 2390)"
257.83,33301,130.06,68.2,"('10.213.124.218', 2390)"
258.84,33430,128.15,67.2,"('10.213.124.218', 2390)"
259.87,33560,126.0,66.07,"('10.213.124.218', 2390)"
260.88,33689,127.71,66.97,"('10.213.124.218', 2390)"
261.89,33824,132.91,69.7,"('10.213.124.218', 2390)"
262.9,33955,130.14,68.25,"('10.213.124.218', 2390)"
263.9,34085,129.57,67.95,"('10.213.124.218', 2390)"
264.91,34215,129.58,67.95,"('10.213.124.218', 2390)"
265.92,34344,128.09,67.17,"('10.213.124.218', 2390)"
266.92,34474,129.17,67.74,"('10.213.124.218', 2390)"
267.94,34604,128.26,67.26,"('10.213.124.218', 2390)"
268.95,34735,129.05,67.68,"('10.213.124.218', 2390)"
269.95,34866,130.49,68.43,"('10.213.124.218', 2390)"
270.96,34996,129.6,67.96,"('10.213.124.218', 2390)"
271.96,35126,129.16,67.74,"('10.213.124.218', 2390)"
272.98,35256,128.36,67.32,"('10.213.124.218', 2390)"
273.98,35386,129.91,68.13,"('10.213.124.218', 2390)"
274.98,35513,126.95,66.57,"('10.213.124.218', 2390)"
275.98,35645,131.42,68.92,"('10.213.124.218', 2390)"
276.99,35774,128.1,67.18,"('10.213.124.218', 2390)"
278.01,35905,128.19,67.23,"('10.213.124.218', 2390)"
279.02,36036,130.31,68.34,"('10.213.124.218', 2390)"
280.04,36167,128.28,67.27,"('10.213.124.218', 2390)"
281.04,36298,130.94,68.67,"('10.213.124.218', 2390)"
282.04,36427,128.84,67.56,"('10.213.124.218', 2390)"
283.04,36557,129.42,67.87,"('10.213.124.218', 2390)"
284.05,36687,128.97,67.63,"('10.213.124.218', 2390)"
285.06,36817,128.48,67.38,"('10.213.124.218', 2390)"
286.06,36946,128.82,67.56,"('10.213.124.218', 2390)"
287.07,37077,130.21,68.28,"('10.213.124.218', 2390)"
288.07,37206,128.95,67.62,"('10.213.124.218', 2390)"
289.08,37336,129.28,67.79,"('10.213.124.218', 2390)"
290.09,37465,127.6,66.91,"('10.213.124.218', 2390)"
291.09,37596,130.58,68.48,"('10.213.124.218', 2390)"
292.1,37725,127.35,66.78,"('10.213.124.218', 2390)"
293.12,37856,129.29,67.8,"('10.213.124.218', 2390)"
294.12,37987,130.95,68.67,"('10.213.124.218', 2390)"
295.12,38117,129.17,67.74,"('10.213.124.218', 2390)"
296.13,38246,128.48,67.38,"('10.213.124.218', 2390)"
297.13,38376,129.7,68.02,"('10.213.124.218', 2390)"
298.14,38506,129.31,67.81,"('10.213.124.218', 2390)"
299.14,38635,128.86,67.58,"('10.213.124.218', 2390)"
300.16,38765,127.54,66.88,"('10.213.124.218', 2390)"
301.16,38895,129.28,67.8,"('10.213.124.218', 2390)"
302.16,39026,130.67,68.53,"('10.213.124.218', 2390)"
303.17,39156,129.43,67.87,"('10.213.124.218', 2390)"
304.17,39285,128.78,67.54,"('10.213.124.218', 2390)"
305.17,39413,127.72,66.98,"('10.213.124.218', 2390)"
306.17,39544,130.91,68.65,"('10.213.124.218', 2390)"
307.19,39674,127.41,66.81,"('10.213.124.218', 2390)"
308.2,39806,130.61,68.49,"('10.213.124.218', 2390)"
309.21,39933,126.55,66.36,"('10.213.124.218', 2390)"
310.22,40063,128.83,67.56,"('10.213.124.218', 2390)"
311.23,40195,130.53,68.45,"('10.213.124.218', 2390)"
312.23,40326,130.93,68.66,"('10.213.124.218', 2390)"
313.24,40455,127.27,66.74,"('10.213.124.218', 2390)"
314.25,40587,130.32,68.34,"('10.213.124.218', 2390)"
315.27,40715,125.68,65.91,"('10.213.124.218', 2390)"
316.29,40849,131.61,69.02,"('10.213.124.218', 2390)"
317.3,40981,131.0,68.7,"('10.213.124.218', 2390)"
318.3,41110,128.29,67.28,"('10.213.124.218', 2390)"
319.31,41240,129.4,67.86,"('10.213.124.218', 2390)"
320.31,41370,129.85,68.09,"('10.213.124.218', 2390)"
321.32,41498,127.29,66.75,"('10.213.124.218', 2390)"
322.33,41629,129.2,67.75,"('10.213.124.218', 2390)"
323.34,41759,129.17,67.74,"('10.213.124.218', 2390)"
324.34,41890,130.92,68.65,"('10.213.124.218', 2390)"
325.34,42019,128.97,67.64,"('10.213.124.218', 2390)"
326.34,42149,129.46,67.89,"('10.213.124.218', 2390)"
327.35,42277,127.06,66.63,"('10.213.124.218', 2390)"
328.35,42409,131.24,68.83,"('10.213.124.218', 2390)"
329.36,42538,128.29,67.28,"('10.213.124.218', 2390)"
330.36,42668,129.56,67.94,"('10.213.124.218', 2390)"
331.38,42797,127.44,66.83,"('10.213.124.218', 2390)"
332.39,42929,129.58,67.96,"('10.213.124.218', 2390)"
333.41,43058,126.72,66.45,"('10.213.124.218', 2390)"
334.43,43192,131.59,69.01,"('10.213.124.218', 2390)"
335.43,43322,129.73,68.03,"('10.213.124.218', 2390)"
336.44,43453,130.35,68.36,"('10.213.124.218', 2390)"
337.7,43505,41.14,21.57,"('10.213.124.218', 2390)"
341.0,43655,45.51,23.87,"('10.213.124.218', 2390)"
346.49,44111,82.98,43.51,"('10.213.124.218', 2390)"
348.99,44784,269.82,141.5,"('10.213.124.218', 2390)"
350.14,45091,265.89,139.44,"('10.213.124.218', 2390)"
351.15,45353,260.13,136.42,"('10.213.124.218', 2390)"
356.49,45400,8.79,4.61,"('10.213.124.218', 2390)"
358.97,46080,275.06,144.24,"('10.213.124.218', 2390)"
360.01,46375,284.12,148.99,"('10.213.124.218', 2390)"
361.02,46606,226.69,118.88,"('10.213.124.218', 2390)"
362.03,46757,150.0,78.66,"('10.213.124.218', 2390)"
363.03,46888,130.67,68.52,"('10.213.124.218', 2390)"
364.05,47017,126.67,66.43,"('10.213.124.218', 2390)"
365.05,47149,131.72,69.08,"('10.213.124.218', 2390)"
366.06,47278,127.6,66.91,"('10.213.124.218', 2390)"
367.09,47409,128.21,67.24,"('10.213.124.218', 2390)"
368.09,47540,130.14,68.25,"('10.213.124.218', 2390)"
369.1,47672,131.03,68.71,"('10.213.124.218', 2390)"
370.1,47801,128.99,67.65,"('10.213.124.218', 2390)"
371.11,47930,127.56,66.89,"('10.213.124.218', 2390)"
372.11,48060,129.73,68.03,"('10.213.124.218', 2390)"
373.13,48190,128.56,67.42,"('10.213.124.218', 2390)"
374.13,48320,129.91,68.13,"('10.213.124.218', 2390)"
375.13,48449,128.17,67.21,"('10.213.124.218', 2390)"
376.14,48581,130.9,68.65,"('10.213.124.218', 2390)"
377.15,48710,128.26,67.26,"('10.213.124.218', 2390)"
378.15,48839,128.33,67.3,"('10.213.124.218', 2390)"
379.16,48971,131.21,68.81,"('10.213.124.218', 2390)"
380.16,49099,127.97,67.11,"('10.213.124.218', 2390)"
381.16,49228,128.91,67.6,"('10.213.124.218', 2390)"
382.16,49359,130.75,68.56,"('10.213.124.218', 2390)"
383.18,49489,127.27,66.74,"('10.213.124.218', 2390)"
384.2,49619,128.27,67.27,"('10.213.124.218', 2390)"
385.2,49750,130.79,68.59,"('10.213.124.218', 2390)"
386.21,49879,126.95,66.58,"('10.213.124.218', 2390)"
387.22,50012,131.56,68.99,"('10.213.124.218', 2390)"
388.22,50141,128.94,67.62,"('10.213.124.218', 2390)"
389.24,50272,129.41,67.86,"('10.213.124.218', 2390)"
390.25,50403,129.17,67.74,"('10.213.124.218', 2390)"
391.27,50533,128.17,67.22,"('10.213.124.218', 2390)"
392.27,50664,130.93,68.66,"('10.213.124.218', 2390)"
393.29,50794,127.41,66.82,"('10.213.124.218', 2390)"
394.29,50925,130.17,68.26,"('10.213.124.218', 2390)"
395.29,51055,129.89,68.12,"('10.213.124.218', 2390)"
396.32,51185,127.24,66.73,"('10.213.124.218', 2390)"
397.33,51316,129.38,67.85,"('10.213.124.218', 2390)"
398.33,51447,130.63,68.5,"('10.213.124.218', 2390)"
399.33,51575,127.7,66.97,"('10.213.124.218', 2390)"
400.34,51705,128.78,67.53,"('10.213.124.218', 2390)"
401.35,51837,131.4,68.91,"('10.213.124.218', 2390)"
402.35,51966,128.37,67.32,"('10.213.124.218', 2390)"
403.36,52095,128.43,67.35,"('10.213.124.218', 2390)"
404.36,52226,130.56,68.47,"('10.213.124.218', 2390)"
405.38,52356,127.48,66.85,"('10.213.124.218', 2390)"
406.38,52486,129.66,67.99,"('10.213.124.218', 2390)"
407.39,52617,129.52,67.92,"('10.213.124.218', 2390)"
408.41,52748,128.32,67.29,"('10.213.124.218', 2390)"
409.42,52878,129.13,67.72,"('10.213.124.218', 2390)"
410.42,53008,129.76,68.05,"('10.213.124.218', 2390)"
411.45,53139,128.21,67.23,"('10.213.124.218', 2390)"
412.46,53269,128.47,67.37,"('10.213.124.218', 2390)"
413.46,53401,131.19,68.8,"('10.213.124.218', 2390)"
414.47,53532,129.99,68.17,"('10.213.124.218', 2390)"
415.47,53661,128.58,67.43,"('10.213.124.218', 2390)"
416.48,53790,127.94,67.09,"('10.213.124.218', 2390)"
421.1,53845,11.9,6.24,"('10.213.124.218', 2390)"
425.24,54454,147.21,77.2,"('10.213.124.218', 2390)"
426.24,55052,597.25,313.2,"('10.213.124.218', 2390)"
427.24,55179,126.86,66.53,"('10.213.124.218', 2390)"
428.25,55310,129.97,68.16,"('10.213.124.218', 2390)"
429.25,55441,130.96,68.68,"('10.213.124.218', 2390)"
430.26,55571,129.15,67.73,"('10.213.124.218', 2390)"
431.26,55699,127.25,66.73,"('10.213.124.218', 2390)"
432.27,55828,128.24,67.25,"('10.213.124.218', 2390)"
433.27,55959,130.7,68.54,"('10.213.124.218', 2390)"
434.28,56090,130.45,68.41,"('10.213.124.218', 2390)"
435.29,56219,127.36,66.79,"('10.213.124.218', 2390)"
436.3,56350,129.9,68.12,"('10.213.124.218', 2390)"
437.3,56480,129.31,67.81,"('10.213.124.218', 2390)"
438.31,56609,128.18,67.22,"('10.213.124.218', 2390)"
439.32,56741,130.03,68.19,"('10.213.124.218', 2390)"
440.33,56871,129.77,68.05,"('10.213.124.218', 2390)"
441.34,57000,127.24,66.73,"('10.213.124.218', 2390)"
442.36,57130,127.25,66.73,"('10.213.124.218', 2390)"
443.37,57264,132.6,69.54,"('10.213.124.218', 2390)"
444.37,57394,129.97,68.16,"('10.213.124.218', 2390)"
445.38,57522,127.37,66.79,"('10.213.124.218', 2390)"
446.38,57652,129.9,68.12,"('10.213.124.218', 2390)"
447.39,57783,129.68,68.01,"('10.213.124.218', 2390)"
448.4,57913,127.77,67.0,"('10.213.124.218', 2390)"
449.42,58045,130.36,68.36,"('10.213.124.218', 2390)"
450.42,58175,129.86,68.1,"('10.213.124.218', 2390)"
451.43,58305,128.32,67.29,"('10.213.124.218', 2390)"
452.43,58435,129.84,68.09,"('10.213.124.218', 2390)"
453.44,58564,128.49,67.38,"('10.213.124.218', 2390)"
454.44,58695,129.99,68.17,"('10.213.124.218', 2390)"
455.44,58823,127.95,67.1,"('10.213.124.218', 2390)"
456.45,58951,127.0,66.6,"('10.213.124.218', 2390)"
457.46,59084,132.66,69.57,"('10.213.124.218', 2390)"
458.46,59212,127.95,67.1,"('10.213.124.218', 2390)"
459.46,59342,129.51,67.92,"('10.213.124.218', 2390)"
460.47,59471,128.05,67.15,"('10.213.124.218', 2390)"
461.48,59603,130.88,68.64,"('10.213.124.218', 2390)"
462.48,59731,127.56,66.9,"('10.213.124.218', 2390)"
463.48,59860,128.9,67.6,"('10.213.124.218', 2390)"
464.48,59990,129.83,68.08,"('10.213.124.218', 2390)"
465.48,60121,130.51,68.44,"('10.213.124.218', 2390)"
466.51,60251,127.14,66.68,"('10.213.124.218', 2390)"
467.51,60382,130.36,68.36,"('10.213.124.218', 2390)"
468.51,60511,128.95,67.62,"('10.213.124.218', 2390)"
469.53,60641,127.67,66.95,"('10.213.124.218', 2390)"
470.53,60770,128.96,67.63,"('10.213.124.218', 2390)"
471.54,60901,130.23,68.29,"('10.213.124.218', 2390)"
472.54,61032,129.98,68.16,"('10.213.124.218', 2390)"
473.54,61161,128.97,67.63,"('10.213.124.218', 2390)"
474.56,61291,127.63,66.93,"('10.213.124.218', 2390)"
475.62,61422,123.57,64.8,"('10.213.124.218', 2390)"
476.64,61559,134.98,70.79,"('10.213.124.218', 2390)"
477.64,61690,130.93,68.66,"('10.213.124.218', 2390)"
478.64,61815,124.83,65.46,"('10.213.124.218', 2390)"
479.64,61949,133.63,70.08,"('10.213.124.218', 2390)"
480.66,62078,127.38,66.8,"('10.213.124.218', 2390)"
481.66,62208,129.82,68.08,"('10.213.124.218', 2390)"
482.67,62339,129.83,68.08,"('10.213.124.218', 2390)"
483.67,62468,128.67,67.48,"('10.213.124.218', 2390)"
484.68,62599,130.14,68.25,"('10.213.124.218', 2390)"
485.68,62727,127.87,67.06,"('10.213.124.218', 2390)"
486.68,62858,130.37,68.37,"('10.213.124.218', 2390)"
487.68,62987,128.96,67.63,"('10.213.124.218', 2390)"
488.69,63116,127.7,66.97,"('10.213.124.218', 2390)"
491.28,63215,38.29,20.08,"('10.213.124.218', 2390)"
493.16,63520,162.04,84.98,"('10.213.124.218', 2390)"
494.17,63825,302.8,158.79,"('10.213.124.218', 2390)"
495.59,63827,1.4,0.74,"('10.213.124.218', 2390)"
496.69,64132,277.88,145.72,"('10.213.124.218', 2390)"
501.29,64198,14.35,7.52,"('10.213.124.218', 2390)"
502.29,64875,673.75,353.32,"('10.213.124.218', 2390)"
504.8,64883,3.19,1.67,"('10.213.124.218', 2390)"
506.68,64884,0.53,0.28,"('10.213.124.218', 2390)"
507.68,65571,686.12,359.81,"('10.213.124.218', 2390)"
508.69,65701,128.44,67.36,"('10.213.124.218', 2390)"
509.7,65832,130.11,68.23,"('10.213.124.218', 2390)"
510.7,65960,127.73,66.98,"('10.213.124.218', 2390)"
511.71,66091,130.5,68.44,"('10.213.124.218', 2390)"
512.72,66220,127.46,66.84,"('10.213.124.218', 2390)"
513.72,66351,130.9,68.65,"('10.213.124.218', 2390)"
514.73,66481,129.12,67.71,"('10.213.124.218', 2390)"
515.73,66611,129.34,67.83,"('10.213.124.218', 2390)"
516.74,66741,129.19,67.75,"('10.213.124.218', 2390)"
518.74,66786,22.44,11.77,"('10.213.124.218', 2390)"
520.27,66787,0.66,0.34,"('10.213.124.218', 2390)"
521.31,67303,493.91,259.01,"('10.213.124.218', 2390)"
523.96,67378,28.39,14.89,"('10.213.124.218', 2390)"
525.5,67763,249.98,131.09,"('10.213.124.218', 2390)"
527.13,67907,88.06,46.18,"('10.213.124.218', 2390)"
528.72,68143,148.66,77.96,"('10.213.124.218', 2390)"
529.74,68418,270.37,141.79,"('10.213.124.218', 2390)"
530.74,68549,130.23,68.29,"('10.213.124.218', 2390)"
531.75,68679,129.23,67.77,"('10.213.124.218', 2390)"
532.77,68809,127.25,66.73,"('10.213.124.218', 2390)"
533.77,68940,130.92,68.66,"('10.213.124.218', 2390)"
534.77,69069,128.49,67.38,"('10.213.124.218', 2390)"
535.78,69200,130.18,68.27,"('10.213.124.218', 2390)"
536.78,69330,129.96,68.15,"('10.213.124.218', 2390)"
537.79,69459,127.38,66.8,"('10.213.124.218', 2390)"
538.8,69590,130.63,68.5,"('10.213.124.218', 2390)"
539.81,69720,127.72,66.98,"('10.213.124.218', 2390)"
540.82,69850,129.65,67.99,"('10.213.124.218', 2390)"
541.83,69981,128.73,67.51,"('10.213.124.218', 2390)"
542.84,70113,130.87,68.63,"('10.213.124.218', 2390)"
543.85,70243,129.19,67.75,"('10.213.124.218', 2390)"
544.87,70373,127.49,66.86,"('10.213.124.218', 2390)"
545.88,70504,129.22,67.76,"('10.213.124.218', 2390)"
546.88,70635,130.97,68.68,"('10.213.124.218', 2390)"
547.9,70765,127.42,66.82,"('10.213.124.218', 2390)"
548.9,70896,130.96,68.68,"('10.213.124.218', 2390)"
549.91,71026,129.21,67.76,"('10.213.124.218', 2390)"
550.92,71155,127.98,67.12,"('10.213.124.218', 2390)"
551.93,71285,128.53,67.4,"('10.213.124.218', 2390)"
552.93,71415,129.21,67.76,"('10.213.124.218', 2390)"
553.95,71547,130.28,68.32,"('10.213.124.218', 2390)"
554.95,71677,129.95,68.15,"('10.213.124.218', 2390)"
555.97,71805,125.72,65.93,"('10.213.124.218', 2390)"
556.97,71935,129.07,67.69,"('10.213.124.218', 2390)"
557.98,72066,130.59,68.48,"('10.213.124.218', 2390)"
558.99,72198,130.55,68.46,"('10.213.124.218', 2390)"
560.0,72329,129.67,68.0,"('10.213.124.218', 2390)"
561.0,72458,128.48,67.38,"('10.213.124.218', 2390)"
562.01,72588,128.55,67.41,"('10.213.124.218', 2390)"
563.03,72720,129.27,67.79,"('10.213.124.218', 2390)"
564.04,72851,130.64,68.51,"('10.213.124.218', 2390)"
565.07,72980,124.43,65.25,"('10.213.124.218', 2390)"
566.09,73113,131.56,68.99,"('10.213.124.218', 2390)"
567.09,73246,131.98,69.21,"('10.213.124.218', 2390)"
568.09,73374,127.86,67.05,"('10.213.124.218', 2390)"
569.1,73505,130.43,68.4,"('10.213.124.218', 2390)"
570.11,73635,128.29,67.28,"('10.213.124.218', 2390)"
571.12,73764,127.68,66.96,"('10.213.124.218', 2390)"
572.13,73896,131.43,68.92,"('10.213.124.218', 2390)"
573.13,74026,129.38,67.85,"('10.213.124.218', 2390)"
574.14,74155,128.06,67.16,"('10.213.124.218', 2390)"
575.14,74285,129.44,67.88,"('10.213.124.218', 2390)"
576.15,74416,129.51,67.92,"('10.213.124.218', 2390)"
577.2,74545,123.48,64.76,"('10.213.124.218', 2390)"
578.21,74681,134.72,70.65,"('10.213.124.218', 2390)"
579.22,74812,129.36,67.84,"('10.213.124.218', 2390)"
580.23,74942,129.17,67.74,"('10.213.124.218', 2390)"
581.23,75072,129.96,68.15,"('10.213.124.218', 2390)"
582.23,75202,129.12,67.71,"('10.213.124.218', 2390)"
583.25,75331,127.24,66.73,"('10.213.124.218', 2390)"
584.26,75463,130.95,68.67,"('10.213.124.218', 2390)"
585.26,75593,129.27,67.79,"('10.213.124.218', 2390)"
586.27,75722,128.23,67.25,"('10.213.124.218', 2390)"
587.28,75852,129.09,67.7,"('10.213.124.218', 2390)"
588.28,75982,129.98,68.16,"('10.213.124.218', 2390)"
589.28,76110,127.93,67.09,"('10.213.124.218', 2390)"
590.28,76240,129.83,68.09,"('10.213.124.218', 2390)"
591.28,76371,130.48,68.42,"('10.213.124.218', 2390)"
592.29,76501,129.05,67.68,"('10.213.124.218', 2390)"
593.29,76631,129.28,67.8,"('10.213.124.218', 2390)"
594.3,76761,129.11,67.71,"('10.213.124.218', 2390)"
595.31,76891,129.18,67.74,"('10.213.124.218', 2390)"
596.31,77021,129.17,67.74,"('10.213.124.218', 2390)"
597.32,77151,128.95,67.62,"('10.213.124.218', 2390)"
598.33,77281,129.55,67.94,"('10.213.124.218', 2390)"
599.33,77410,128.96,67.63,"('10.213.124.218', 2390)"
600.33,77538,127.59,66.91,"('10.213.124.218', 2390)"
601.33,77669,130.92,68.66,"('10.213.124.218', 2390)"
602.33,77798,128.47,67.37,"('10.213.124.218', 2390)"
603.34,77928,129.3,67.81,"('10.213.124.218', 2390)"
604.35,78057,128.22,67.24,"('10.213.124.218', 2390)"
605.37,78189,129.13,67.72,"('10.213.124.218', 2390)"
606.37,78319,129.97,68.16,"('10.213.124.218', 2390)"
607.38,78450,130.02,68.18,"('10.213.124.218', 2390)"
608.38,78579,128.73,67.51,"('10.213.124.218', 2390)"
609.38,78709,129.93,68.14,"('10.213.124.218', 2390)"
610.38,78839,129.3,67.81,"('10.213.124.218', 2390)"
611.39,78969,129.2,67.75,"('10.213.124.218', 2390)"
612.39,79098,128.75,67.52,"('10.213.124.218', 2390)"
613.39,79228,129.59,67.96,"('10.213.124.218', 2390)"
614.42,79357,126.38,66.28,"('10.213.124.218', 2390)"
615.42,79489,131.16,68.78,"('10.213.124.218', 2390)"
616.42,79619,129.98,68.16,"('10.213.124.218', 2390)"
617.43,79749,128.45,67.36,"('10.213.124.218', 2390)"
618.44,79878,128.83,67.56,"('10.213.124.218', 2390)"
619.44,80009,130.45,68.41,"('10.213.124.218', 2390)"
620.45,80137,127.3,66.76,"('10.213.124.218', 2390)"
621.45,80267,129.83,68.09,"('10.213.124.218', 2390)"
622.46,80398,128.75,67.52,"('10.213.124.218', 2390)"
623.47,80528,129.07,67.68,"('10.213.124.218', 2390)"
624.49,80659,129.17,67.74,"('10.213.124.218', 2390)"
625.49,80788,128.89,67.59,"('10.213.124.218', 2390)"
626.5,80920,130.56,68.47,"('10.213.124.218', 2390)"
627.5,81051,130.01,68.18,"('10.213.124.218', 2390)"
628.51,81177,125.91,66.03,"('10.213.124.218', 2390)"
629.52,81309,130.71,68.54,"('10.213.124.218', 2390)"
630.52,81439,129.08,67.69,"('10.213.124.218', 2390)"
631.54,81571,130.32,68.34,"('10.213.124.218', 2390)"
632.55,81702,128.77,67.53,"('10.213.124.218', 2390)"
633.56,81833,130.49,68.43,"('10.213.124.218', 2390)"
634.57,81963,128.25,67.26,"('10.213.124.218', 2390)"
635.57,82093,129.82,68.08,"('10.213.124.218', 2390)"
636.57,82223,129.58,67.95,"('10.213.124.218', 2390)"
637.59,82353,127.48,66.85,"('10.213.124.218', 2390)"
638.6,82484,130.15,68.25,"('10.213.124.218', 2390)"
639.61,82612,127.12,66.67,"('10.213.124.218', 2390)"
640.61,82742,129.83,68.08,"('10.213.124.218', 2390)"
641.62,82872,129.09,67.69,"('10.213.124.218', 2390)"
642.63,83003,129.77,68.06,"('10.213.124.218', 2390)"
643.63,83133,129.68,68.0,"('10.213.124.218', 2390)"
644.64,83264,130.02,68.18,"('10.213.124.218', 2390)"
645.64,83394,128.95,67.62,"('10.213.124.218', 2390)"
646.66,83524,127.99,67.12,"('10.213.124.218', 2390)"
647.67,83655,129.48,67.9,"('10.213.124.218', 2390)"
648.67,83786,130.83,68.61,"('10.213.124.218', 2390)"
649.69,83916,128.33,67.3,"('10.213.124.218', 2390)"
650.7,84046,127.63,66.93,"('10.213.124.218', 2390)"
651.73,84178,128.85,67.57,"('10.213.124.218', 2390)"
652.73,84311,132.42,69.44,"('10.213.124.218', 2390)"
653.74,84441,129.31,67.81,"('10.213.124.218', 2390)"
654.74,84571,129.23,67.77,"('10.213.124.218', 2390)"
655.76,84701,128.45,67.36,"('10.213.124.218', 2390)"
656.76,84832,130.03,68.19,"('10.213.124.218', 2390)"
657.78,84962,127.42,66.82,"('10.213.124.218', 2390)"
658.79,85092,129.82,68.08,"('10.213.124.218', 2390)"
659.79,85220,127.0,66.6,"('10.213.124.218', 2390)"
660.8,85353,131.98,69.21,"('10.213.124.218', 2390)"
661.8,85482,128.74,67.51,"('10.213.124.218', 2390)"
662.81,85613,130.53,68.45,"('10.213.124.218', 2390)"
663.82,85742,127.48,66.85,"('10.213.124.218', 2390)"
664.83,85873,128.98,67.64,"('10.213.124.218', 2390)"
665.84,86005,131.37,68.89,"('10.213.124.218', 2390)"
666.85,86130,123.17,64.59,"('10.213.124.218', 2390)"
667.86,86265,134.86,70.72,"('10.213.124.218', 2390)"
668.86,86395,129.9,68.12,"('10.213.124.218', 2390)"
669.86,86524,128.42,67.35,"('10.213.124.218', 2390)"
670.87,86655,130.09,68.22,"('10.213.124.218', 2390)"
671.87,86783,127.2,66.71,"('10.213.124.218', 2390)"
672.88,86915,131.22,68.81,"('10.213.124.218', 2390)"
673.88,87045,129.41,67.86,"('10.213.124.218', 2390)"
674.9,87174,127.47,66.84,"('10.213.124.218', 2390)"
675.9,87306,130.98,68.69,"('10.213.124.218', 2390)"
676.91,87436,129.11,67.71,"('10.213.124.218', 2390)"
677.92,87565,128.4,67.34,"('10.213.124.218', 2390)"
678.92,87695,129.46,67.89,"('10.213.124.218', 2390)"
679.93,87823,126.83,66.51,"('10.213.124.218', 2390)"
680.95,87955,129.66,67.99,"('10.213.124.218', 2390)"
681.95,88087,131.32,68.87,"('10.213.124.218', 2390)"
682.96,88216,128.3,67.28,"('10.213.124.218', 2390)"
683.96,88347,130.75,68.57,"('10.213.124.218', 2390)"
684.97,88477,128.78,67.54,"('10.213.124.218', 2390)"
686.0,88607,125.82,65.98,"('10.213.124.218', 2390)"
687.01,88741,133.58,70.05,"('10.213.124.218', 2390)"
688.01,88871,129.05,67.67,"('10.213.124.218', 2390)"
689.02,89000,128.43,67.35,"('10.213.124.218', 2390)"
690.03,89131,129.46,67.89,"('10.213.124.218', 2390)"
691.04,89261,128.13,67.19,"('10.213.124.218', 2390)"
692.06,89393,129.46,67.89,"('10.213.124.218', 2390)"
693.08,89525,130.3,68.33,"('10.213.124.218', 2390)"
694.08,89652,126.86,66.53,"('10.213.124.218', 2390)"
695.09,89785,131.68,69.06,"('10.213.124.218', 2390)"
696.09,89916,130.06,68.2,"('10.213.124.218', 2390)"
697.11,90046,128.56,67.42,"('10.213.124.218', 2390)"
698.11,90175,128.85,67.57,"('10.213.124.218', 2390)"
699.11,90305,129.37,67.84,"('10.213.124.218', 2390)"
700.12,90436,129.53,67.93,"('10.213.124.218', 2390)"
701.13,90567,130.09,68.22,"('10.213.124.218', 2390)"
702.14,90697,129.29,67.8,"('10.213.124.218', 2390)"
703.16,90826,126.53,66.35,"('10.213.124.218', 2390)"
704.16,90959,132.11,69.28,"('10.213.124.218', 2390)"
705.17,91089,129.12,67.71,"('10.213.124.218', 2390)"
706.17,91219,129.26,67.79,"('10.213.124.218', 2390)"
707.19,91349,127.68,66.96,"('10.213.124.218', 2390)"
708.21,91480,129.27,67.79,"('10.213.124.218', 2390)"
709.21,91611,129.96,68.15,"('10.213.124.218', 2390)"
710.22,91739,127.59,66.91,"('10.213.124.218', 2390)"
711.24,91872,130.24,68.3,"('10.213.124.218', 2390)"
712.25,92003,129.3,67.81,"('10.213.124.218', 2390)"
713.25,92133,129.91,68.12,"('10.213.124.218', 2390)"
714.26,92264,130.55,68.46,"('10.213.124.218', 2390)"
715.26,92392,127.4,66.81,"('10.213.124.218', 2390)"
716.27,92523,130.28,68.32,"('10.213.124.218', 2390)"
717.27,92652,128.6,67.44,"('10.213.124.218', 2390)"
718.27,92782,129.97,68.16,"('10.213.124.218', 2390)"
719.28,92913,130.13,68.24,"('10.213.124.218', 2390)"
720.28,93041,127.77,67.0,"('10.213.124.218', 2390)"
721.28,93172,130.74,68.56,"('10.213.124.218', 2390)"
722.28,93302,129.39,67.85,"('10.213.124.218', 2390)"
724.0,93410,63.02,33.05,"('10.213.124.218', 2390)"
726.5,93564,61.64,32.32,"('10.213.124.218', 2390)"
727.5,93976,411.14,215.61,"('10.213.124.218', 2390)"
730.32,94009,11.7,6.13,"('10.213.124.218', 2390)"
734.58,94396,90.82,47.62,"('10.213.124.218', 2390)"
737.52,94926,180.58,94.7,"('10.213.124.218', 2390)"
738.71,95375,377.45,197.94,"('10.213.124.218', 2390)"
739.95,95523,118.76,62.28,"('10.213.124.218', 2390)"
741.73,95682,89.37,46.87,"('10.213.124.218', 2390)"
744.46,95827,53.21,27.9,"('10.213.124.218', 2390)"
746.12,96291,278.59,146.1,"('10.213.124.218', 2390)"
747.16,96514,215.24,112.88,"('10.213.124.218', 2390)"
748.17,96648,133.01,69.75,"('10.213.124.218', 2390)"
749.17,96776,127.98,67.12,"('10.213.124.218', 2390)"
750.17,96907,130.93,68.66,"('10.213.124.218', 2390)"
751.17,97037,129.08,67.69,"('10.213.124.218', 2390)"
752.18,97165,126.57,66.37,"('10.213.124.218', 2390)"
753.19,97296,130.48,68.43,"('10.213.124.218', 2390)"
754.19,97426,129.28,67.8,"('10.213.124.218', 2390)"
755.2,97555,128.27,67.27,"('10.213.124.218', 2390)"
756.2,97686,130.62,68.5,"('10.213.124.218', 2390)"
757.21,97817,130.02,68.19,"('10.213.124.218', 2390)"
758.22,97948,130.15,68.26,"('10.213.124.218', 2390)"
759.22,98076,127.57,66.9,"('10.213.124.218', 2390)"
760.23,98206,129.26,67.79,"('10.213.124.218', 2390)"
761.23,98336,129.88,68.11,"('10.213.124.218', 2390)"
762.25,98467,127.73,66.98,"('10.213.124.218', 2390)"
763.26,98598,130.35,68.36,"('10.213.124.218', 2390)"
764.26,98730,131.05,68.72,"('10.213.124.218', 2390)"
765.28,98859,127.63,66.93,"('10.213.124.218', 2390)"
766.29,98990,129.47,67.9,"('10.213.124.218', 2390)"
767.29,99122,131.13,68.76,"('10.213.124.218', 2390)"
768.3,99252,129.22,67.77,"('10.213.124.218', 2390)"
769.31,99381,127.59,66.91,"('10.213.124.218', 2390)"
770.31,99512,130.76,68.57,"('10.213.124.218', 2390)"
771.31,99640,127.91,67.08,"('10.213.124.218', 2390)"
772.33,99772,130.21,68.28,"('10.213.124.218', 2390)"
773.33,99902,129.53,67.93,"('10.213.124.218', 2390)"
774.35,100033,128.33,67.3,"('10.213.124.218', 2390)"
775.36,100165,131.18,68.79,"('10.213.124.218', 2390)"
776.36,100293,127.34,66.78,"('10.213.124.218', 2390)"
777.38,100421,125.83,65.99,"('10.213.124.218', 2390)"
778.39,100556,133.09,69.79,"('10.213.124.218', 2390)"
779.4,100687,130.85,68.62,"('10.213.124.218', 2390)"
780.4,100816,128.68,67.48,"('10.213.124.218', 2390)"
781.41,100947,129.48,67.9,"('10.213.124.218', 2390)"
782.42,101076,128.25,67.26,"('10.213.124.218', 2390)"
783.42,101207,130.61,68.49,"('10.213.124.218', 2390)"
784.43,101337,128.09,67.17,"('10.213.124.218', 2390)"
785.43,101468,130.92,68.65,"('10.213.124.218', 2390)"
786.44,101598,129.55,67.94,"('10.213.124.218', 2390)"
787.46,101728,127.61,66.92,"('10.213.124.218', 2390)"
788.47,101860,130.32,68.34,"('10.213.124.218', 2390)"
789.48,101991,130.23,68.29,"('10.213.124.218', 2390)"
790.48,102121,129.2,67.75,"('10.213.124.218', 2390)"
791.49,102251,129.45,67.88,"('10.213.124.218', 2390)"
792.49,102379,127.59,66.91,"('10.213.124.218', 2390)"
793.51,102511,129.36,67.84,"('10.213.124.218', 2390)"
794.51,102641,129.31,67.81,"('10.213.124.218', 2390)"
795.55,102773,127.04,66.62,"('10.213.124.218', 2390)"
796.57,102907,131.7,69.07,"('10.213.124.218', 2390)"
797.58,103039,131.15,68.78,"('10.213.124.218', 2390)"
798.73,103043,3.47,1.82,"('10.213.124.218', 2390)"
799.73,103317,272.87,143.1,"('10.213.124.218', 2390)"
800.75,103448,128.39,67.33,"('10.213.124.218', 2390)"
801.76,103580,131.23,68.82,"('10.213.124.218', 2390)"
802.77,103709,127.47,66.85,"('10.213.124.218', 2390)"
803.77,103840,130.93,68.66,"('10.213.124.218', 2390)"
804.78,103970,129.59,67.96,"('10.213.124.218', 2390)"
805.79,104100,127.58,66.91,"('10.213.124.218', 2390)"
807.01,104178,64.22,33.68,"('10.213.124.218', 2390)"
810.92,104341,41.67,21.85,"('10.213.124.218', 2390)"
812.56,104791,274.77,144.09,"('10.213.124.218', 2390)"
815.44,105015,77.85,40.83,"('10.213.124.218', 2390)"
817.02,105392,238.73,125.19,"('10.213.124.218', 2390)"
819.78,105621,82.91,43.48,"('10.213.124.218', 2390)"
820.92,105931,270.7,141.96,"('10.213.124.218', 2390)"
822.0,106144,197.11,103.37,"('10.213.124.218', 2390)"
824.54,106232,34.67,18.18,"('10.213.124.218', 2390)"
825.58,106609,361.46,189.55,"('10.213.124.218', 2390)"
827.05,106680,48.6,25.49,"('10.213.124.218', 2390)"
830.58,106979,84.62,44.37,"('10.213.124.218', 2390)"
833.55,107356,126.93,66.56,"('10.213.124.218', 2390)"
836.52,107745,131.13,68.76,"('10.213.124.218', 2390)"
837.52,108207,459.06,240.74,"('10.213.124.218', 2390)"
839.61,108271,30.68,16.09,"('10.213.124.218', 2390)"
840.77,108504,201.14,105.48,"('10.213.124.218', 2390)"
847.05,108648,22.91,12.01,"('10.213.124.218', 2390)"
850.76,109412,205.86,107.96,"('10.213.124.218', 2390)"
856.41,109786,66.3,34.77,"('10.213.124.218', 2390)"
857.48,110619,773.21,405.48,"('10.213.124.218', 2390)"
859.17,110695,45.13,23.67,"('10.213.124.218', 2390)"
860.89,110920,130.39,68.38,"('10.213.124.218', 2390)"
861.9,111216,294.23,154.3,"('10.213.124.218', 2390)"
862.9,111346,129.52,67.92,"('10.213.124.218', 2390)"
865.62,111377,11.41,5.99,"('10.213.124.218', 2390)"
867.07,111759,263.12,137.98,"('10.213.124.218', 2390)"
868.38,111980,168.45,88.34,"('10.213.124.218', 2390)"
871.08,112059,29.28,15.36,"('10.213.124.218', 2390)"
873.06,112442,193.6,101.53,"('10.213.124.218', 2390)"
875.0,112443,0.52,0.27,"('10.213.124.218', 2390)"
876.95,112975,273.34,143.35,"('10.213.124.218', 2390)"
880.27,113272,89.37,46.86,"('10.213.124.218', 2390)"
882.26,113644,187.26,98.2,"('10.213.124.218', 2390)"
884.5,113879,104.47,54.79,"('10.213.124.218', 2390)"
885.51,114271,391.45,205.28,"('10.213.124.218', 2390)"
886.51,114401,129.44,67.88,"('10.213.124.218', 2390)"
887.52,114527,124.6,65.34,"('10.213.124.218', 2390)"
888.53,114661,132.39,69.43,"('10.213.124.218', 2390)"
889.54,114793,131.27,68.84,"('10.213.124.218', 2390)"
890.56,114923,127.65,66.94,"('10.213.124.218', 2390)"
891.56,115055,131.21,68.81,"('10.213.124.218', 2390)"
892.59,115184,126.27,66.22,"('10.213.124.218', 2390)"
893.59,115317,132.31,69.39,"('10.213.124.218', 2390)"
894.59,115445,127.76,67.0,"('10.213.124.218', 2390)"
895.6,115575,129.47,67.9,"('10.213.124.218', 2390)"
896.6,115705,129.07,67.69,"('10.213.124.218', 2390)"
897.61,115836,130.62,68.5,"('10.213.124.218', 2390)"
898.62,115967,129.48,67.9,"('10.213.124.218', 2390)"
899.63,116096,127.98,67.11,"('10.213.124.218', 2390)"
900.63,116228,131.6,69.02,"('10.213.124.218', 2390)"
901.63,116358,129.37,67.84,"('10.213.124.218', 2390)"
902.64,116488,129.44,67.88,"('10.213.124.218', 2390)"
903.64,116617,128.6,67.44,"('10.213.124.218', 2390)"
904.65,116747,128.33,67.3,"('10.213.124.218', 2390)"
905.66,116879,131.14,68.77,"('10.213.124.218', 2390)"
906.68,117009,128.17,67.21,"('10.213.124.218', 2390)"
907.68,117140,130.75,68.57,"('10.213.124.218', 2390)"
917.59,117196,5.65,2.96,"('10.213.124.218', 2390)"
919.73,117893,326.22,171.07,"('10.213.124.218', 2390)"
920.73,118249,355.13,186.23,"('10.213.124.218', 2390)"
924.2,118283,9.79,5.13,"('10.213.124.218', 2390)"
927.15,118728,150.78,79.07,"('10.213.124.218', 2390)"
928.5,119189,342.82,179.78,"('10.213.124.218', 2390)"
929.5,119384,194.36,101.92,"('10.213.124.218', 2390)"
930.51,119514,129.33,67.82,"('10.213.124.218', 2390)"
932.01,119560,30.66,16.08,"('10.213.124.218', 2390)"
933.76,119561,0.57,0.3,"('10.213.124.218', 2390)"
935.39,119563,1.23,0.64,"('10.213.124.218', 2390)"
937.17,120163,337.18,176.82,"('10.213.124.218', 2390)"
940.39,120469,94.92,49.78,"('10.213.124.218', 2390)"
941.4,120922,447.96,234.92,"('10.213.124.218', 2390)"
942.42,121054,130.37,68.37,"('10.213.124.218', 2390)"
943.42,121185,130.31,68.34,"('10.213.124.218', 2390)"
944.44,121315,127.51,66.87,"('10.213.124.218', 2390)"
945.44,121446,130.51,68.44,"('10.213.124.218', 2390)"
946.45,121576,129.86,68.1,"('10.213.124.218', 2390)"
947.46,121706,128.6,67.44,"('10.213.124.218', 2390)"
948.48,121836,127.36,66.79,"('10.213.124.218', 2390)"
949.81,121951,86.57,45.4,"('10.213.124.218', 2390)"
954.8,122094,28.64,15.02,"('10.213.124.218', 2390)"
957.18,122687,248.53,130.33,"('10.213.124.218', 2390)"
960.41,123073,119.49,62.66,"('10.213.124.218', 2390)"
967.21,123371,43.86,23.0,"('10.213.124.218', 2390)"
968.62,124138,542.05,284.26,"('10.213.124.218', 2390)"
970.42,124286,82.25,43.14,"('10.213.124.218', 2390)"
974.55,124510,54.35,28.5,"('10.213.124.218', 2390)"
977.34,125034,187.72,98.45,"('10.213.124.218', 2390)"
980.56,125421,120.01,62.93,"('10.213.124.218', 2390)"
981.69,125871,398.06,208.75,"('10.213.124.218', 2390)"
982.7,126021,148.18,77.71,"('10.213.124.218', 2390)"
983.71,126152,130.38,68.37,"('10.213.124.218', 2390)"
984.71,126281,128.9,67.6,"('10.213.124.218', 2390)"
985.71,126411,129.88,68.11,"('10.213.124.218', 2390)"
986.72,126541,129.15,67.73,"('10.213.124.218', 2390)"
987.72,126671,129.6,67.96,"('10.213.124.218', 2390)"
988.73,126800,127.6,66.91,"('10.213.124.218', 2390)"
989.73,126929,128.88,67.59,"('10.213.124.218', 2390)"
990.74,127061,130.86,68.63,"('10.213.124.218', 2390)"
991.74,127188,126.99,66.6,"('10.213.124.218', 2390)"
992.75,127321,131.16,68.78,"('10.213.124.218', 2390)"
993.76,127452,130.84,68.61,"('10.213.124.218', 2390)"
994.76,127581,128.59,67.44,"('10.213.124.218', 2390)"
995.76,127711,129.52,67.92,"('10.213.124.218', 2390)"
996.76,127841,129.99,68.17,"('10.213.124.218', 2390)"
997.78,127971,127.66,66.95,"('10.213.124.218', 2390)"
998.79,128102,129.35,67.83,"('10.213.124.218', 2390)"
999.8,128233,130.3,68.33,"('10.213.124.218', 2390)"
1000.8,128364,130.35,68.35,"('10.213.124.218', 2390)"
1001.81,128494,129.26,67.78,"('10.213.124.218', 2390)"
1002.82,128624,128.61,67.44,"('10.213.124.218', 2390)"
1003.83,128755,129.42,67.87,"('10.213.124.218', 2390)"
1004.84,128885,129.35,67.83,"('10.213.124.218', 2390)"
1005.84,129016,130.32,68.34,"('10.213.124.218', 2390)"
1006.85,129146,129.18,67.74,"('10.213.124.218', 2390)"
1007.85,129276,129.47,67.89,"('10.213.124.218', 2390)"
1008.86,129405,128.63,67.45,"('10.213.124.218', 2390)"
1009.86,129535,129.34,67.83,"('10.213.124.218', 2390)"
1010.87,129664,128.48,67.38,"('10.213.124.218', 2390)"
1011.87,129795,130.97,68.68,"('10.213.124.218', 2390)"
1012.87,129925,129.64,67.99,"('10.213.124.218', 2390)"
1013.88,130053,126.61,66.4,"('10.213.124.218', 2390)"
1014.88,130184,130.36,68.36,"('10.213.124.218', 2390)"
1015.91,130316,129.34,67.83,"('10.213.124.218', 2390)"
1016.91,130444,128.0,67.12,"('10.213.124.218', 2390)"
1017.91,130577,132.63,69.55,"('10.213.124.218', 2390)"
1018.91,130707,129.22,67.77,"('10.213.124.218', 2390)"
1019.92,130835,127.71,66.98,"('10.213.124.218', 2390)"
1020.92,130965,129.38,67.85,"('10.213.124.218', 2390)"
1021.93,131097,131.11,68.76,"('10.213.124.218', 2390)"
1022.94,131227,128.63,67.45,"('10.213.124.218', 2390)"
1023.94,131357,129.34,67.83,"('10.213.124.218', 2390)"
1024.95,131487,129.68,68.0,"('10.213.124.218', 2390)"
1025.97,131618,128.27,67.26,"('10.213.124.218', 2390)"
1026.97,131748,129.42,67.87,"('10.213.124.218', 2390)"
1027.98,131878,129.23,67.77,"('10.213.124.218', 2390)"
1028.99,132010,130.78,68.58,"('10.213.124.218', 2390)"
1030.0,132140,129.01,67.65,"('10.213.124.218', 2390)"
1031.0,132270,129.85,68.09,"('10.213.124.218', 2390)"
1032.0,132400,129.49,67.91,"('10.213.124.218', 2390)"
1033.0,132530,129.66,67.99,"('10.213.124.218', 2390)"
1034.02,132660,127.41,66.82,"('10.213.124.218', 2390)"
1035.03,132791,130.6,68.49,"('10.213.124.218', 2390)"
1036.03,132920,128.33,67.3,"('10.213.124.218', 2390)"
1037.03,133051,130.97,68.68,"('10.213.124.218', 2390)"
1038.03,133181,129.64,67.98,"('10.213.124.218', 2390)"
1039.04,133311,129.33,67.82,"('10.213.124.218', 2390)"
1040.04,133440,128.43,67.35,"('10.213.124.218', 2390)"
1041.05,133571,130.48,68.42,"('10.213.124.218', 2390)"
1042.05,133700,128.99,67.64,"('10.213.124.218', 2390)"
1043.07,133830,127.8,67.02,"('10.213.124.218', 2390)"
1044.07,133960,129.67,68.0,"('10.213.124.218', 2390)"
1045.07,134090,129.97,68.16,"('10.213.124.218', 2390)"
1046.07,134221,130.3,68.33,"('10.213.124.218', 2390)"
1047.08,134351,129.72,68.03,"('10.213.124.218', 2390)"
1048.09,134481,128.28,67.27,"('10.213.124.218', 2390)"
1049.09,134611,129.71,68.02,"('10.213.124.218', 2390)"
1050.1,134741,129.46,67.89,"('10.213.124.218', 2390)"
1051.11,134870,127.71,66.97,"('10.213.124.218', 2390)"
1052.11,135001,130.01,68.18,"('10.213.124.218', 2390)"
1053.11,135132,130.95,68.67,"('10.213.124.218', 2390)"
1054.13,135262,128.35,67.31,"('10.213.124.218', 2390)"
1055.13,135393,130.83,68.61,"('10.213.124.218', 2390)"
1056.14,135523,128.43,67.35,"('10.213.124.218', 2390)"
1057.15,135654,130.1,68.23,"('10.213.124.218', 2390)"
1058.16,135783,127.67,66.95,"('10.213.124.218', 2390)"
1059.17,135914,129.31,67.81,"('10.213.124.218', 2390)"
1060.17,136044,129.86,68.1,"('10.213.124.218', 2390)"
1061.19,136175,128.86,67.58,"('10.213.124.218', 2390)"
1062.19,136306,130.4,68.38,"('10.213.124.218', 2390)"
1063.2,136434,127.43,66.83,"('10.213.124.218', 2390)"
1064.24,136567,127.93,67.09,"('10.213.124.218', 2390)"
1065.24,136700,132.82,69.65,"('10.213.124.218', 2390)"
1066.26,136830,127.17,66.69,"('10.213.124.218', 2390)"
1067.27,136962,130.7,68.54,"('10.213.124.218', 2390)"
1068.27,137093,130.74,68.56,"('10.213.124.218', 2390)"
1069.27,137223,129.85,68.09,"('10.213.124.218', 2390)"
1070.28,137353,128.64,67.46,"('10.213.124.218', 2390)"
1071.31,137484,128.36,67.31,"('10.213.124.218', 2390)"
1072.31,137616,131.2,68.8,"('10.213.124.218', 2390)"
1073.32,137746,129.42,67.87,"('10.213.124.218', 2390)"
1074.33,137875,127.52,66.87,"('10.213.124.218', 2390)"
1075.33,138006,130.52,68.45,"('10.213.124.218', 2390)"
1076.33,138136,129.91,68.12,"('10.213.124.218', 2390)"
1077.33,138263,126.72,66.46,"('10.213.124.218', 2390)"
1078.35,138396,130.74,68.56,"('10.213.124.218', 2390)"
1079.35,138525,128.97,67.63,"('10.213.124.218', 2390)"
1080.35,138656,130.99,68.7,"('10.213.124.218', 2390)"
1081.35,138786,129.67,68.0,"('10.213.124.218', 2390)"
1082.36,138916,129.3,67.8,"('10.213.124.218', 2390)"
1083.37,139046,128.54,67.41,"('10.213.124.218', 2390)"
1084.38,139177,130.26,68.31,"('10.213.124.218', 2390)"
1085.38,139305,127.59,66.91,"('10.213.124.218', 2390)"
1086.39,139437,130.26,68.31,"('10.213.124.218', 2390)"
1087.4,139568,130.19,68.28,"('10.213.124.218', 2390)"
1088.41,139696,126.13,66.15,"('10.213.124.218', 2390)"
1089.43,139829,131.27,68.84,"('10.213.124.218', 2390)"
1090.43,139960,130.82,68.61,"('10.213.124.218', 2390)"
1091.43,140090,129.28,67.8,"('10.213.124.218', 2390)"
1092.44,140220,129.13,67.72,"('10.213.124.218', 2390)"
1093.44,140349,128.9,67.6,"('10.213.124.218', 2390)"
1094.45,140480,129.39,67.85,"('10.213.124.218', 2390)"
1095.47,140611,128.31,67.29,"('10.213.124.218', 2390)"
1096.49,140743,130.38,68.38,"('10.213.124.218', 2390)"
1097.49,140873,129.39,67.85,"('10.213.124.218', 2390)"
1098.51,141003,128.17,67.22,"('10.213.124.218', 2390)"
1099.51,141134,129.9,68.12,"('10.213.124.218', 2390)"
1100.52,141265,130.71,68.55,"('10.213.124.218', 2390)"
1101.52,141395,129.67,68.0,"('10.213.124.218', 2390)"
1102.52,141524,128.52,67.4,"('10.213.124.218', 2390)"
1103.53,141655,130.21,68.28,"('10.213.124.218', 2390)"
1104.53,141784,128.56,67.42,"('10.213.124.218', 2390)"
1105.55,141915,129.35,67.83,"('10.213.124.218', 2390)"
1106.55,142044,128.37,67.32,"('10.213.124.218', 2390)"
1107.56,142174,129.31,67.81,"('10.213.124.218', 2390)"
1108.56,142306,131.31,68.86,"('10.213.124.218', 2390)"
1109.57,142436,129.32,67.82,"('10.213.124.218', 2390)"
1110.58,142566,128.64,67.46,"('10.213.124.218', 2390)"
1111.59,142696,128.36,67.31,"('10.213.124.218', 2390)"
1112.6,142828,131.29,68.85,"('10.213.124.218', 2390)"
1113.61,142958,127.55,66.89,"('10.213.124.218', 2390)"
1114.63,143090,129.35,67.83,"('10.213.124.218', 2390)"
1115.64,143220,129.43,67.87,"('10.213.124.218', 2390)"
1116.64,143351,130.38,68.37,"('10.213.124.218', 2390)"
1117.65,143480,128.1,67.18,"('10.213.124.218', 2390)"
1118.65,143610,129.65,67.99,"('10.213.124.218', 2390)"
1119.66,143742,131.14,68.77,"('10.213.124.218', 2390)"
1120.66,143871,128.54,67.41,"('10.213.124.218', 2390)"
1121.68,144002,129.35,67.83,"('10.213.124.218', 2390)"
1122.68,144133,130.22,68.29,"('10.213.124.218', 2390)"
1123.69,144263,129.37,67.84,"('10.213.124.218', 2390)"
1124.69,144393,129.31,67.81,"('10.213.124.218', 2390)"
1125.7,144522,128.57,67.42,"('10.213.124.218', 2390)"
1126.7,144653,130.22,68.29,"('10.213.124.218', 2390)"
1127.71,144783,129.36,67.84,"('10.213.124.218', 2390)"
1128.73,144913,127.65,66.94,"('10.213.124.218', 2390)"
1129.73,145042,128.99,67.64,"('10.213.124.218', 2390)"
1130.73,145173,130.6,68.49,"('10.213.124.218', 2390)"
1131.73,145302,128.91,67.6,"('10.213.124.218', 2390)"
1132.74,145433,129.81,68.08,"('10.213.124.218', 2390)"
1133.74,145563,129.43,67.88,"('10.213.124.218', 2390)"
1134.75,145693,129.24,67.77,"('10.213.124.218', 2390)"
1135.77,145824,128.35,67.31,"('10.213.124.218', 2390)"
1136.78,145955,129.09,67.7,"('10.213.124.218', 2390)"
1137.79,146085,129.44,67.88,"('10.213.124.218', 2390)"
1138.79,146215,129.57,67.95,"('10.213.124.218', 2390)"
1139.8,146347,130.33,68.35,"('10.213.124.218', 2390)"
1140.8,146477,129.98,68.16,"('10.213.124.218', 2390)"
