timestamp;address;pdu_type;length;rssi;channel;uuid;major;minor;tx_power;raw_hex;source_field
1784652810.775531;4b:ae:81:63:06:d3;0x00;33;-65.0;38;e20a39f4-73f5-4bc4-a12f-17d1ad07a961;0;0;-56;0215e20a39f473f54bc4a12f17d1ad07a96100000000c8;btcommon.eir_ad.entry.data
1784652810.808616;4b:ae:81:63:06:d3;0x00;33;-66.0;39;e20a39f4-73f5-4bc4-a12f-17d1ad07a961;0;0;-56;0215e20a39f473f54bc4a12f17d1ad07a96100000000c8;btcommon.eir_ad.entry.data
1784652811.044458;4b:ae:81:63:06:d3;0x00;33;-64.0;38;e20a39f4-73f5-4bc4-a12f-17d1ad07a961;0;0;-56;0215e20a39f473f54bc4a12f17d1ad07a96100000000c8;btcommon.eir_ad.entry.data
1784652811.060694;4b:ae:81:63:06:d3;0x00;33;-66.0;39;e20a39f4-73f5-4bc4-a12f-17d1ad07a961;0;0;-56;0215e20a39f473f54bc4a12f17d1ad07a96100000000c8;btcommon.eir_ad.entry.data
1784652811.179974;4b:ae:81:63:06:d3;0x00;33;-63.0;37;e20a39f4-73f5-4bc4-a12f-17d1ad07a961;0;0;-56;0215e20a39f473f54bc4a12f17d1ad07a96100000000c8;btcommon.eir_ad.entry.data
1784652811.285151;65:fd:a9:9d:64:62;0x00;36;-60.0;37;00112233-4455-6677-8899-aabbccddeeff;1;1;-59;021500112233445566778899aabbccddeeff00010001c5;btcommon.eir_ad.entry.data
1784652811.305875;65:fd:a9:9d:64:62;0x00;36;-62.0;38;00112233-4455-6677-8899-aabbccddeeff;1;1;-59;021500112233445566778899aabbccddeeff00010001c5;btcommon.eir_ad.entry.data
1784652811.341541;65:fd:a9:9d:64:62;0x00;36;-66.0;39;00112233-4455-6677-8899-aabbccddeeff;1;1;-59;021500112233445566778899aabbccddeeff00010001c5;btcommon.eir_ad.entry.data
1784652811.389717;4b:ae:81:63:06:d3;0x00;33;-61.0;37;e20a39f4-73f5-4bc4-a12f-17d1ad07a961;0;0;-56;0215e20a39f473f54bc4a12f17d1ad07a96100000000c8;btcommon.eir_ad.entry.data
1784652811.421076;4b:ae:81:63:06:d3;0x00;33;-63.0;38;e20a39f4-73f5-4bc4-a12f-17d1ad07a961;0;0;-56;0215e20a39f473f54bc4a12f17d1ad07a96100000000c8;btcommon.eir_ad.entry.data
1784652811.450842;4b:ae:81:63:06:d3;0x00;33;-68.0;39;e20a39f4-73f5-4bc4-a12f-17d1ad07a961;0;0;-56;0215e20a39f473f54bc4a12f17d1ad07a96100000000c8;btcommon.eir_ad.entry.data
1784652811.508876;65:fd:a9:9d:64:62;0x00;36;-62.0;38;00112233-4455-6677-8899-aabbccddeeff;1;1;-59;021500112233445566778899aabbccddeeff00010001c5;btcommon.eir_ad.entry.data
1784652811.530846;65:fd:a9:9d:64:62;0x00;36;-66.0;39;00112233-4455-6677-8899-aabbccddeeff;1;1;-59;021500112233445566778899aabbccddeeff00010001c5;btcommon.eir_ad.entry.data
1784652811.572381;4b:ae:81:63:06:d3;0x00;33;-60.0;37;e20a39f4-73f5-4bc4-a12f-17d1ad07a961;0;0;-56;0215e20a39f473f54bc4a12f17d1ad07a96100000000c8;btcommon.eir_ad.entry.data
1784652811.607111;4b:ae:81:63:06:d3;0x00;33;-62.0;38;e20a39f4-73f5-4bc4-a12f-17d1ad07a961;0;0;-56;0215e20a39f473f54bc4a12f17d1ad07a96100000000c8;btcommon.eir_ad.entry.data
1784652811.620702;4b:ae:81:63:06:d3;0x00;33;-67.0;39;e20a39f4-73f5-4bc4-a12f-17d1ad07a961;0;0;-56;0215e20a39f473f54bc4a12f17d1ad07a96100000000c8;btcommon.eir_ad.entry.data
1784652811.747991;65:fd:a9:9d:64:62;0x00;36;-62.0;38;00112233-4455-6677-8899-aabbccddeeff;1;1;-59;021500112233445566778899aabbccddeeff00010001c5;btcommon.eir_ad.entry.data
1784652811.790917;65:fd:a9:9d:64:62;0x00;36;-66.0;39;00112233-4455-6677-8899-aabbccddeeff;1;1;-59;021500112233445566778899aabbccddeeff00010001c5;btcommon.eir_ad.entry.data
1784652811.807798;4b:ae:81:63:06:d3;0x00;33;-60.0;37;e20a39f4-73f5-4bc4-a12f-17d1ad07a961;0;0;-56;0215e20a39f473f54bc4a12f17d1ad07a96100000000c8;btcommon.eir_ad.entry.data
1784652811.833185;4b:ae:81:63:06:d3;0x00;33;-62.0;38;e20a39f4-73f5-4bc4-a12f-17d1ad07a961;0;0;-56;0215e20a39f473f54bc4a12f17d1ad07a96100000000c8;btcommon.eir_ad.entry.data
1784652811.8677;4b:ae:81:63:06:d3;0x00;33;-67.0;39;e20a39f4-73f5-4bc4-a12f-17d1ad07a961;0;0;-56;0215e20a39f473f54bc4a12f17d1ad07a96100000000c8;btcommon.eir_ad.entry.data
1784652811.922834;65:fd:a9:9d:64:62;0x00;36;-60.0;37;00112233-4455-6677-8899-aabbccddeeff;1;1;-59;021500112233445566778899aabbccddeeff00010001c5;btcommon.eir_ad.entry.data
1784652811.937646;65:fd:a9:9d:64:62;0x00;36;-62.0;38;00112233-4455-6677-8899-aabbccddeeff;1;1;-59;021500112233445566778899aabbccddeeff00010001c5;btcommon.eir_ad.entry.data
1784652811.948834;65:fd:a9:9d:64:62;0x00;36;-67.0;39;00112233-4455-6677-8899-aabbccddeeff;1;1;-59;021500112233445566778899aabbccddeeff00010001c5;btcommon.eir_ad.entry.data
1784652811.952285;4b:ae:81:63:06:d3;0x00;33;-60.0;37;e20a39f4-73f5-4bc4-a12f-17d1ad07a961;0;0;-56;0215e20a39f473f54bc4a12f17d1ad07a96100000000c8;btcommon.eir_ad.entry.data
1784652811.955063;4b:ae:81:63:06:d3;0x00;33;-62.0;38;e20a39f4-73f5-4bc4-a12f-17d1ad07a961;0;0;-56;0215e20a39f473f54bc4a12f17d1ad07a96100000000c8;btcommon.eir_ad.entry.data
1784652811.968748;4b:ae:81:63:06:d3;0x00;33;-67.0;39;e20a39f4-73f5-4bc4-a12f-17d1ad07a961;0;0;-56;0215e20a39f473f54bc4a12f17d1ad07a96100000000c8;btcommon.eir_ad.entry.data
1784652811.989394;65:fd:a9:9d:64:62;0x00;36;-62.0;38;00112233-4455-6677-8899-aabbccddeeff;1;1;-59;021500112233445566778899aabbccddeeff00010001c5;btcommon.eir_ad.entry.data
1784652811.991133;65:fd:a9:9d:64:62;0x00;36;-67.0;39;00112233-4455-6677-8899-aabbccddeeff;1;1;-59;021500112233445566778899aabbccddeeff00010001c5;btcommon.eir_ad.entry.data
1784652812.120726;4b:ae:81:63:06:d3;0x00;33;-62.0;38;e20a39f4-73f5-4bc4-a12f-17d1ad07a961;0;0;-56;0215e20a39f473f54bc4a12f17d1ad07a96100000000c8;btcommon.eir_ad.entry.data
1784652812.121634;4b:ae:81:63:06:d3;0x00;33;-67.0;39;e20a39f4-73f5-4bc4-a12f-17d1ad07a961;0;0;-56;0215e20a39f473f54bc4a12f17d1ad07a96100000000c8;btcommon.eir_ad.entry.data
1784652812.150669;65:fd:a9:9d:64:62;0x00;36;-60.0;37;00112233-4455-6677-8899-aabbccddeeff;1;1;-59;021500112233445566778899aabbccddeeff00010001c5;btcommon.eir_ad.entry.data
1784652812.163679;4b:ae:81:63:06:d3;0x00;33;-62.0;38;e20a39f4-73f5-4bc4-a12f-17d1ad07a961;0;0;-56;0215e20a39f473f54bc4a12f17d1ad07a96100000000c8;btcommon.eir_ad.entry.data
1784652812.164534;4b:ae:81:63:06:d3;0x00;33;-67.0;39;e20a39f4-73f5-4bc4-a12f-17d1ad07a961;0;0;-56;0215e20a39f473f54bc4a12f17d1ad07a96100000000c8;btcommon.eir_ad.entry.data
1784652812.21472;65:fd:a9:9d:64:62;0x00;36;-62.0;38;00112233-4455-6677-8899-aabbccddeeff;1;1;-59;021500112233445566778899aabbccddeeff00010001c5;btcommon.eir_ad.entry.data
1784652812.225261;65:fd:a9:9d:64:62;0x00;36;-67.0;39;00112233-4455-6677-8899-aabbccddeeff;1;1;-59;021500112233445566778899aabbccddeeff00010001c5;btcommon.eir_ad.entry.data
1784652812.250781;4b:ae:81:63:06:d3;0x00;33;-62.0;38;e20a39f4-73f5-4bc4-a12f-17d1ad07a961;0;0;-56;0215e20a39f473f54bc4a12f17d1ad07a96100000000c8;btcommon.eir_ad.entry.data
1784652812.252912;4b:ae:81:63:06:d3;0x00;33;-68.0;39;e20a39f4-73f5-4bc4-a12f-17d1ad07a961;0;0;-56;0215e20a39f473f54bc4a12f17d1ad07a96100000000c8;btcommon.eir_ad.entry.data
1784652812.290481;65:fd:a9:9d:64:62;0x00;36;-60.0;37;00112233-4455-6677-8899-aabbccddeeff;1;1;-59;021500112233445566778899aabbccddeeff00010001c5;btcommon.eir_ad.entry.data
1784652812.300703;65:fd:a9:9d:64:62;0x00;36;-62.0;38;00112233-4455-6677-8899-aabbccddeeff;1;1;-59;021500112233445566778899aabbccddeeff00010001c5;btcommon.eir_ad.entry.data
1784652812.303738;65:fd:a9:9d:64:62;0x00;36;-67.0;39;00112233-4455-6677-8899-aabbccddeeff;1;1;-59;021500112233445566778899aabbccddeeff00010001c5;btcommon.eir_ad.entry.data
1784652812.329118;4b:ae:81:63:06:d3;0x00;33;-62.0;38;e20a39f4-73f5-4bc4-a12f-17d1ad07a961;0;0;-56;0215e20a39f473f54bc4a12f17d1ad07a96100000000c8;btcommon.eir_ad.entry.data
1784652812.332184;4b:ae:81:63:06:d3;0x00;33;-67.0;39;e20a39f4-73f5-4bc4-a12f-17d1ad07a961;0;0;-56;0215e20a39f473f54bc4a12f17d1ad07a96100000000c8;btcommon.eir_ad.entry.data
1784652812.43062;65:fd:a9:9d:64:62;0x00;36;-62.0;38;00112233-4455-6677-8899-aabbccddeeff;1;1;-59;021500112233445566778899aabbccddeeff00010001c5;btcommon.eir_ad.entry.data
1784652812.465563;65:fd:a9:9d:64:62;0x00;36;-67.0;39;00112233-4455-6677-8899-aabbccddeeff;1;1;-59;021500112233445566778899aabbccddeeff00010001c5;btcommon.eir_ad.entry.data
1784652812.539445;4b:ae:81:63:06:d3;0x00;33;-62.0;38;e20a39f4-73f5-4bc4-a12f-17d1ad07a961;0;0;-56;0215e20a39f473f54bc4a12f17d1ad07a96100000000c8;btcommon.eir_ad.entry.data
1784652812.566504;4b:ae:81:63:06:d3;0x00;33;-68.0;39;e20a39f4-73f5-4bc4-a12f-17d1ad07a961;0;0;-56;0215e20a39f473f54bc4a12f17d1ad07a96100000000c8;btcommon.eir_ad.entry.data
1784652812.731673;65:fd:a9:9d:64:62;0x00;36;-60.0;37;00112233-4455-6677-8899-aabbccddeeff;1;1;-59;021500112233445566778899aabbccddeeff00010001c5;btcommon.eir_ad.entry.data
1784652812.733669;65:fd:a9:9d:64:62;0x00;36;-62.0;38;00112233-4455-6677-8899-aabbccddeeff;1;1;-59;021500112233445566778899aabbccddeeff00010001c5;btcommon.eir_ad.entry.data
1784652812.745335;65:fd:a9:9d:64:62;0x00;36;-66.0;39;00112233-4455-6677-8899-aabbccddeeff;1;1;-59;021500112233445566778899aabbccddeeff00010001c5;btcommon.eir_ad.entry.data
1784652812.766815;4b:ae:81:63:06:d3;0x00;33;-61.0;38;e20a39f4-73f5-4bc4-a12f-17d1ad07a961;0;0;-56;0215e20a39f473f54bc4a12f17d1ad07a96100000000c8;btcommon.eir_ad.entry.data
1784652812.801931;4b:ae:81:63:06:d3;0x00;33;-67.0;39;e20a39f4-73f5-4bc4-a12f-17d1ad07a961;0;0;-56;0215e20a39f473f54bc4a12f17d1ad07a96100000000c8;btcommon.eir_ad.entry.data
1784652812.922812;65:fd:a9:9d:64:62;0x00;36;-60.0;37;00112233-4455-6677-8899-aabbccddeeff;1;1;-59;021500112233445566778899aabbccddeeff00010001c5;btcommon.eir_ad.entry.data
1784652812.967496;65:fd:a9:9d:64:62;0x00;36;-62.0;38;00112233-4455-6677-8899-aabbccddeeff;1;1;-59;021500112233445566778899aabbccddeeff00010001c5;btcommon.eir_ad.entry.data
1784652813.006089;65:fd:a9:9d:64:62;0x00;36;-67.0;39;00112233-4455-6677-8899-aabbccddeeff;1;1;-59;021500112233445566778899aabbccddeeff00010001c5;btcommon.eir_ad.entry.data
1784652813.068826;4b:ae:81:63:06:d3;0x00;33;-61.0;38;e20a39f4-73f5-4bc4-a12f-17d1ad07a961;0;0;-56;0215e20a39f473f54bc4a12f17d1ad07a96100000000c8;btcommon.eir_ad.entry.data
1784652813.10254;4b:ae:81:63:06:d3;0x00;33;-66.0;39;e20a39f4-73f5-4bc4-a12f-17d1ad07a961;0;0;-56;0215e20a39f473f54bc4a12f17d1ad07a96100000000c8;btcommon.eir_ad.entry.data
1784652813.373517;65:fd:a9:9d:64:62;0x00;36;-61.0;38;00112233-4455-6677-8899-aabbccddeeff;1;1;-59;021500112233445566778899aabbccddeeff00010001c5;btcommon.eir_ad.entry.data
1784652813.399186;65:fd:a9:9d:64:62;0x00;36;-66.0;39;00112233-4455-6677-8899-aabbccddeeff;1;1;-59;021500112233445566778899aabbccddeeff00010001c5;btcommon.eir_ad.entry.data
1784652813.591482;65:fd:a9:9d:64:62;0x00;36;-66.0;39;00112233-4455-6677-8899-aabbccddeeff;1;1;-59;021500112233445566778899aabbccddeeff00010001c5;btcommon.eir_ad.entry.data
1784652813.720262;4b:ae:81:63:06:d3;0x00;33;-60.0;37;e20a39f4-73f5-4bc4-a12f-17d1ad07a961;0;0;-56;0215e20a39f473f54bc4a12f17d1ad07a96100000000c8;btcommon.eir_ad.entry.data
1784652813.738437;4b:ae:81:63:06:d3;0x00;33;-60.0;38;e20a39f4-73f5-4bc4-a12f-17d1ad07a961;0;0;-56;0215e20a39f473f54bc4a12f17d1ad07a96100000000c8;btcommon.eir_ad.entry.data
1784652813.745536;4b:ae:81:63:06:d3;0x00;33;-66.0;39;e20a39f4-73f5-4bc4-a12f-17d1ad07a961;0;0;-56;0215e20a39f473f54bc4a12f17d1ad07a96100000000c8;btcommon.eir_ad.entry.data
1784652813.790964;65:fd:a9:9d:64:62;0x00;36;-60.0;37;00112233-4455-6677-8899-aabbccddeeff;1;1;-59;021500112233445566778899aabbccddeeff00010001c5;btcommon.eir_ad.entry.data
1784652813.829949;65:fd:a9:9d:64:62;0x00;36;-61.0;38;00112233-4455-6677-8899-aabbccddeeff;1;1;-59;021500112233445566778899aabbccddeeff00010001c5;btcommon.eir_ad.entry.data
1784652813.87064;65:fd:a9:9d:64:62;0x00;36;-67.0;39;00112233-4455-6677-8899-aabbccddeeff;1;1;-59;021500112233445566778899aabbccddeeff00010001c5;btcommon.eir_ad.entry.data
1784652813.895273;4b:ae:81:63:06:d3;0x00;33;-60.0;37;e20a39f4-73f5-4bc4-a12f-17d1ad07a961;0;0;-56;0215e20a39f473f54bc4a12f17d1ad07a96100000000c8;btcommon.eir_ad.entry.data
1784652813.897048;4b:ae:81:63:06:d3;0x00;33;-60.0;38;e20a39f4-73f5-4bc4-a12f-17d1ad07a961;0;0;-56;0215e20a39f473f54bc4a12f17d1ad07a96100000000c8;btcommon.eir_ad.entry.data
1784652813.898797;4b:ae:81:63:06:d3;0x00;33;-66.0;39;e20a39f4-73f5-4bc4-a12f-17d1ad07a961;0;0;-56;0215e20a39f473f54bc4a12f17d1ad07a96100000000c8;btcommon.eir_ad.entry.data
1784652813.916997;65:fd:a9:9d:64:62;0x00;36;-60.0;38;00112233-4455-6677-8899-aabbccddeeff;1;1;-59;021500112233445566778899aabbccddeeff00010001c5;btcommon.eir_ad.entry.data
1784652813.91927;65:fd:a9:9d:64:62;0x00;36;-66.0;39;00112233-4455-6677-8899-aabbccddeeff;1;1;-59;021500112233445566778899aabbccddeeff00010001c5;btcommon.eir_ad.entry.data
1784652814.000303;4b:ae:81:63:06:d3;0x00;33;-60.0;38;e20a39f4-73f5-4bc4-a12f-17d1ad07a961;0;0;-56;0215e20a39f473f54bc4a12f17d1ad07a96100000000c8;btcommon.eir_ad.entry.data
1784652814.033975;4b:ae:81:63:06:d3;0x00;33;-66.0;39;e20a39f4-73f5-4bc4-a12f-17d1ad07a961;0;0;-56;0215e20a39f473f54bc4a12f17d1ad07a96100000000c8;btcommon.eir_ad.entry.data
1784652814.126875;65:fd:a9:9d:64:62;0x00;36;-66.0;39;00112233-4455-6677-8899-aabbccddeeff;1;1;-59;021500112233445566778899aabbccddeeff00010001c5;btcommon.eir_ad.entry.data
1784652814.202436;4b:ae:81:63:06:d3;0x00;33;-60.0;37;e20a39f4-73f5-4bc4-a12f-17d1ad07a961;0;0;-56;0215e20a39f473f54bc4a12f17d1ad07a96100000000c8;btcommon.eir_ad.entry.data
1784652814.215311;4b:ae:81:63:06:d3;0x00;33;-60.0;38;e20a39f4-73f5-4bc4-a12f-17d1ad07a961;0;0;-56;0215e20a39f473f54bc4a12f17d1ad07a96100000000c8;btcommon.eir_ad.entry.data
1784652814.239012;4b:ae:81:63:06:d3;0x00;33;-65.0;39;e20a3974-77c7-3c3c-f657-7776fd675e6a;6399;8512;12;0215e20a397477c73c3cf6577776fd675e6a18ff21400c;btcommon.eir_ad.entry.data
1784652814.313009;65:fd:a9:9d:64:62;0x00;36;-60.0;38;00112233-4455-6677-8899-aabbccddeeff;1;1;-59;021500112233445566778899aabbccddeeff00010001c5;btcommon.eir_ad.entry.data
1784652814.346381;65:fd:a9:9d:64:62;0x00;36;-65.0;39;00112233-4455-6677-8899-aabbccddeeff;1;1;-59;021500112233445566778899aabbccddeeff00010001c5;btcommon.eir_ad.entry.data
1784652814.420494;4b:ae:81:63:06:d3;0x00;33;-61.0;38;e20a39f4-73f5-4bc4-a12f-17d1ad07a961;0;0;-56;0215e20a39f473f54bc4a12f17d1ad07a96100000000c8;btcommon.eir_ad.entry.data
1784652814.454107;4b:ae:81:63:06:d3;0x00;33;-65.0;39;e20a39f4-73f5-4bc4-a12f-17d1ad07a961;0;0;-56;0215e20a39f473f54bc4a12f17d1ad07a96100000000c8;btcommon.eir_ad.entry.data
1784652814.563138;65:fd:a9:9d:64:62;0x00;36;-60.0;37;00112233-4455-6677-8899-aabbccddeeff;1;1;-59;021500112233445566778899aabbccddeeff00010001c5;btcommon.eir_ad.entry.data
1784652814.572945;65:fd:a9:9d:64:62;0x00;36;-61.0;38;00112233-4455-6677-8899-aabbccddeeff;1;1;-59;021500112233445566778899aabbccddeeff00010001c5;btcommon.eir_ad.entry.data
1784652814.576878;65:fd:a9:9d:64:62;0x00;36;-65.0;39;00112233-4455-6677-8899-aabbccddeeff;1;1;-59;021500112233445566778899aabbccddeeff00010001c5;btcommon.eir_ad.entry.data
1784652814.658175;4b:ae:81:63:06:d3;0x00;33;-60.0;37;e20a39f4-73f5-4bc4-a12f-17d1ad07a961;0;0;-56;0215e20a39f473f54bc4a12f17d1ad07a96100000000c8;btcommon.eir_ad.entry.data
1784652814.680854;4b:ae:81:63:06:d3;0x00;33;-60.0;38;e20a39f4-73f5-4bc4-a12f-17d1ad07a961;0;0;-56;0215e20a39f473f54bc4a12f17d1ad07a96100000000c8;btcommon.eir_ad.entry.data
1784652814.70921;4b:ae:81:63:06:d3;0x00;33;-64.0;39;e20a39f4-73f5-4bc4-a12f-17d1ad07a961;0;0;-56;0215e20a39f473f54bc4a12f17d1ad07a96100000000c8;btcommon.eir_ad.entry.data
1784652814.8463;65:fd:a9:9d:64:62;0x00;36;-60.0;37;00112233-4455-6677-8899-aabbccddeeff;1;1;-59;021500112233445566778899aabbccddeeff00010001c5;btcommon.eir_ad.entry.data
1784652814.884052;65:fd:a9:9d:64:62;0x00;36;-60.0;38;00112233-4455-6677-8899-aabbccddeeff;1;1;-59;021500112233445566778899aabbccddeeff00010001c5;btcommon.eir_ad.entry.data
1784652814.906475;65:fd:a9:9d:64:62;0x00;36;-66.0;39;00112233-4455-6677-8899-aabbccddeeff;1;1;-59;021500112233445566778899aabbccddeeff00010001c5;btcommon.eir_ad.entry.data
1784652814.967741;4b:ae:81:63:06:d3;0x00;33;-60.0;38;e20a39f4-73f5-4bc4-a12f-17d1ad07a961;0;0;-56;0215e20a39f473f54bc4a12f17d1ad07a96100000000c8;btcommon.eir_ad.entry.data
1784652814.991232;4b:ae:81:63:06:d3;0x00;33;-65.0;39;e20a39f4-73f5-4bc4-a12f-17d1ad07a961;0;0;-56;0215e20a39f473f54bc4a12f17d1ad07a96100000000c8;btcommon.eir_ad.entry.data
1784652815.071635;65:fd:a9:9d:64:62;0x00;36;-60.0;38;00112233-4455-6677-8899-aabbccddeeff;1;1;-59;021500112233445566778899aabbccddeeff00010001c5;btcommon.eir_ad.entry.data
1784652815.111036;65:fd:a9:9d:64:62;0x00;36;-66.0;39;00112233-4455-6677-8899-aabbccddeeff;1;1;-59;021500112233445566778899aabbccddeeff00010001c5;btcommon.eir_ad.entry.data
1784652815.245645;4b:ae:81:63:06:d3;0x00;33;-61.0;37;e20a39f4-73f5-4bc4-a12f-17d1ad07a961;0;0;-56;0215e20a39f473f54bc4a12f17d1ad07a96100000000c8;btcommon.eir_ad.entry.data
1784652815.274443;4b:ae:81:63:06:d3;0x00;33;-61.0;38;e20a39f4-73f5-4bc4-a12f-17d1ad07a961;0;0;-56;0215e20a39f473f54bc4a12f17d1ad07a96100000000c8;btcommon.eir_ad.entry.data
1784652815.308863;4b:ae:81:63:06:d3;0x00;33;-66.0;39;e20a39f4-73f5-4bc4-a12f-17d1ad07a961;0;0;-56;0215e20a39f473f54bc4a12f17d1ad07a96100000000c8;btcommon.eir_ad.entry.data
1784652815.399302;65:fd:a9:9d:64:62;0x00;36;-60.0;38;00112233-4455-6677-8899-aabbccddeeff;1;1;-59;021500112233445566778899aabbccddeeff00010001c5;btcommon.eir_ad.entry.data
1784652815.423495;65:fd:a9:9d:64:62;0x00;36;-66.0;39;00112233-4455-6677-8899-aabbccddeeff;1;1;-59;021500112233445566778899aabbccddeeff00010001c5;btcommon.eir_ad.entry.data
1784652815.578885;4b:ae:81:63:06:d3;0x00;33;-60.0;38;e20a39f4-73f5-4bc4-a12f-17d1ad07a961;0;0;-56;0215e20a39f473f54bc4a12f17d1ad07a96100000000c8;btcommon.eir_ad.entry.data
1784652815.612121;4b:ae:81:63:06:d3;0x00;33;-65.0;39;e20a39f4-73f5-4bc4-a12f-17d1ad07a961;0;0;-56;0215e20a39f473f54bc4a12f17d1ad07a96100000000c8;btcommon.eir_ad.entry.data
1784652815.733726;4b:ae:81:63:06:d3;0x00;33;-61.0;37;e20a39f4-73f5-4bc4-a12f-17d1ad07a961;0;0;-56;0215e20a39f473f54bc4a12f17d1ad07a96100000000c8;btcommon.eir_ad.entry.data
1784652815.819057;65:fd:a9:9d:64:62;0x00;36;-60.0;37;00112233-4455-6677-8899-aabbccddeeff;1;1;-59;021500112233445566778899aabbccddeeff00010001c5;btcommon.eir_ad.entry.data
1784652815.853331;65:fd:a9:9d:64:62;0x00;36;-62.0;38;00112233-4455-6677-8899-aabbccddeeff;1;1;-59;021500112233445566778899aabbccddeeff00010001c5;btcommon.eir_ad.entry.data
1784652815.878664;65:fd:a9:9d:64:62;0x00;36;-66.0;39;00112233-4455-6677-8899-aabbccddeeff;1;1;-59;021500112233445566778899aabbccddeeff00010001c5;btcommon.eir_ad.entry.data
1784652815.938074;4b:ae:81:63:06:d3;0x00;33;-60.0;37;e20a39f4-73f5-4bc4-a12f-17d1ad07a961;0;0;-56;0215e20a39f473f54bc4a12f17d1ad07a96100000000c8;btcommon.eir_ad.entry.data
1784652815.976677;4b:ae:81:63:06:d3;0x00;33;-62.0;38;e20a39f4-73f5-4bc4-a12f-17d1ad07a961;0;0;-56;0215e20a39f473f54bc4a12f17d1ad07a96100000000c8;btcommon.eir_ad.entry.data
1784652816.011256;4b:ae:81:63:06:d3;0x00;33;-67.0;39;e20a39f4-73f5-4bc4-a12f-17d1ad07a961;0;0;-56;0215e20a39f473f54bc4a12f17d1ad07a96100000000c8;btcommon.eir_ad.entry.data
1784652816.147443;65:fd:a9:9d:64:62;0x00;36;-60.0;37;00112233-4455-6677-8899-aabbccddeeff;1;1;-59;021500112233445566778899aabbccddeeff00010001c5;btcommon.eir_ad.entry.data
1784652816.169506;4b:ae:81:63:06:d3;0x00;33;-61.0;38;e20a39f4-73f5-4bc4-a12f-17d1ad07a961;0;0;-56;0215e20a39f473f54bc4a12f17d1ad07a96100000000c8;btcommon.eir_ad.entry.data
1784652816.171368;4b:ae:81:63:06:d3;0x00;33;-67.0;39;e20a39f4-73f5-4bc4-a12f-17d1ad07a961;0;0;-56;0215e20a39f473f54bc4a12f17d1ad07a96100000000c8;btcommon.eir_ad.entry.data
1784652816.257618;65:fd:a9:9d:64:62;0x00;36;-61.0;37;00112233-4455-6677-8899-aabbccddeeff;1;1;-59;021500112233445566778899aabbccddeeff00010001c5;btcommon.eir_ad.entry.data
1784652816.28557;65:fd:a9:9d:64:62;0x00;36;-61.0;38;00112233-4455-6677-8899-aabbccddeeff;1;1;-59;021500112233445566778899aabbccddeeff00010001c5;btcommon.eir_ad.entry.data
1784652816.29201;65:fd:a9:9d:64:62;0x00;36;-69.0;39;00112233-4455-6677-8899-aabbccddeeff;1;1;-59;021500112233445566778899aabbccddeeff00010001c5;btcommon.eir_ad.entry.data
1784652816.314105;4b:ae:81:63:06:d3;0x00;33;-60.0;38;e20a39f4-73f5-4bc4-a12f-17d1ad07a961;0;0;-56;0215e20a39f473f54bc4a12f17d1ad07a96100000000c8;btcommon.eir_ad.entry.data
1784652816.324059;4b:ae:81:63:06:d3;0x00;33;-66.0;39;e20a39f4-73f5-4bc4-a12f-17d1ad07a961;0;0;-56;0215e20a39f473f54bc4a12f17d1ad07a96100000000c8;btcommon.eir_ad.entry.data
1784652816.504953;65:fd:a9:9d:64:62;0x00;36;-60.0;37;00112233-4455-6677-8899-aabbccddeeff;1;1;-59;021500112233445566778899aabbccddeeff00010001c5;btcommon.eir_ad.entry.data
1784652816.551393;65:fd:a9:9d:64:62;0x00;36;-61.0;38;00112233-4455-6677-8899-aabbccddeeff;1;1;-59;021500112233445566778899aabbccddeeff00010001c5;btcommon.eir_ad.entry.data
1784652816.586529;65:fd:a9:9d:64:62;0x00;36;-66.0;39;00112233-4455-6677-8899-aabbccddeeff;1;1;-59;021500112233445566778899aabbccddeeff00010001c5;btcommon.eir_ad.entry.data
1784652816.625473;4b:ae:81:63:06:d3;0x00;33;-60.0;37;e20a39f4-73f5-4bc4-a12f-17d1ad07a961;0;0;-56;0215e20a39f473f54bc4a12f17d1ad07a96100000000c8;btcommon.eir_ad.entry.data
1784652816.635801;4b:ae:81:63:06:d3;0x00;33;-60.0;38;e20a39f4-73f5-4bc4-a12f-17d1ad07a961;0;0;-56;0215e20a39f473f54bc4a12f17d1ad07a96100000000c8;btcommon.eir_ad.entry.data
1784652816.654487;4b:ae:81:63:06:d3;0x00;33;-66.0;39;e20a39f4-73f5-4bc4-a12f-17d1ad07a961;0;0;-56;0215e20a39f473f54bc4a12f17d1ad07a96100000000c8;btcommon.eir_ad.entry.data
1784652816.752203;65:fd:a9:9d:64:62;0x00;36;-60.0;37;00112233-4455-6677-8899-aabbccddeeff;1;1;-59;021500112233445566778899aabbccddeeff00010001c5;btcommon.eir_ad.entry.data
1784652816.820446;65:fd:a9:9d:64:62;0x00;36;-61.0;38;00112233-4455-6677-8899-aabbccddeeff;1;1;-59;021500112233445566778899aabbccddeeff00010001c5;btcommon.eir_ad.entry.data
1784652816.848568;65:fd:a9:9d:64:62;0x00;36;-66.0;39;00112233-4455-6677-8899-aabbccddeeff;1;1;-59;021500112233445566778899aabbccddeeff00010001c5;btcommon.eir_ad.entry.data
1784652816.89914;4b:ae:81:63:06:d3;0x00;33;-60.0;37;e20a39f4-73f5-4bc4-a12f-17d1ad07a961;0;0;-56;0215e20a39f473f54bc4a12f17d1ad07a96100000000c8;btcommon.eir_ad.entry.data
1784652816.923156;4b:ae:81:63:06:d3;0x00;33;-62.0;38;e20a39f4-73f5-4bc4-a12f-17d1ad07a961;0;0;-56;0215e20a39f473f54bc4a12f17d1ad07a96100000000c8;btcommon.eir_ad.entry.data
1784652816.963465;4b:ae:81:63:06:d3;0x00;33;-68.0;39;e20a39f4-73f5-4bc4-a12f-17d1ad07a961;0;0;-56;0215e20a39f473f54bc4a12f17d1ad07a96100000000c8;btcommon.eir_ad.entry.data
1784652817.122622;4b:ae:81:63:06:d3;0x00;33;-60.0;37;e20a39f4-73f5-4bc4-a12f-17d1ad07a961;0;0;-56;0215e20a39f473f54bc4a12f17d1ad07a96100000000c8;btcommon.eir_ad.entry.data
1784652817.164683;4b:ae:81:63:06:d3;0x00;33;-60.0;38;e20a39f4-73f5-4bc4-a12f-17d1ad07a961;0;0;-56;0215e20a39f473f54bc4a12f17d1ad07a96100000000c8;btcommon.eir_ad.entry.data
1784652817.183688;4b:ae:81:63:06:d3;0x00;33;-66.0;39;e20a39f4-73f5-4bc4-a12f-17d1ad07a961;0;0;-56;0215e20a39f473f54bc4a12f17d1ad07a96100000000c8;btcommon.eir_ad.entry.data
1784652817.312052;4b:ae:81:63:06:d3;0x00;33;-60.0;37;e20a39f4-73f5-4bc4-a12f-17d1ad07a961;0;0;-56;0215e20a39f473f54bc4a12f17d1ad07a96100000000c8;btcommon.eir_ad.entry.data
1784652817.341693;4b:ae:81:63:06:d3;0x00;33;-60.0;38;e20a39f4-73f5-4bc4-a12f-17d1ad07a961;0;0;-56;0215e20a39f473f54bc4a12f17d1ad07a96100000000c8;btcommon.eir_ad.entry.data
1784652817.344622;4b:ae:81:63:06:d3;0x00;33;-66.0;39;e20a39f4-73f5-4bc4-a12f-17d1ad07a961;0;0;-56;0215e20a39f473f54bc4a12f17d1ad07a96100000000c8;btcommon.eir_ad.entry.data
1784652817.550163;65:fd:a9:9d:64:62;0x00;36;-60.0;38;00112233-4455-6677-8899-aabbccddeeff;1;1;-59;021500112233445566778899aabbccddeeff00010001c5;btcommon.eir_ad.entry.data
1784652817.58817;65:fd:a9:9d:64:62;0x00;36;-66.0;39;00112233-4455-6677-8899-aabbccddeeff;1;1;-59;021500112233445566778899aabbccddeeff00010001c5;btcommon.eir_ad.entry.data
1784652817.628997;4b:ae:81:63:06:d3;0x00;33;-60.0;37;e20a39f4-73f5-4bc4-a12f-17d1ad07a961;0;0;-56;0215e20a39f473f54bc4a12f17d1ad07a96100000000c8;btcommon.eir_ad.entry.data
1784652817.643502;4b:ae:81:63:06:d3;0x00;33;-61.0;38;e20a39f4-73f5-4bc4-a12f-17d1ad07a961;0;0;-56;0215e20a39f473f54bc4a12f17d1ad07a96100000000c8;btcommon.eir_ad.entry.data
1784652817.680994;4b:ae:81:63:06:d3;0x00;33;-66.0;39;e20a39f4-73f5-4bc4-a12f-17d1ad07a961;0;0;-56;0215e20a39f473f54bc4a12f17d1ad07a96100000000c8;btcommon.eir_ad.entry.data
1784652817.79191;65:fd:a9:9d:64:62;0x00;36;-60.0;37;00112233-4455-6677-8899-aabbccddeeff;1;1;-59;021500112233445566778899aabbccddeeff00010001c5;btcommon.eir_ad.entry.data
1784652817.80198;65:fd:a9:9d:64:62;0x00;36;-60.0;38;00112233-4455-6677-8899-aabbccddeeff;1;1;-59;021500112233445566778899aabbccddeeff00010001c5;btcommon.eir_ad.entry.data
1784652817.838645;65:fd:a9:9d:64:62;0x00;36;-66.0;39;00112233-4455-6677-8899-aabbccddeeff;1;1;-59;021500112233445566778899aabbccddeeff00010001c5;btcommon.eir_ad.entry.data
1784652817.903373;4b:ae:81:63:06:d3;0x00;33;-60.0;38;e20a39f4-73f5-4bc4-a12f-17d1ad07a961;0;0;-56;0215e20a39f473f54bc4a12f17d1ad07a96100000000c8;btcommon.eir_ad.entry.data
1784652817.927106;4b:ae:81:63:06:d3;0x00;33;-66.0;39;e20a39f4-73f5-4bc4-a12f-17d1ad07a961;0;0;-56;0215e20a39f473f54bc4a12f17d1ad07a96100000000c8;btcommon.eir_ad.entry.data
1784652818.083944;65:fd:a9:9d:64:62;0x00;36;-60.0;37;00112233-4455-6677-8899-aabbccddeeff;1;1;-59;021500112233445566778899aabbccddeeff00010001c5;btcommon.eir_ad.entry.data
1784652818.11765;65:fd:a9:9d:64:62;0x00;36;-60.0;38;00112233-4455-6677-8899-aabbccddeeff;1;1;-59;021500112233445566778899aabbccddeeff00010001c5;btcommon.eir_ad.entry.data
1784652818.138968;65:fd:a9:9d:64:62;0x00;36;-67.0;39;00112233-4455-6677-8899-aabbccddeeff;1;1;-59;021500112233445566778899aabbccddeeff00010001c5;btcommon.eir_ad.entry.data
1784652818.168273;4b:ae:81:63:06:d3;0x00;33;-60.0;37;e20a39f4-73f5-4bc4-a12f-17d1ad07a961;0;0;-56;0215e20a39f473f54bc4a12f17d1ad07a96100000000c8;btcommon.eir_ad.entry.data
1784652818.1722;4b:ae:81:63:06:d3;0x00;33;-60.0;38;e20a39f4-73f5-4bc4-a12f-17d1ad07a961;0;0;-56;0215e20a39f473f54bc4a12f17d1ad07a96100000000c8;btcommon.eir_ad.entry.data
1784652818.196628;4b:ae:81:63:06:d3;0x00;33;-66.0;39;e20a39f4-73f5-4bc4-a12f-17d1ad07a961;0;0;-56;0215e20a39f473f54bc4a12f17d1ad07a96100000000c8;btcommon.eir_ad.entry.data
1784652818.495164;65:fd:a9:9d:64:62;0x00;36;-61.0;38;00112233-4455-6677-8899-aabbccddeeff;1;1;-59;021500112233445566778899aabbccddeeff00010001c5;btcommon.eir_ad.entry.data
1784652818.535532;65:fd:a9:9d:64:62;0x00;36;-66.0;39;00112233-4455-6677-8899-aabbccddeeff;1;1;-59;021500112233445566778899aabbccddeeff00010001c5;btcommon.eir_ad.entry.data
1784652818.549071;4b:ae:81:63:06:d3;0x00;33;-60.0;37;e20a39f4-73f5-4bc4-a12f-17d1ad07a961;0;0;-56;0215e20a39f473f54bc4a12f17d1ad07a96100000000c8;btcommon.eir_ad.entry.data
1784652818.550888;4b:ae:81:63:06:d3;0x00;33;-61.0;38;e20a39f4-73f5-4bc4-a12f-17d1ad07a961;0;0;-56;0215e20a39f473f54bc4a12f17d1ad07a96100000000c8;btcommon.eir_ad.entry.data
1784652818.552479;4b:ae:81:63:06:d3;0x00;33;-66.0;39;e20a39f4-73f5-4bc4-a12f-17d1ad07a961;0;0;-56;0215e20a39f473f54bc4a12f17d1ad07a96100000000c8;btcommon.eir_ad.entry.data
1784652818.652673;65:fd:a9:9d:64:62;0x00;36;-60.0;37;00112233-4455-6677-8899-aabbccddeeff;1;1;-59;021500112233445566778899aabbccddeeff00010001c5;btcommon.eir_ad.entry.data
1784652818.675832;65:fd:a9:9d:64:62;0x00;36;-60.0;38;00112233-4455-6677-8899-aabbccddeeff;1;1;-59;021500112233445566778899aabbccddeeff00010001c5;btcommon.eir_ad.entry.data
1784652818.677976;65:fd:a9:9d:64:62;0x00;36;-67.0;39;00112233-4455-6677-8899-aabbccddeeff;1;1;-59;021500112233445566778899aabbccddeeff00010001c5;btcommon.eir_ad.entry.data
1784652818.755882;4b:ae:81:63:06:d3;0x00;33;-61.0;38;e20a39f4-73f5-4bc4-a12f-17d1ad07a961;0;0;-56;0215e20a39f473f54bc4a12f17d1ad07a96100000000c8;btcommon.eir_ad.entry.data
1784652818.763696;4b:ae:81:63:06:d3;0x00;33;-66.0;39;e20a39f4-73f5-4bc4-a12f-17d1ad07a961;0;0;-56;0215e20a39f473f54bc4a12f17d1ad07a96100000000c8;btcommon.eir_ad.entry.data
1784652818.928661;65:fd:a9:9d:64:62;0x00;36;-67.0;39;00112233-4455-6677-8899-aabbccddeeff;1;1;-59;021500112233445566778899aabbccddeeff00010001c5;btcommon.eir_ad.entry.data
1784652819.021;4b:ae:81:63:06:d3;0x00;33;-61.0;38;e20a39f4-73f5-4bc4-a12f-17d1ad07a961;0;0;-56;0215e20a39f473f54bc4a12f17d1ad07a96100000000c8;btcommon.eir_ad.entry.data
1784652819.03265;4b:ae:81:63:06:d3;0x00;33;-66.0;39;e20a39f4-73f5-4bc4-a12f-17d1ad07a961;0;0;-56;0215e20a39f473f54bc4a12f17d1ad07a96100000000c8;btcommon.eir_ad.entry.data
1784652819.210772;65:fd:a9:9d:64:62;0x00;36;-60.0;38;00112233-4455-6677-8899-aabbccddeeff;1;1;-59;021500112233445566778899aabbccddeeff00010001c5;btcommon.eir_ad.entry.data
1784652819.219871;65:fd:a9:9d:64:62;0x00;36;-66.0;39;00112233-4455-6677-8899-aabbccddeeff;1;1;-59;021500112233445566778899aabbccddeeff00010001c5;btcommon.eir_ad.entry.data
1784652819.319941;4b:ae:81:63:06:d3;0x00;33;-62.0;38;e20a39f4-73f5-4bc4-a12f-17d1ad07a961;0;0;-56;0215e20a39f473f54bc4a12f17d1ad07a96100000000c8;btcommon.eir_ad.entry.data
1784652819.338791;4b:ae:81:63:06:d3;0x00;33;-69.0;39;e20a39f4-73f5-4bc4-a12f-17d1ad07a961;0;0;-56;0215e20a39f473f54bc4a12f17d1ad07a96100000000c8;btcommon.eir_ad.entry.data
1784652819.498223;65:fd:a9:9d:64:62;0x00;36;-66.0;39;00112233-4455-6677-8899-aabbccddeeff;1;1;-59;021500112233445566778899aabbccddeeff00010001c5;btcommon.eir_ad.entry.data
1784652819.624241;4b:ae:81:63:06:d3;0x00;33;-61.0;38;e20a39f4-73f5-4bc4-a12f-17d1ad07a961;0;0;-56;0215e20a39f473f54bc4a12f17d1ad07a96100000000c8;btcommon.eir_ad.entry.data
1784652819.626364;4b:ae:81:63:06:d3;0x00;33;-66.0;39;e20a39f4-73f5-4bc4-a12f-17d1ad07a961;0;0;-56;0215e20a39f473f54bc4a12f17d1ad07a96100000000c8;btcommon.eir_ad.entry.data
1784652819.81806;65:fd:a9:9d:64:62;0x00;36;-60.0;37;00112233-4455-6677-8899-aabbccddeeff;1;1;-59;021500112233445566778899aabbccddeeff00010001c5;btcommon.eir_ad.entry.data
1784652819.849002;65:fd:a9:9d:64:62;0x00;36;-60.0;38;00112233-4455-6677-8899-aabbccddeeff;1;1;-59;021500112233445566778899aabbccddeeff00010001c5;btcommon.eir_ad.entry.data
1784652819.890061;65:fd:a9:9d:64:62;0x00;36;-66.0;39;00112233-4455-6677-8899-aabbccddeeff;1;1;-59;021500112233445566778899aabbccddeeff00010001c5;btcommon.eir_ad.entry.data
1784652819.972355;4b:ae:81:63:06:d3;0x00;33;-62.0;38;e20a39f4-73f5-4bc4-a12f-17d1ad07a961;0;0;-56;0215e20a39f473f54bc4a12f17d1ad07a96100000000c8;btcommon.eir_ad.entry.data
1784652820.103347;65:fd:a9:9d:64:62;0x00;36;-60.0;37;00112233-4455-6677-8899-aabbccddeeff;1;1;-59;021500112233445566778899aabbccddeeff00010001c5;btcommon.eir_ad.entry.data
1784652820.136762;65:fd:a9:9d:64:62;0x00;36;-61.0;38;00112233-4455-6677-8899-aabbccddeeff;1;1;-59;021500112233445566778899aabbccddeeff00010001c5;btcommon.eir_ad.entry.data
1784652820.216406;4b:ae:81:63:06:d3;0x00;33;-60.0;37;e20a39f4-73f5-4bc4-a12f-17d1ad07a961;0;0;-56;0215e20a39f473f54bc4a12f17d1ad07a96100000000c8;btcommon.eir_ad.entry.data
1784652820.246483;4b:ae:81:63:06:d3;0x00;33;-60.0;38;e20a39f4-73f5-4bc4-a12f-17d1ad07a961;0;0;-56;0215e20a39f473f54bc4a12f17d1ad07a96100000000c8;btcommon.eir_ad.entry.data
1784652820.271007;4b:ae:81:63:06:d3;0x00;33;-66.0;39;e20a39f4-73f5-4bc4-a12f-17d1ad07a961;0;0;-56;0215e20a39f473f54bc4a12f17d1ad07a96100000000c8;btcommon.eir_ad.entry.data
1784652820.414871;65:fd:a9:9d:64:62;0x00;36;-61.0;38;00112233-4455-6677-8899-aabbccddeeff;1;1;-59;021500112233445566778899aabbccddeeff00010001c5;btcommon.eir_ad.entry.data
1784652820.431479;65:fd:a9:9d:64:62;0x00;36;-66.0;39;00112233-4455-6677-8899-aabbccddeeff;1;1;-59;021500112233445566778899aabbccddeeff00010001c5;btcommon.eir_ad.entry.data
1784652820.479552;4b:ae:81:63:06:d3;0x00;33;-60.0;37;e20a39f4-73f5-4bc4-a12f-17d1ad07a961;0;0;-56;0215e20a39f473f54bc4a12f17d1ad07a96100000000c8;btcommon.eir_ad.entry.data
1784652820.493486;4b:ae:81:63:06:d3;0x00;33;-60.0;38;e20a39f4-73f5-4bc4-a12f-17d1ad07a961;0;0;-56;0215e20a39f473f54bc4a12f17d1ad07a96100000000c8;btcommon.eir_ad.entry.data
1784652820.505499;4b:ae:81:63:06:d3;0x00;33;-66.0;39;e20a39f4-73f5-4bc4-a12f-17d1ad07a961;0;0;-56;0215e20a39f473f54bc4a12f17d1ad07a96100000000c8;btcommon.eir_ad.entry.data
1784652820.684559;65:fd:a9:9d:64:62;0x00;36;-61.0;38;00112233-4455-6677-8899-aabbccddeeff;1;1;-59;021500112233445566778899aabbccddeeff00010001c5;btcommon.eir_ad.entry.data
1784652820.728669;65:fd:a9:9d:64:62;0x00;36;-66.0;39;00112233-4455-6677-8899-aabbccddeeff;1;1;-59;021500112233445566778899aabbccddeeff00010001c5;btcommon.eir_ad.entry.data
1784652820.877729;4b:ae:81:63:06:d3;0x00;33;-60.0;37;e20a39f4-73f5-4bc4-a12f-17d1ad07a961;0;0;-56;0215e20a39f473f54bc4a12f17d1ad07a96100000000c8;btcommon.eir_ad.entry.data
1784652820.906575;4b:ae:81:63:06:d3;0x00;33;-61.0;38;e20a39f4-73f5-4bc4-a12f-17d1ad07a961;0;0;-56;0215e20a39f473f54bc4a12f17d1ad07a96100000000c8;btcommon.eir_ad.entry.data
1784652820.941978;4b:ae:81:63:06:d3;0x00;33;-66.0;39;e20a39f4-73f5-4bc4-a12f-17d1ad07a961;0;0;-56;0215e20a39f473f54bc4a12f17d1ad07a96100000000c8;btcommon.eir_ad.entry.data
1784652820.986679;65:fd:a9:9d:64:62;0x00;36;-60.0;37;00112233-4455-6677-8899-aabbccddeeff;1;1;-59;021500112233445566778899aabbccddeeff00010001c5;btcommon.eir_ad.entry.data
1784652821.012368;65:fd:a9:9d:64:62;0x00;36;-60.0;38;00112233-4455-6677-8899-aabbccddeeff;1;1;-59;021500112233445566778899aabbccddeeff00010001c5;btcommon.eir_ad.entry.data
1784652821.036852;65:fd:a9:9d:64:62;0x00;36;-66.0;39;00112233-4455-6677-8899-aabbccddeeff;1;1;-59;021500112233445566778899aabbccddeeff00010001c5;btcommon.eir_ad.entry.data
1784652821.171665;4b:ae:81:63:06:d3;0x00;33;-60.0;37;e20a39f4-73f5-4bc4-a12f-17d1ad07a961;0;0;-56;0215e20a39f473f54bc4a12f17d1ad07a96100000000c8;btcommon.eir_ad.entry.data
1784652821.200925;4b:ae:81:63:06:d3;0x00;33;-60.0;38;e20a39f4-73f5-4bc4-a12f-17d1ad07a961;0;0;-56;0215e20a39f473f54bc4a12f17d1ad07a96100000000c8;btcommon.eir_ad.entry.data
1784652821.24511;4b:ae:81:63:06:d3;0x00;33;-67.0;39;e20a39f4-73f5-4bc4-a12f-17d1ad07a961;0;0;-56;0215e20a39f473f54bc4a12f17d1ad07a96100000000c8;btcommon.eir_ad.entry.data
1784652821.34405;65:fd:a9:9d:64:62;0x00;36;-61.0;38;00112233-4455-6677-8899-aabbccddeeff;1;1;-59;021500112233445566778899aabbccddeeff00010001c5;btcommon.eir_ad.entry.data
1784652821.373383;65:fd:a9:9d:64:62;0x00;36;-67.0;39;00112233-4455-6677-8899-aabbccddeeff;1;1;-59;021500112233445566778899aabbccddeeff00010001c5;btcommon.eir_ad.entry.data
1784652821.613584;4b:ae:81:63:06:d3;0x00;33;-60.0;38;e20a39f4-73f5-4bc4-a12f-17d1ad07a961;0;0;-56;0215e20a39f473f54bc4a12f17d1ad07a96100000000c8;btcommon.eir_ad.entry.data
1784652821.658467;4b:ae:81:63:06:d3;0x00;33;-66.0;39;e20a39f4-73f5-4bc4-a12f-17d1ad07a961;0;0;-56;0215e20a39f473f54bc4a12f17d1ad07a96100000000c8;btcommon.eir_ad.entry.data
1784652821.839994;65:fd:a9:9d:64:62;0x00;36;-62.0;38;00112233-4455-6677-8899-aabbccddeeff;1;1;-59;021500112233445566778899aabbccddeeff00010001c5;btcommon.eir_ad.entry.data
1784652821.871547;65:fd:a9:9d:64:62;0x00;36;-69.0;39;00112233-4455-6677-8899-aabbccddeeff;1;1;-59;021500112233445566778899aabbccddeeff00010001c5;btcommon.eir_ad.entry.data
1784652821.966631;4b:ae:81:63:06:d3;0x00;33;-60.0;37;e20a39f4-73f5-4bc4-a12f-17d1ad07a961;0;0;-56;0215e20a39f473f54bc4a12f17d1ad07a96100000000c8;btcommon.eir_ad.entry.data
1784652821.996091;4b:ae:81:63:06:d3;0x00;33;-61.0;38;e20a39f4-73f5-4bc4-a12f-17d1ad07a961;0;0;-56;0215e20a39f473f54bc4a12f17d1ad07a96100000000c8;btcommon.eir_ad.entry.data
1784652822.025285;4b:ae:81:63:06:d3;0x00;33;-67.0;39;e20a39f4-73f5-4bc4-a12f-17d1ad07a961;0;0;-56;0215e20a39f473f54bc4a12f17d1ad07a96100000000c8;btcommon.eir_ad.entry.data
1784652822.111224;65:fd:a9:9d:64:62;0x00;36;-60.0;38;00112233-4455-6677-8899-aabbccddeeff;1;1;-59;021500112233445566778899aabbccddeeff00010001c5;btcommon.eir_ad.entry.data
1784652822.140587;65:fd:a9:9d:64:62;0x00;36;-66.0;39;00112233-4455-6677-8899-aabbccddeeff;1;1;-59;021500112233445566778899aabbccddeeff00010001c5;btcommon.eir_ad.entry.data
1784652822.278725;4b:ae:81:63:06:d3;0x00;33;-60.0;37;e20a39f4-73f5-4bc4-a12f-17d1ad07a961;0;0;-56;0215e20a39f473f54bc4a12f17d1ad07a96100000000c8;btcommon.eir_ad.entry.data
1784652822.312181;4b:ae:81:63:06:d3;0x00;33;-60.0;38;e20a39f4-73f5-4bc4-a12f-17d1ad07a961;0;0;-56;0215e20a39f473f54bc4a12f17d1ad07a96100000000c8;btcommon.eir_ad.entry.data
1784652822.396183;65:fd:a9:9d:64:62;0x00;36;-60.0;38;00112233-4455-6677-8899-aabbccddeeff;1;1;-59;021500112233445566778899aabbccddeeff00010001c5;btcommon.eir_ad.entry.data
1784652822.425978;65:fd:a9:9d:64:62;0x00;36;-66.0;39;00112233-4455-6677-8899-aabbccddeeff;1;1;-59;021500112233445566778899aabbccddeeff00010001c5;btcommon.eir_ad.entry.data
1784652822.540509;4b:ae:81:63:06:d3;0x00;33;-60.0;37;e20a39f4-73f5-4bc4-a12f-17d1ad07a961;0;0;-56;0215e20a39f473f54bc4a12f17d1ad07a96100000000c8;btcommon.eir_ad.entry.data
1784652822.568645;4b:ae:81:63:06:d3;0x00;33;-61.0;38;e20a39f4-73f5-4bc4-a12f-17d1ad07a961;0;0;-56;0215e20a39f473f54bc4a12f17d1ad07a96100000000c8;btcommon.eir_ad.entry.data
1784652822.596769;4b:ae:81:63:06:d3;0x00;33;-70.0;39;e20a39f4-73f5-4bc4-a12f-17d1ad07a961;0;0;-56;0215e20a39f473f54bc4a12f17d1ad07a96100000000c8;btcommon.eir_ad.entry.data
1784652822.762737;65:fd:a9:9d:64:62;0x00;36;-60.0;37;00112233-4455-6677-8899-aabbccddeeff;1;1;-59;021500112233445566778899aabbccddeeff00010001c5;btcommon.eir_ad.entry.data
1784652822.804172;65:fd:a9:9d:64:62;0x00;36;-61.0;38;00112233-4455-6677-8899-aabb8eddeeff;1;1;-59;021500112233445566778899aabb8eddeeff00010001c5;btcommon.eir_ad.entry.data
1784652822.811535;65:fd:a9:9d:64:62;0x00;36;-66.0;39;00112233-4455-6677-8899-aabbccddeeff;1;1;-59;021500112233445566778899aabbccddeeff00010001c5;btcommon.eir_ad.entry.data
1784652822.839974;4b:ae:81:63:06:d3;0x00;33;-60.0;37;e20a39f4-73f5-4bc4-a12f-17d1ad07a961;0;0;-56;0215e20a39f473f54bc4a12f17d1ad07a96100000000c8;btcommon.eir_ad.entry.data
1784652822.851548;4b:ae:81:63:06:d3;0x00;33;-60.0;38;e20a39f4-73f5-4bc4-a12f-17d1ad07a961;0;0;-56;0215e20a39f473f54bc4a12f17d1ad07a96100000000c8;btcommon.eir_ad.entry.data
1784652822.865356;4b:ae:81:63:06:d3;0x00;33;-67.0;39;e20a39f4-73f5-4bc4-a12f-17d1ad07a961;0;0;-56;0215e20a39f473f54bc4a12f17d1ad07a96100000000c8;btcommon.eir_ad.entry.data
1784652822.938726;65:fd:a9:9d:64:62;0x00;36;-60.0;37;00112233-4455-6677-8899-aabbccddeeff;1;1;-59;021500112233445566778899aabbccddeeff00010001c5;btcommon.eir_ad.entry.data
1784652822.95221;65:fd:a9:9d:64:62;0x00;36;-60.0;38;00112233-4455-6677-8899-aabbccddeeff;1;1;-59;021500112233445566778899aabbccddeeff00010001c5;btcommon.eir_ad.entry.data
1784652822.965517;65:fd:a9:9d:64:62;0x00;36;-67.0;39;00112233-4455-6677-8899-aabbccddeeff;1;1;-59;021500112233445566778899aabbccddeeff00010001c5;btcommon.eir_ad.entry.data
1784652823.034734;4b:ae:81:63:06:d3;0x00;33;-60.0;37;e20a39f4-73f5-4bc4-a12f-17d1ad07a961;0;0;-56;0215e20a39f473f54bc4a12f17d1ad07a96100000000c8;btcommon.eir_ad.entry.data
1784652823.060075;4b:ae:81:63:06:d3;0x00;33;-60.0;38;e20a39f4-73f5-4bc4-a12f-17d1ad07a961;0;0;-56;0215e20a39f473f54bc4a12f17d1ad07a96100000000c8;btcommon.eir_ad.entry.data
1784652823.094545;4b:ae:81:63:06:d3;0x00;33;-66.0;39;e20a39f4-73f5-4bc4-a12f-17d1ad07a961;0;0;-56;0215e20a39f473f54bc4a12f17d1ad07a96100000000c8;btcommon.eir_ad.entry.data
1784652823.243111;65:fd:a9:9d:64:62;0x00;36;-60.0;37;00112233-4455-6677-8899-aabbccddeeff;1;1;-59;021500112233445566778899aabbccddeeff00010001c5;btcommon.eir_ad.entry.data
1784652823.272423;65:fd:a9:9d:64:62;0x00;36;-60.0;38;00112233-4455-6677-8899-aabbccddeeff;1;1;-59;021500112233445566778899aabbccddeeff00010001c5;btcommon.eir_ad.entry.data
1784652823.311284;65:fd:a9:9d:64:62;0x00;36;-67.0;39;00112233-4455-6677-8899-aabbccddeeff;1;1;-59;021500112233445566778899aabbccddeeff00010001c5;btcommon.eir_ad.entry.data
1784652823.361443;4b:ae:81:63:06:d3;0x00;33;-60.0;37;e20a39f4-73f5-4bc4-a12f-17d1ad07a961;0;0;-56;0215e20a39f473f54bc4a12f17d1ad07a96100000000c8;btcommon.eir_ad.entry.data
1784652823.394664;4b:ae:81:63:06:d3;0x00;33;-60.0;38;e20a39f4-73f5-4bc4-a12f-17d1ad07a961;0;0;-56;0215e20a39f473f54bc4a12f17d1ad07a96100000000c8;btcommon.eir_ad.entry.data
1784652823.428569;4b:ae:81:63:06:d3;0x00;33;-67.0;39;e20a39f4-73f5-4bc4-a12f-17d1ad07a961;0;0;-56;0215e20a39f473f54bc4a12f17d1ad07a96100000000c8;btcommon.eir_ad.entry.data
1784652823.522062;65:fd:a9:9d:64:62;0x00;36;-60.0;37;00112233-4455-6677-8899-aabbccddeeff;1;1;-59;021500112233445566778899aabbccddeeff00010001c5;btcommon.eir_ad.entry.data
1784652823.545684;65:fd:a9:9d:64:62;0x00;36;-60.0;38;00112233-4455-6677-8899-aabbccddeeff;1;1;-59;021500112233445566778899aabbccddeeff00010001c5;btcommon.eir_ad.entry.data
1784652823.570526;65:fd:a9:9d:64:62;0x00;36;-66.0;39;00112233-4455-6677-8899-aabbccddeeff;1;1;-59;021500112233445566778899aabbccddeeff00010001c5;btcommon.eir_ad.entry.data
1784652823.633856;4b:ae:81:63:06:d3;0x00;33;-60.0;37;e20a39f4-73f5-4bc4-a12f-17d1ad07a961;0;0;-56;0215e20a39f473f54bc4a12f17d1ad07a96100000000c8;btcommon.eir_ad.entry.data
1784652823.644721;4b:ae:81:63:06:d3;0x00;33;-60.0;38;e20a39f4-73f5-4bc4-a12f-17d1ad07a961;0;0;-56;0215e20a39f473f54bc4a12f17d1ad07a96100000000c8;btcommon.eir_ad.entry.data
1784652823.659074;4b:ae:81:63:06:d3;0x00;33;-67.0;39;e20a39f4-73f5-4bc4-a12f-17d1ad07a961;0;0;-56;0215e20a39f473f54bc4a12f17d1ad07a96100000000c8;btcommon.eir_ad.entry.data
1784652823.855288;65:fd:a9:9d:64:62;0x00;36;-60.0;37;00112233-4455-6677-8899-aabbccddeeff;1;1;-59;021500112233445566778899aabbccddeeff00010001c5;btcommon.eir_ad.entry.data
1784652823.895088;65:fd:a9:9d:64:62;0x00;36;-60.0;38;00112233-4455-6677-8899-aabbccddeeff;1;1;-59;021500112233445566778899aabbccddeeff00010001c5;btcommon.eir_ad.entry.data
1784652823.919359;65:fd:a9:9d:64:62;0x00;36;-67.0;39;00112233-4455-6677-8899-aabbccddeeff;1;1;-59;021500112233445566778899aabbccddeeff00010001c5;btcommon.eir_ad.entry.data
1784652823.974382;4b:ae:81:63:06:d3;0x00;33;-60.0;37;e20a39f4-73f5-4bc4-a12f-17d1ad07a961;0;0;-56;0215e20a39f473f54bc4a12f17d1ad07a96100000000c8;btcommon.eir_ad.entry.data
1784652823.991674;4b:ae:81:63:06:d3;0x00;33;-60.0;38;e20a39f4-73f5-4bc4-a12f-17d1ad07a961;0;0;-56;0215e20a39f473f54bc4a12f17d1ad07a96100000000c8;btcommon.eir_ad.entry.data
1784652824.013072;4b:ae:81:63:06:d3;0x00;33;-66.0;39;e20a39f4-73f5-4bc4-a12f-17d1ad07a961;0;0;-56;0215e20a39f473f54bc4a12f17d1ad07a96100000000c8;btcommon.eir_ad.entry.data
1784652824.143827;65:fd:a9:9d:64:62;0x00;36;-60.0;37;00112233-4455-6677-8899-aabbccddeeff;1;1;-59;021500112233445566778899aabbccddeeff00010001c5;btcommon.eir_ad.entry.data
1784652824.171625;65:fd:a9:9d:64:62;0x00;36;-60.0;38;00112233-4455-6677-8899-aabbccddeeff;59484;38753;-72;021500112233445566778899aabbccddeeffe85c9761b8;btcommon.eir_ad.entry.data
1784652824.199824;4b:ae:81:63:06:d3;0x00;33;-67.0;39;e20a39f4-73f5-4bc4-a12f-17d1ad07a961;0;0;-56;0215e20a39f473f54bc4a12f17d1ad07a96100000000c8;btcommon.eir_ad.entry.data
1784652824.380463;65:fd:a9:9d:64:62;0x00;36;-61.0;38;00112233-4455-6677-8899-aabbccddeeff;1;1;-59;021500112233445566778899aabbccddeeff00010001c5;btcommon.eir_ad.entry.data
1784652824.404018;65:fd:a9:9d:64:62;0x00;36;-69.0;39;00112233-4455-6677-8899-aabbccddeeff;1;1;-59;021500112233445566778899aabbccddeeff00010001c5;btcommon.eir_ad.entry.data
1784652824.462328;4b:ae:81:63:06:d3;0x00;33;-60.0;37;e20a39f4-73f5-4bc4-a12f-17d1ad07a961;0;0;-56;0215e20a39f473f54bc4a12f17d1ad07a96100000000c8;btcommon.eir_ad.entry.data
1784652824.49849;4b:ae:81:63:06:d3;0x00;33;-60.0;38;e20a39f4-73f5-4bc4-a12f-17d1ad07a961;0;0;-56;0215e20a39f473f54bc4a12f17d1ad07a96100000000c8;btcommon.eir_ad.entry.data
1784652824.539181;4b:ae:81:63:06:d3;0x00;33;-66.0;39;e20a39f4-73f5-4bc4-a12f-17d1ad07a961;0;0;-56;0215e20a39f473f54bc4a12f17d1ad07a96100000000c8;btcommon.eir_ad.entry.data
1784652824.684856;65:fd:a9:9d:64:62;0x00;36;-59.0;37;00112233-4455-6677-8899-aabbccddeeff;1;1;-59;021500112233445566778899aabbccddeeff00010001c5;btcommon.eir_ad.entry.data
1784652824.686975;65:fd:a9:9d:64:62;0x00;36;-60.0;38;00112233-4455-6677-8899-aabbccddeeff;1;1;-59;021500112233445566778899aabbccddeeff00010001c5;btcommon.eir_ad.entry.data
1784652824.722804;65:fd:a9:9d:64:62;0x00;36;-67.0;39;00112233-4455-6677-8899-aabbccddeeff;1;1;-59;021500112233445566778899aabbccddeeff00010001c5;btcommon.eir_ad.entry.data
1784652824.768921;4b:ae:81:63:06:d3;0x00;33;-59.0;37;e20a39f4-73f5-4bc4-a12f-17d1ad07a961;0;0;-56;0215e20a39f473f54bc4a12f17d1ad07a96100000000c8;btcommon.eir_ad.entry.data
1784652824.802748;4b:ae:81:63:06:d3;0x00;33;-60.0;38;e20a39f4-73f5-4bc4-a12f-17d1ad07a961;0;0;-56;0215e20a39f473f54bc4a12f17d1ad07a96100000000c8;btcommon.eir_ad.entry.data
1784652824.831854;4b:ae:81:63:06:d3;0x00;33;-67.0;39;e20a39f4-73f5-4bc4-a12f-17d1ad07a961;0;0;-56;0215e20a39f473f54bc4a12f17d1ad07a96100000000c8;btcommon.eir_ad.entry.data
1784652824.942906;65:fd:a9:9d:64:62;0x00;36;-60.0;38;00112233-4455-6677-8899-aabbccddeeff;1;1;-59;021500112233445566778899aabbccddeeff00010001c5;btcommon.eir_ad.entry.data
1784652825.057637;4b:ae:81:63:06:d3;0x00;33;-60.0;37;e20a39f4-73f5-4bc4-a12f-17d1ad07a961;0;0;-56;0215e20a39f473f54bc4a12f17d1ad07a96100000000c8;btcommon.eir_ad.entry.data
1784652825.078263;4b:ae:81:63:06:d3;0x00;33;-61.0;38;e20a39f4-73f5-4bc4-a12f-17d1ad07a961;0;0;-56;0215e20a39f473f54bc4a12f17d1ad07a96100000000c8;btcommon.eir_ad.entry.data
1784652825.095691;4b:ae:81:63:06:d3;0x00;33;-70.0;39;e20a39f4-73f5-4bc4-a12f-17d1ad07a961;0;0;-56;0215e20a39f473f54bc4a12f17d1ad07a96100000000c8;btcommon.eir_ad.entry.data
1784652825.242026;65:fd:a9:9d:64:62;0x00;36;-59.0;37;00112233-4455-6677-8899-aabbccddeeff;1;1;-59;021500112233445566778899aabbccddeeff00010001c5;btcommon.eir_ad.entry.data
1784652825.27531;65:fd:a9:9d:64:62;0x00;36;-60.0;38;00112233-4455-6677-8899-aabbccddeeff;1;1;-59;021500112233445566778899aabbccddeeff00010001c5;btcommon.eir_ad.entry.data
1784652825.308818;65:fd:a9:9d:64:62;0x00;36;-66.0;39;00112233-4455-6677-8899-aabbccddeeff;1;1;-59;021500112233445566778899aabbccddeeff00010001c5;btcommon.eir_ad.entry.data
1784652825.354538;4b:ae:81:63:06:d3;0x00;33;-60.0;37;e20a39f4-73f5-4bc4-a12f-17d1ad07a961;0;0;-56;0215e20a39f473f54bc4a12f17d1ad07a96100000000c8;btcommon.eir_ad.entry.data
1784652825.382656;4b:ae:81:63:06:d3;0x00;33;-60.0;38;e20a39f4-73f5-4bc4-a12f-17d1ad07a961;0;0;-56;0215e20a39f473f54bc4a12f17d1ad07a96100000000c8;btcommon.eir_ad.entry.data
1784652825.423084;4b:ae:81:63:06:d3;0x00;33;-66.0;39;e20a39f4-73f5-4bc4-a12f-17d1ad07a961;0;0;-56;0215e20a39f473f54bc4a12f17d1ad07a96100000000c8;btcommon.eir_ad.entry.data
1784652825.618685;65:fd:a9:9d:64:62;0x00;36;-60.0;38;00112233-4455-6677-8899-aabbccddeeff;1;1;-59;021500112233445566778899aabbccddeeff00010001c5;btcommon.eir_ad.entry.data
1784652825.659078;4b:ae:81:63:06:d3;0x00;33;-66.0;39;e20a39f4-73f5-4bc4-a12f-17d1ad07a961;0;0;-56;0215e20a39f473f54bc4a12f17d1ad07a96100000000c8;btcommon.eir_ad.entry.data
1784652825.942109;65:fd:a9:9d:64:62;0x00;36;-58.0;37;00112233-4455-6677-8899-aabbccddeeff;1;1;-59;021500112233445566778899aabbccddeeff00010001c5;btcommon.eir_ad.entry.data
1784652825.967174;65:fd:a9:9d:64:62;0x00;36;-60.0;38;00112233-4455-6677-8899-aabbccddeeff;1;1;-59;021500112233445566778899aabbccddeeff00010001c5;btcommon.eir_ad.entry.data
1784652826.002749;65:fd:a9:9d:64:62;0x00;36;-66.0;39;00112233-4455-6677-8899-aabbccddeeff;1;1;-59;021500112233445566778899aabbccddeeff00010001c5;btcommon.eir_ad.entry.data
1784652826.044049;4b:ae:81:63:06:d3;0x00;33;-58.0;37;e20a39f4-73f5-4bc4-a12f-17d1ad07a961;0;0;-56;0215e20a39f473f54bc4a12f17d1ad07a96100000000c8;btcommon.eir_ad.entry.data
1784652826.067719;4b:ae:81:63:06:d3;0x00;35;-59.0;38;e20a39f4-73f5-4bc4-a12f-17d1ad07a961;0;0;-56;0215e20a39f473f54bc4a12f17d1ad07a96100000000c8;btcommon.eir_ad.entry.data
1784652826.0943;4b:ae:81:63:06:d3;0x00;33;-67.0;39;e20a39f4-73f5-4bc4-a12f-17d1ad07a961;0;0;-56;0215e20a39f473f54bc4a12f17d1ad07a96100000000c8;btcommon.eir_ad.entry.data
1784652826.155958;65:fd:a9:9d:64:62;0x00;36;-59.0;38;00112233-4455-6677-8899-aabbccddeeff;1;1;-59;021500112233445566778899aabbccddeeff00010001c5;btcommon.eir_ad.entry.data
1784652826.176623;65:fd:a9:9d:64:62;0x00;36;-67.0;39;00112233-4455-6677-8899-aabbccddeeff;1;1;-59;021500112233445566778899aabbccddeeff00010001c5;btcommon.eir_ad.entry.data
1784652826.234178;4b:ae:81:63:06:d3;0x00;33;-60.0;38;e20a39f4-73f5-4bc4-a12f-17d1ad07a961;0;0;-56;0215e20a39f473f54bc4a12f17d1ad07a96100000000c8;btcommon.eir_ad.entry.data
1784652826.24637;4b:ae:81:63:06:d3;0x00;33;-67.0;39;e20a39f4-73f5-4bc4-a12f-17d1ad07a961;0;0;-56;0215e20a39f473f54bc4a12f17d1ad07a96100000000c8;btcommon.eir_ad.entry.data
1784652826.409832;65:fd:a9:9d:64:62;0x00;36;-60.0;38;00112233-4455-6677-8899-aabbccddeeff;1;1;-59;021500112233445566778899aabbccddeeff00010001c5;btcommon.eir_ad.entry.data
1784652826.44842;65:fd:a9:9d:64:62;0x00;36;-68.0;39;00112233-4455-6677-8899-aabbccddeeff;1;1;-59;021500112233445566778899aabbccddeeff00010001c5;btcommon.eir_ad.entry.data
1784652826.493529;4b:ae:81:63:06:d3;0x00;33;-58.0;37;e20a39f4-73f5-4bc4-a12f-17d1ad07a961;0;0;-56;0215e20a39f473f54bc4a12f17d1ad07a96100000000c8;btcommon.eir_ad.entry.data
1784652826.533888;4b:ae:81:63:06:d3;0x00;33;-60.0;38;e20a39f4-73f5-4bc4-a12f-17d1ad07a961;0;0;-56;0215e20a39f473f54bc4a12f17d1ad07a96100000000c8;btcommon.eir_ad.entry.data
1784652826.535697;4b:ae:81:63:06:d3;0x00;33;-68.0;39;e20a39f4-73f5-4bc4-a12f-17d1ad07a961;0;0;-56;0215e20a39f473f54bc4a12f17d1ad07a96100000000c8;btcommon.eir_ad.entry.data
1784652826.68239;65:fd:a9:9d:64:62;0x00;36;-60.0;38;00112233-4455-6677-8899-aabbccddeeff;1;1;-59;021500112233445566778899aabbccddeeff00010001c5;btcommon.eir_ad.entry.data
1784652826.692874;65:fd:a9:9d:64:62;0x00;36;-68.0;39;00112233-4455-6677-8899-aabbccddeeff;1;1;-59;021500112233445566778899aabbccddeeff00010001c5;btcommon.eir_ad.entry.data
1784652826.746324;4b:ae:81:63:06:d3;0x00;33;-59.0;38;e20a39f4-73f5-4bc4-a12f-17d1ad07a961;0;0;-56;0215e20a39f473f54bc4a12f17d1ad07a96100000000c8;btcommon.eir_ad.entry.data
1784652826.748271;4b:ae:81:63:06:d3;0x00;33;-68.0;39;e20a39f4-73f5-4bc4-a12f-17d1ad07a961;0;0;-56;0215e20a39f473f54bc4a12f17d1ad07a96100000000c8;btcommon.eir_ad.entry.data
1784652826.978521;65:fd:a9:9d:64:62;0x00;36;-59.0;37;00112233-4455-6677-8899-aabbccddeeff;1;1;-59;021500112233445566778899aabbccddeeff00010001c5;btcommon.eir_ad.entry.data
1784652827.0113;65:fd:a9:9d:64:62;0x00;36;-60.0;38;00112233-4055-6677-8899-aabbccddeeff;1;1;-59;021500112233405566778899aabbccddeeff00010001c5;btcommon.eir_ad.entry.data
1784652827.041698;65:fd:a9:9d:64:62;0x00;36;-74.0;39;00112233-4455-6677-8899-aabbccddeeff;1;1;-59;021500112233445566778899aabbccddeeff00010001c5;btcommon.eir_ad.entry.data
1784652827.082578;4b:ae:81:63:06:d3;0x00;33;-60.0;38;e20a39f4-73f5-4bc4-a12f-17d1ad07a961;0;0;-56;0215e20a39f473f54bc4a12f17d1ad07a96100000000c8;btcommon.eir_ad.entry.data
1784652827.101992;4b:ae:81:63:06:d3;0x00;33;-68.0;39;e20a39f4-73f5-4bc4-a12f-17d1ad07a961;0;0;-56;0215e20a39f473f54bc4a12f17d1ad07a96100000000c8;btcommon.eir_ad.entry.data
1784652827.252292;65:fd:a9:9d:64:62;0x00;36;-58.0;37;00112233-4455-6677-8899-aabbccddeeff;1;1;-59;021500112233445566778899aabbccddeeff00010001c5;btcommon.eir_ad.entry.data
1784652827.259585;65:fd:a9:9d:64:62;0x00;36;-59.0;38;00112233-4455-6677-8899-aabbccddeeff;1;1;-59;021500112233445566778899aabbccddeeff00010001c5;btcommon.eir_ad.entry.data
1784652827.261325;65:fd:a9:9d:64:62;0x00;36;-68.0;39;00112233-4455-6677-8899-aabbccddeeff;1;1;-59;021500112233445566778899aabbccddeeff00010001c5;btcommon.eir_ad.entry.data
1784652827.334859;4b:ae:81:63:06:d3;0x00;33;-59.0;38;e20a39f4-73f5-4bc4-a12f-17d1ad07a961;0;0;-56;0215e20a39f473f54bc4a12f17d1ad07a96100000000c8;btcommon.eir_ad.entry.data
1784652827.341636;4b:ae:81:63:06:d3;0x00;33;-68.0;39;e20a39f4-73f5-4bc4-a12f-17d1ad07a961;0;0;-56;0215e20a39f473f54bc4a12f17d1ad07a96100000000c8;btcommon.eir_ad.entry.data
1784652827.561037;65:fd:a9:9d:64:62;0x00;36;-59.0;38;00112233-4455-6677-8899-aabbccddeeff;1;1;-59;021500112233445566778899aabbccddeeff00010001c5;btcommon.eir_ad.entry.data
1784652827.586323;65:fd:a9:9d:64:62;0x00;36;-67.0;39;00112233-4455-6677-8899-aabbccddeeff;1;1;-59;021500112233445566778899aabbccddeeff00010001c5;btcommon.eir_ad.entry.data
1784652827.690597;4b:ae:81:63:06:d3;0x00;33;-58.0;37;e20a39f4-73f5-4bc4-a12f-17d1ad07a961;0;0;-56;0215e20a39f473f54bc4a12f17d1ad07a96100000000c8;btcommon.eir_ad.entry.data
1784652827.702465;4b:ae:81:63:06:d3;0x00;33;-59.0;38;e20a39f4-73f5-4bc4-a12f-17d1ad07a961;0;0;-56;0215e20a39f473f54bc4a12f17d1ad07a96100000000c8;btcommon.eir_ad.entry.data
1784652827.721271;4b:ae:81:63:06:d3;0x00;33;-68.0;39;e20a39f4-73f5-4bc4-a12f-17d1ad07a961;0;0;-56;0215e20a39f473f54bc4a12f17d1ad07a96100000000c8;btcommon.eir_ad.entry.data
1784652827.828451;65:fd:a9:9d:64:62;0x00;36;-60.0;38;00112233-4455-6677-8899-aabbccddeeff;1;1;-59;021500112233445566778899aabbccddeeff00010001c5;btcommon.eir_ad.entry.data
1784652827.861201;65:fd:a9:9d:64:62;0x00;36;-67.0;39;00112233-4455-6677-8899-aabbccddeeff;1;1;-59;021500112233445566778899aabbccddeeff00010001c5;btcommon.eir_ad.entry.data
1784652827.974954;4b:ae:81:63:06:d3;0x00;33;-58.0;37;e20a39f4-73f5-4bc4-a12f-17d1ad07a961;0;0;-56;0215e20a39f473f54bc4a12f17d1ad07a96100000000c8;btcommon.eir_ad.entry.data
1784652828.008712;4b:ae:81:63:06:d3;0x00;33;-59.0;38;e20a39f4-73f5-4bc4-a12f-17d1ad07a961;0;0;-56;0215e20a39f473f54bc4a12f17d1ad07a96100000000c8;btcommon.eir_ad.entry.data
1784652828.036556;4b:ae:81:63:06:d3;0x00;33;-67.0;39;e20a39f4-73f5-4bc4-a12f-17d1ad07a961;0;0;-56;0215e20a39f473f54bc4a12f17d1ad07a96100000000c8;btcommon.eir_ad.entry.data
1784652828.12752;65:fd:a9:9d:64:62;0x00;36;-58.0;37;00112233-4455-6677-8899-aabbccddeeff;1;1;-59;021500112233445566778899aabbccddeeff00010001c5;btcommon.eir_ad.entry.data
1784652828.156323;65:fd:a9:9d:64:62;0x00;36;-59.0;38;00112233-4455-6677-8899-aabbccddeeff;1;1;-59;021500112233445566778899aabbccddeeff00010001c5;btcommon.eir_ad.entry.data
1784652828.194885;65:fd:a9:9d:64:62;0x00;36;-67.0;39;00112233-4455-6677-8899-aabbccddeeff;1;1;-59;021500112233445566778899aabbccddeeff00010001c5;btcommon.eir_ad.entry.data
1784652828.249592;4b:ae:81:63:06:d3;0x00;33;-58.0;37;e20a39f4-73f5-4bc4-a12f-17d1ad07a961;0;0;-56;0215e20a39f473f54bc4a12f17d1ad07a96100000000c8;btcommon.eir_ad.entry.data
1784652828.251542;4b:ae:81:63:06:d3;0x00;33;-59.0;38;e20a39f4-73f5-4bc4-a12f-17d1ad07a961;0;0;-56;0215e20a39f473f54bc4a12f17d1ad07a96100000000c8;btcommon.eir_ad.entry.data
1784652828.254067;4b:ae:81:63:06:d3;0x00;33;-67.0;39;e20a39f4-73f5-4bc4-a12f-17d1ad07a961;0;0;-56;0215e20a39f473f54bc4a12f17d1ad07a96100000000c8;btcommon.eir_ad.entry.data
1784652828.462778;65:fd:a9:9d:64:62;0x00;36;-67.0;39;00112233-4455-6677-8899-aabbccddeeff;1;1;-59;021500112233445566778899aabbccddeeff00010001c5;btcommon.eir_ad.entry.data
1784652828.619229;4b:ae:81:63:06:d3;0x00;33;-58.0;37;e20a39f4-73f5-4bc4-a12f-17d1ad07a961;0;0;-56;0215e20a39f473f54bc4a12f17d1ad07a96100000000c8;btcommon.eir_ad.entry.data
1784652828.620682;4b:ae:81:63:06:d3;0x00;33;-59.0;38;e20a39f4-73f5-4bd4-a12f-17d1ad07a961;0;0;-56;0215e20a39f473f54bd4a12f17d1ad07a96100000000c8;btcommon.eir_ad.entry.data
1784652828.621605;4b:ae:81:63:06:d3;0x00;33;-68.0;39;e20a39f4-73f5-4bc4-a12f-17d1ad07a961;0;0;-56;0215e20a39f473f54bc4a12f17d1ad07a96100000000c8;btcommon.eir_ad.entry.data
1784652828.672256;65:fd:a9:9d:64:62;0x00;36;-59.0;38;00112233-4455-6677-8899-aabbccddeeff;1;1;-59;021500112233445566778899aabbccddeeff00010001c5;btcommon.eir_ad.entry.data
1784652828.67504;65:fd:a9:9d:64:62;0x00;36;-67.0;39;00112233-4455-6677-8899-aabbccddeeff;1;1;-59;021500112233445566778899aabbccddeeff00010001c5;btcommon.eir_ad.entry.data
1784652828.749074;4b:ae:81:63:06:d3;0x00;33;-58.0;37;e20a39f4-73f5-4bc4-a12f-17d1ad07a961;0;0;-56;0215e20a39f473f54bc4a12f17d1ad07a96100000000c8;btcommon.eir_ad.entry.data
1784652828.760787;4b:ae:81:63:06:d3;0x00;33;-59.0;38;e20a39f4-73f5-4bc4-a12f-17d1ad07a961;0;0;-56;0215e20a39f473f54bc4a12f17d1ad07a96100000000c8;btcommon.eir_ad.entry.data
1784652828.762675;4b:ae:81:63:06:d3;0x00;33;-67.0;39;e20a39f4-73f5-4bc4-a12f-17d1ad07a961;0;0;-56;0215e20a39f473f54bc4a12f17d1ad07a96100000000c8;btcommon.eir_ad.entry.data
1784652829.072553;65:fd:a9:9d:64:62;0x00;36;-59.0;38;00112233-4455-6677-8899-aabbccddeeff;1;1;-59;021500112233445566778899aabbccddeeff00010001c5;btcommon.eir_ad.entry.data
1784652829.096199;65:fd:a9:9d:64:62;0x00;36;-67.0;39;00112233-4455-6677-8899-aabbccddeeff;1;1;-59;021500112233445566778899aabbccddeeff00010001c5;btcommon.eir_ad.entry.data
1784652829.237602;4b:ae:81:63:06:d3;0x00;33;-58.0;37;e20a39f4-73f5-4bc4-a12f-17d1ad07a961;0;0;-56;0215e20a39f473f54bc4a12f17d1ad07a96100000000c8;btcommon.eir_ad.entry.data
1784652829.277718;4b:ae:81:63:06:d3;0x00;33;-59.0;38;e20a39f4-73f5-4bc4-a12f-17d1ad07a961;0;0;-56;0215e20a39f473f54bc4a12f17d1ad07a96100000000c8;btcommon.eir_ad.entry.data
1784652829.291849;4b:ae:81:63:06:d3;0x00;33;-67.0;39;e20a39f4-73f5-4bc4-a12f-17d1ad07a961;0;0;-56;0215e20a39f473f54bc4a12f17d1ad07a96100000000c8;btcommon.eir_ad.entry.data
1784652829.317269;65:fd:a9:9d:64:62;0x00;36;-59.0;38;00112233-4455-6677-8899-aabbccddeeff;1;1;-59;021500112233445566778899aabbccddeeff00010001c5;btcommon.eir_ad.entry.data
1784652829.326987;65:fd:a9:9d:64:62;0x00;36;-67.0;39;00112233-4455-6677-8899-aabbccddeeff;1;1;-59;021500112233445566778899aabbccddeeff00010001c5;btcommon.eir_ad.entry.data
1784652829.41988;4b:ae:81:63:06:d3;0x00;33;-58.0;37;e20a39f4-73f5-4bc4-a12f-17d1ad07a961;0;0;-56;0215e20a39f473f54bc4a12f17d1ad07a96100000000c8;btcommon.eir_ad.entry.data
1784652829.457;4b:ae:81:63:06:d3;0x00;33;-58.0;38;e20a39f4-73f5-4bc4-a12f-17d1ad07a961;0;0;-56;0215e20a39f473f54bc4a12f17d1ad07a96100000000c8;btcommon.eir_ad.entry.data
1784652829.503422;4b:ae:81:63:06:d3;0x00;33;-66.0;39;e20a39f4-73f5-4bc4-a12f-17d1ad07a961;0;0;-56;0215e20a39f473f54bc4a12f17d1ad07a96100000000c8;btcommon.eir_ad.entry.data
1784652829.69864;65:fd:a9:9d:64:62;0x00;36;-58.0;37;00112233-4455-6677-8899-aabbccddeeff;1;1;-59;021500112233445566778899aabbccddeeff00010001c5;btcommon.eir_ad.entry.data
1784652829.727766;65:fd:a9:9d:64:62;0x00;36;-60.0;38;00112233-4455-6677-8899-aabbccddeeff;1;1;-59;021500112233445566778899aabbccddeeff00010001c5;btcommon.eir_ad.entry.data
1784652829.746667;65:fd:a9:9d:64:62;0x00;36;-70.0;39;00112233-4455-6677-8899-aabbccddeeff;1;1;-59;021500112233445566778899aabbccddeeff00010001c5;btcommon.eir_ad.entry.data
1784652829.960706;65:fd:a9:9d:64:62;0x00;36;-58.0;37;00112233-4455-6677-8899-aabbccddeeff;1;1;-59;021500112233445566778899aabbccddeeff00010001c5;btcommon.eir_ad.entry.data
1784652830.003077;65:fd:a9:9d:64:62;0x00;36;-59.0;38;00112233-4455-6677-8899-aabbccddeeff;1;1;-59;021500112233445566778899aabbccddeeff00010001c5;btcommon.eir_ad.entry.data
1784652830.033232;65:fd:a9:9d:64:62;0x00;36;-68.0;39;00112233-4455-6677-8899-aabbccddeeff;1;1;-59;021500112233445566778899aabbccddeeff00010001c5;btcommon.eir_ad.entry.data
1784652830.093953;4b:ae:81:63:06:d3;0x00;33;-58.0;37;e20a39f4-73f5-4bc4-a12f-17d1ad07a961;0;0;-56;0215e20a39f473f54bc4a12f17d1ad07a96100000000c8;btcommon.eir_ad.entry.data
1784652830.141663;4b:ae:81:63:06:d3;0x00;33;-59.0;38;e20a39f4-73f5-4bc4-a12f-17d1ad07a961;0;0;-56;0215e20a39f473f54bc4a12f17d1ad07a96100000000c8;btcommon.eir_ad.entry.data
1784652830.173887;4b:ae:81:63:06:d3;0x00;33;-68.0;39;e20a39f4-73f5-4bc4-a12f-17d1ad07a961;0;0;-56;0215e20a39f473f54bc4a12f17d1ad07a96100000000c8;btcommon.eir_ad.entry.data
1784652830.304716;65:fd:a9:9d:64:62;0x00;36;-58.0;37;00112233-4455-6677-8899-aabbccddeeff;1;1;-59;021500112233445566778899aabbccddeeff00010001c5;btcommon.eir_ad.entry.data
1784652830.352668;65:fd:a9:9d:64:62;0x00;36;-59.0;38;00112233-4455-6677-8899-aabbccddeeff;1;1;-59;021500112233445566778899aabbccddeeff00010001c5;btcommon.eir_ad.entry.data
1784652830.384423;65:fd:a9:9d:64:62;0x00;36;-68.0;39;00112233-4455-6677-8899-aabbccddeeff;1;1;-59;021500112233445566778899aabbccddeeff00010001c5;btcommon.eir_ad.entry.data
1784652830.424771;4b:ae:81:63:06:d3;0x00;33;-58.0;37;e20a39f4-73f5-4bc4-a12f-17d1ad07a961;0;0;-56;0215e20a39f473f54bc4a12f17d1ad07a96100000000c8;btcommon.eir_ad.entry.data
1784652830.427706;4b:ae:81:63:06:d3;0x00;33;-59.0;38;e20a39f4-73f5-4bc4-a12f-17d1ad07a961;0;0;-56;0215e20a39f473f54bc4a12f17d1ad07a96100000000c8;btcommon.eir_ad.entry.data
1784652830.458059;4b:ae:81:63:06:d3;0x00;33;-68.0;39;e20a39f4-73f5-4bc4-a12f-17d1ad07a961;0;0;-56;0215e20a39f473f54bc4a12f17d1ad07a96100000000c8;btcommon.eir_ad.entry.data
1784652830.604854;65:fd:a9:9d:64:62;0x00;36;-58.0;37;00112233-4455-6677-8899-aabbccddeeff;1;1;-59;021500112233445566778899aabbccddeeff00010001c5;btcommon.eir_ad.entry.data
1784652830.619554;65:fd:a9:9d:64:62;0x00;36;-59.0;38;00112233-4455-6677-8899-aabbccddeeff;1;1;-59;021500112233445566778899aabbccddeeff00010001c5;btcommon.eir_ad.entry.data
1784652830.621313;65:fd:a9:9d:64:62;0x00;36;-68.0;39;00112233-4455-6677-8899-aabbccddeeff;1;1;-59;021500112233445566778899aabbccddeeff00010001c5;btcommon.eir_ad.entry.data
1784652830.626013;4b:ae:81:63:06:d3;0x00;33;-58.0;37;e20a39f4-73f5-4bc4-a12f-17d1ad07a961;0;0;-56;0215e20a39f473f54bc4a12f17d1ad07a96100000000c8;btcommon.eir_ad.entry.data
1784652830.636898;4b:ae:81:63:06:d3;0x00;33;-59.0;38;e20a39f4-73f5-4bc4-a12f-17d1ad07a961;0;0;-56;0215e20a39f473f54bc4a12f17d1ad07a96100000000c8;btcommon.eir_ad.entry.data
1784652830.63997;4b:ae:81:63:06:d3;0x00;33;-68.0;39;e20a39f4-73f5-4bc4-a12f-17d1ad07a961;0;0;-56;0215e20a39f473f54bc4a12f17d1ad07a96100000000c8;btcommon.eir_ad.entry.data
1784652830.665673;65:fd:a9:9d:64:62;0x00;36;-59.0;38;00112233-4455-6677-8899-aabbccddeeff;1;1;-59;021500112233445566778899aabbccddeeff00010001c5;btcommon.eir_ad.entry.data
1784652830.674101;65:fd:a9:9d:64:62;0x00;36;-68.0;39;00112233-4455-6677-8899-aabbccddeeff;1;1;-59;021500112233445566778899aabbccddeeff00010001c5;btcommon.eir_ad.entry.data
1784652830.766772;4b:ae:81:63:06:d3;0x00;33;-58.0;37;e20a39f4-73f5-4bc4-a12f-17d1ad07a961;0;0;-56;0215e20a39f473f54bc4a12f17d1ad07a96100000000c8;btcommon.eir_ad.entry.data
1784652830.782387;4b:ae:81:63:06:d3;0x00;33;-60.0;38;e20a39f4-73f5-4bc4-a12f-17d1ad07a961;0;0;-56;0215e20a39f473f54bc4a12f17d1ad07a96100000000c8;btcommon.eir_ad.entry.data
1784652830.810268;4b:ae:81:63:06:d3;0x00;33;-74.0;39;e20a39f4-73f5-4bc4-a12f-17d1ad07a961;0;0;-56;0215e20a39f473f54bc4a12f17d1ad07a96100000000c8;btcommon.eir_ad.entry.data
1784652830.962406;65:fd:a9:9d:64:62;0x00;36;-58.0;37;00112233-4455-6677-8899-aabbccddeeff;1;1;-59;021500112233445566778899aabbccddeeff00010001c5;btcommon.eir_ad.entry.data
1784652830.994154;65:fd:a9:9d:64:62;0x00;36;-59.0;38;00112233-4455-6677-8899-aabbccddeeff;1;1;-59;021500112233445566778899aabbccddeeff00010001c5;btcommon.eir_ad.entry.data
1784652831.023813;65:fd:a9:9d:64:62;0x00;36;-68.0;39;00112233-4455-6677-8899-aabbccddeeff;1;1;-59;021500112233445566778899aabbccddeeff00010001c5;btcommon.eir_ad.entry.data
1784652831.27171;65:fd:a9:9d:64:62;0x00;36;-60.0;38;00112233-4455-6677-8899-aabbccddeeff;1;1;-59;021500112233445566778899aabbccddeeff00010001c5;btcommon.eir_ad.entry.data
1784652831.300986;65:fd:a9:9d:64:62;0x00;36;-68.0;39;00112233-4455-6677-8899-aabbccddeeff;1;1;-59;021500112233445566778899aabbccddeeff00010001c5;btcommon.eir_ad.entry.data
1784652831.350593;4b:ae:81:63:06:d3;0x00;33;-58.0;37;e20a39f4-73f5-4bc4-a12f-17d1ad07a961;0;0;-56;0215e20a39f473f54bc4a12f17d1ad07a96100000000c8;btcommon.eir_ad.entry.data
1784652831.383863;4b:ae:81:63:06:d3;0x00;33;-59.0;38;e20a39f4-73f5-4bc4-a12f-17d1ad07a961;0;0;-56;0215e20a39f473f54bc4a12f17d1ad07a96100000000c8;btcommon.eir_ad.entry.data
1784652831.407634;4b:ae:81:63:06:d3;0x00;33;-67.0;39;e20a39f4-73f5-4bc4-a12f-17d1ad07a961;0;0;-56;0215e20a39f473f54bc4a12f17d1ad07a96100000000c8;btcommon.eir_ad.entry.data
1784652831.578121;65:fd:a9:9d:64:62;0x00;36;-59.0;38;00112233-4455-6677-8899-aabbccddeeff;1;1;-59;021500112233445566778899aabbccddeeff00010001c5;btcommon.eir_ad.entry.data
1784652831.602034;65:fd:a9:9d:64:62;0x00;36;-67.0;39;00112233-4455-6677-8899-aabbccddeeff;1;1;-59;021500112233445566778899aabbccddeeff00010001c5;btcommon.eir_ad.entry.data
1784652831.623879;4b:ae:81:63:06:d3;0x00;33;-58.0;37;e20a39f4-73f5-4bc4-a12f-17d1ad07a961;0;0;-56;0215e20a39f473f54bc4a12f17d1ad07a96100000000c8;btcommon.eir_ad.entry.data
1784652831.658372;4b:ae:81:63:06:d3;0x00;33;-59.0;38;e20a39f4-73f5-4bc4-a12f-17d1ad07a961;0;0;-56;0215e20a39f473f54bc4a12f17d1ad07a96100000000c8;btcommon.eir_ad.entry.data
1784652831.682007;4b:ae:81:63:06:d3;0x00;33;-68.0;39;e20a39f4-73f5-4bc4-a12f-17d1ad07a961;0;0;-56;0215e20a39f473f54bc4a12f17d1ad07a96100000000c8;btcommon.eir_ad.entry.data
1784652831.85023;65:fd:a9:9d:64:62;0x00;36;-58.0;37;00112233-4455-6677-8899-aabbccddeeff;1;1;-59;021500112233445566778899aabbccddeeff00010001c5;btcommon.eir_ad.entry.data
1784652831.883473;65:fd:a9:9d:64:62;0x00;36;-59.0;38;00112233-4455-6677-8899-aabbccddeeff;1;1;-59;021500112233445566778899aabbccddeeff00010001c5;btcommon.eir_ad.entry.data
1784652831.922943;65:fd:a9:9d:64:62;0x00;36;-68.0;39;00112233-4455-6677-8899-aabbccddeeff;1;1;-59;021500112233445566778899aabbccddeeff00010001c5;btcommon.eir_ad.entry.data
1784652831.973895;4b:ae:81:63:06:d3;0x00;33;-58.0;37;e20a39f4-73f5-4bc4-a12f-17d1ad07a961;0;0;-56;0215e20a39f473f54bc4a12f17d1ad07a96100000000c8;btcommon.eir_ad.entry.data
1784652832.007506;4b:ae:81:63:06:d3;0x00;33;-59.0;38;e20a39f4-73f5-4bc4-a12f-17d1ad07a961;0;0;-56;0215e20a39f473f54bc4a12f17d1ad07a96100000000c8;btcommon.eir_ad.entry.data
1784652832.046314;4b:ae:81:63:06:d3;0x00;33;-67.0;39;e20a39f4-73f5-4bc4-a12f-17d1ad07a961;0;0;-56;0215e20a39f473f54bc4a12f17d1ad07a96100000000c8;btcommon.eir_ad.entry.data
1784652832.172259;65:fd:a9:9d:64:62;0x00;36;-58.0;37;00112233-4455-6677-8899-aabbccddeeff;1;1;-59;021500112233445566778899aabbccddeeff00010001c5;btcommon.eir_ad.entry.data
1784652832.218116;65:fd:a9:9d:64:62;0x00;36;-59.0;38;00112233-4455-6677-8899-aabbccddeeff;1;1;-59;021500112233445566778899aabbccddeeff00010001c5;btcommon.eir_ad.entry.data
1784652832.257516;65:fd:a9:9d:64:62;0x00;36;-68.0;39;00112233-4455-6677-8899-aabbccddeeff;1;1;-59;021500112233445566778899aabbccddeeff00010001c5;btcommon.eir_ad.entry.data
1784652832.428536;4b:ae:81:63:06:d3;0x00;33;-59.0;38;e20a39f4-73f5-4bc4-a12f-17d1ad07a961;0;0;-56;0215e20a39f473f54bc4a12f17d1ad07a96100000000c8;btcommon.eir_ad.entry.data
1784652832.452237;4b:ae:81:63:06:d3;0x00;33;-68.0;39;e20a39f4-73f5-4bc4-a12f-17d1ad07a961;0;0;-56;0215e20a39f473f54bc4a12f17d1ad07a96100000000c8;btcommon.eir_ad.entry.data
1784652832.612063;65:fd:a9:9d:64:62;0x00;36;-58.0;37;00112233-4455-6677-8899-aabbccddeeff;1;1;-59;021500112233445566778899aabbccddeeff00010001c5;btcommon.eir_ad.entry.data
1784652832.646106;65:fd:a9:9d:64:62;0x00;36;-59.0;38;00112233-4455-6677-8899-aabbccddeeff;1;1;-59;021500112233445566778899aabbccddeeff00010001c5;btcommon.eir_ad.entry.data
1784652832.668246;65:fd:a9:9d:64:62;0x00;36;-67.0;39;00112233-4455-6677-8899-aabbccddeeff;1;1;-59;021500112233445566778899aabbccddeeff00010001c5;btcommon.eir_ad.entry.data
1784652832.721516;4b:ae:81:63:06:d3;0x00;33;-58.0;37;e20a39f4-73f5-4bc4-a12f-17d1ad07a961;0;0;-56;0215e20a39f473f54bc4a12f17d1ad07a96100000000c8;btcommon.eir_ad.entry.data
1784652832.757588;4b:ae:81:63:06:d3;0x00;33;-59.0;38;e20a39f4-73f5-4bc4-a12f-17d1ad07a961;0;0;-56;0215e20a39f473f54bc4a12f17d1ad07a96100000000c8;btcommon.eir_ad.entry.data
1784652832.787337;4b:ae:81:63:06:d3;0x00;33;-68.0;39;e20a39f4-73f5-4bc4-a12f-17d1ad07a961;0;0;-56;0215e20a39f473f54bc4a12f17d1ad07a96100000000c8;btcommon.eir_ad.entry.data
1784652832.952131;4b:ae:81:63:06:d3;0x00;33;-58.0;37;e20a39f4-73f5-4bc4-a12f-17d1ad07a961;0;0;-56;0215e20a39f473f54bc4a12f17d1ad07a96100000000c8;btcommon.eir_ad.entry.data
1784652832.982145;4b:ae:81:63:06:d3;0x00;33;-59.0;38;e20a39f4-73f5-4bc4-a12f-17d1ad07a961;0;32768;-56;0215e20a39f473f54bc4a12f17d1ad07a96100008000c8;btcommon.eir_ad.entry.data
1784652833.020408;4b:ae:81:63:06:d3;0x00;33;-68.0;39;e20a39f4-7395-9fbc-1b7b-caa16494ca97;64494;8092;-40;0215e20a39f473959fbc1b7bcaa16494ca97fbee1f9cd8;btcommon.eir_ad.entry.data
1784652833.153107;65:fd:a9:9d:64:62;0x00;36;-58.0;37;00112233-4455-6677-8899-aabbccddeeff;1;1;-59;021500112233445566778899aabbccddeeff00010001c5;btcommon.eir_ad.entry.data
1784652833.182069;65:fd:a9:9d:64:62;0x00;36;-60.0;38;00112233-4455-6677-8899-aabbccddeeff;1;1;-59;021500112233445566778899aabbccddeeff00010001c5;btcommon.eir_ad.entry.data
1784652833.217076;65:fd:a9:9d:64:62;0x00;36;-68.0;39;00112233-4455-6677-8899-aabbccddeeff;1;1;-59;021500112233445566778899aabbccddeeff00010001c5;btcommon.eir_ad.entry.data
1784652833.266727;4b:ae:81:63:06:d3;0x00;33;-58.0;37;e20a39f4-73f5-4bc4-a12f-17d1ad07a961;0;0;-56;0215e20a39f473f54bc4a12f17d1ad07a96100000000c8;btcommon.eir_ad.entry.data
1784652833.301163;4b:ae:81:63:06:d3;0x00;33;-58.0;38;e20a39f4-73f5-4bc4-a12f-17d1ad07a961;0;0;-56;0215e20a39f473f54bc4a12f17d1ad07a96100000000c8;btcommon.eir_ad.entry.data
1784652833.3306;4b:ae:81:63:06:d3;0x00;33;-68.0;39;e20a39f4-73f5-4bc4-a12f-17d1ad07a961;0;0;-56;0215e20a39f473f54bc4a12f17d1ad07a96100000000c8;btcommon.eir_ad.entry.data
1784652833.452949;65:fd:a9:9d:64:62;0x00;36;-58.0;37;00112233-4455-6677-8899-aabbccddeeff;1;1;-59;021500112233445566778899aabbccddeeff00010001c5;btcommon.eir_ad.entry.data
1784652833.482787;65:fd:a9:9d:64:62;0x00;36;-59.0;38;00112233-4455-6677-8899-aabbccddeeff;1;1;-59;021500112233445566778899aabbccddeeff00010001c5;btcommon.eir_ad.entry.data
1784652833.495656;65:fd:a9:9d:64:62;0x00;36;-67.0;39;00112233-4455-6677-8899-aabbccddeeff;1;1;-59;021500112233445566778899aabbccddeeff00010001c5;btcommon.eir_ad.entry.data
1784652833.542967;4b:ae:81:63:06:d3;0x00;33;-60.0;38;e20a39f4-73f5-4bc4-a12f-17d1ad07a961;0;0;-56;0215e20a39f473f54bc4a12f17d1ad07a96100000000c8;btcommon.eir_ad.entry.data
1784652833.556561;4b:ae:81:63:06:d3;0x00;33;-72.0;39;e20a39f4-73f5-4bc4-a12f-17d1ad07a961;0;0;-56;0215e20a39f473f54bc4a12f17d1ad07a96100000000c8;btcommon.eir_ad.entry.data
1784652833.61435;65:fd:a9:9d:64:62;0x00;36;-59.0;38;00112233-4455-6677-8899-aabbccddeeff;1;1;-59;021500112233445566778899aabbccddeeff00010001c5;btcommon.eir_ad.entry.data
1784652833.643345;65:fd:a9:9d:64:62;0x00;36;-67.0;39;00112233-4455-6677-8899-aabbccddeeff;1;1;-59;021500112233445566778899aabbccddeeff00010001c5;btcommon.eir_ad.entry.data
1784652833.725385;4b:ae:81:63:06:d3;0x00;33;-59.0;38;e20a39f4-73f5-4bc4-a12f-17d1ad07a961;0;0;-56;0215e20a39f473f54bc4a12f17d1ad07a96100000000c8;btcommon.eir_ad.entry.data
1784652833.760071;4b:ae:81:63:06:d3;0x00;33;-67.0;39;e20a39f4-73f5-4bc4-a12f-17d1ad07a961;0;0;-56;0215e20a39f473f54bc4a12f17d1ad07a96100000000c8;btcommon.eir_ad.entry.data
1784652833.826244;65:fd:a9:9d:64:62;0x00;36;-59.0;38;00112233-4455-6677-8899-aabbccddeeff;1;1;-59;021500112233445566778899aabbccddeeff00010001c5;btcommon.eir_ad.entry.data
1784652833.859074;65:fd:a9:9d:64:62;0x00;36;-68.0;39;00112233-4455-6677-8899-aabbccddeeff;1;1;-59;021500112233445566778899aabbccddeeff00010001c5;btcommon.eir_ad.entry.data
1784652833.947326;4b:ae:81:63:06:d3;0x00;33;-58.0;38;e20a39f4-73f5-4bc4-a12f-17d1ad07a961;0;0;-56;0215e20a39f473f54bc4a12f17d1ad07a96100000000c8;btcommon.eir_ad.entry.data
1784652833.991191;4b:ae:81:63:06:d3;0x00;33;-68.0;39;e20a39f4-73f5-4bc4-a12f-17d1ad07a961;0;0;-56;0215e20a39f473f54bc4a12f17d1ad07a96100000000c8;btcommon.eir_ad.entry.data
1784652834.136718;65:fd:a9:9d:64:62;0x00;36;-58.0;37;00112233-4455-6677-8899-aabbccddeeff;1;1;-59;021500112233445566778899aabbccddeeff00010001c5;btcommon.eir_ad.entry.data
1784652834.154318;65:fd:a9:9d:64:62;0x00;36;-59.0;38;00112233-4455-6677-8899-aabbccddeeff;1;1;-59;021500112233445566778899aabbccddeeff00010001c5;btcommon.eir_ad.entry.data
1784652834.187417;65:fd:a9:9d:64:62;0x00;36;-68.0;39;00112233-4455-6677-8899-aabbccddeeff;1;1;-59;021500112233445566778899aabbccddeeff00010001c5;btcommon.eir_ad.entry.data
1784652834.304002;4b:ae:81:63:06:d3;0x00;33;-58.0;37;e20a39f4-73f5-4bc4-a12f-17d1ad07a961;0;0;-56;0215e20a39f473f54bc4a12f17d1ad07a96100000000c8;btcommon.eir_ad.entry.data
1784652834.332089;4b:ae:81:63:06:d3;0x00;33;-60.0;38;e20a39f4-73f5-4bc4-a12f-17d1ad07a961;0;0;-56;0215e20a39f473f54bc4a12f17d1ad07a96100000000c8;btcommon.eir_ad.entry.data
1784652834.365836;4b:ae:81:63:06:d3;0x00;33;-68.0;39;e20a39f4-73f5-4bc4-a12f-17d1ad07a961;0;0;-56;0215e20a39f473f54bc4a12f17d1ad07a96100000000c8;btcommon.eir_ad.entry.data
1784652834.508766;65:fd:a9:9d:64:62;0x00;36;-58.0;37;00112233-4455-6677-8899-aabbccddeeff;1;1;-59;021500112233445566778899aabbccddeeff00010001c5;btcommon.eir_ad.entry.data
1784652834.531705;65:fd:a9:9d:64:62;0x00;36;-59.0;38;00112233-4455-6677-8899-aabbccddeeff;1;1;-59;021500112233445566778899aabbccddeeff00010001c5;btcommon.eir_ad.entry.data
1784652834.570455;65:fd:a9:9d:64:62;0x00;36;-68.0;39;00112233-4455-6677-8899-aabbccddeeff;1;1;-59;021500112233445566778899aabbccddeeff00010001c5;btcommon.eir_ad.entry.data
1784652834.605132;4b:ae:81:63:06:d3;0x00;33;-58.0;37;e20a39f4-73f5-4bc4-a12f-17d1ad07a961;0;0;-56;0215e20a39f473f54bc4a12f17d1ad07a96100000000c8;btcommon.eir_ad.entry.data
1784652834.655529;4b:ae:81:63:06:d3;0x00;33;-59.0;38;e20a39f4-73f5-4bc4-a12f-17d1ad07a961;0;0;-56;0215e20a39f473f54bc4a12f17d1ad07a96100000000c8;btcommon.eir_ad.entry.data
1784652834.696088;4b:ae:81:63:06:d3;0x00;33;-67.0;39;e20a39f4-73f5-4bc4-a12f-17d1ad07a961;0;0;-56;0215e20a39f473f54bc4a12f17d1ad07a96100000000c8;btcommon.eir_ad.entry.data
1784652834.807372;65:fd:a9:9d:64:62;0x00;36;-58.0;37;00112233-4455-6677-8899-aabbccddeeff;1;1;-59;021500112233445566778899aabbccddeeff00010001c5;btcommon.eir_ad.entry.data
1784652834.810653;65:fd:a9:9d:64:62;0x00;36;-60.0;38;00112233-4455-6677-8899-aabbccddeeff;1;1;-59;021500112233445566778899aabbccddeeff00010001c5;btcommon.eir_ad.entry.data
1784652834.825836;65:fd:a9:9d:64:62;0x00;36;-74.0;39;00112233-4455-6677-8899-aabbccddeeff;1;1;-59;021500112233445566778899aabbccddeeff00010001c5;btcommon.eir_ad.entry.data
1784652834.869516;4b:ae:81:63:06:d3;0x00;33;-58.0;37;e20a39f4-73f5-4bc4-a12f-17d1ad07a961;0;0;-56;0215e20a39f473f54bc4a12f17d1ad07a96100000000c8;btcommon.eir_ad.entry.data
1784652834.880803;4b:ae:81:63:06:d3;0x00;33;-59.0;38;e20a39f4-73f5-4bc4-a12f-17d1ad07a961;0;0;-56;0215e20a39f473f54bc4a12f17d1ad07a96100000000c8;btcommon.eir_ad.entry.data
1784652834.882664;4b:ae:81:63:06:d3;0x00;33;-69.0;39;e20a39f4-73f5-4bc4-a12f-17d1ad07a961;0;0;-56;0215e20a39f473f54bc4a12f17d1ad07a96100000000c8;btcommon.eir_ad.entry.data
1784652834.97673;65:fd:a9:9d:64:62;0x00;36;-58.0;37;00112233-4455-6677-8899-aabbccddeeff;1;1;-59;021500112233445566778899aabbccddeeff00010001c5;btcommon.eir_ad.entry.data
1784652834.978855;65:fd:a9:9d:64:62;0x00;36;-60.0;38;00112233-4455-6677-8899-aabbccddeeff;1;1;-59;021500112233445566778899aabbccddeeff00010001c5;btcommon.eir_ad.entry.data
1784652834.980646;65:fd:a9:9d:64:62;0x00;36;-69.0;39;00112233-4455-6677-8899-aabbccddeeff;1;1;-59;021500112233445566778899aabbccddeeff00010001c5;btcommon.eir_ad.entry.data
1784652835.049619;4b:ae:81:63:06:d3;0x00;33;-58.0;37;e20a39f4-73f5-4bc4-a12f-17d1ad07a961;0;0;-56;0215e20a39f473f54bc4a12f17d1ad07a96100000000c8;btcommon.eir_ad.entry.data
1784652835.06085;4b:ae:81:63:06:d3;0x00;33;-59.0;38;e20a39f4-73f5-4bc4-a12f-17d1ad07a961;0;0;-56;0215e20a39f473f54bc4a12f17d1ad07a96100000000c8;btcommon.eir_ad.entry.data
1784652835.062585;4b:ae:81:63:06:d3;0x00;33;-68.0;39;e20a39f4-73f5-4bc4-a12f-17d1ad07a961;0;0;-56;0215e20a39f473f54bc4a12f17d1ad07a96100000000c8;btcommon.eir_ad.entry.data
1784652835.255794;65:fd:a9:9d:64:62;0x00;36;-58.0;37;00112233-4455-6677-8899-aabbccddeeff;1;1;-59;021500112233445566778899aabbccddeeff00010001c5;btcommon.eir_ad.entry.data
1784652835.258239;65:fd:a9:9d:64:62;0x00;36;-60.0;38;00112233-4455-6677-8899-aabbccddeeff;1;1;-59;021500112233445566778899aabbccddeeff00010001c5;btcommon.eir_ad.entry.data
1784652835.287481;65:fd:a9:9d:64:62;0x00;36;-69.0;39;00112233-4455-6677-8899-aabbccddeeff;1;1;-59;021500112233445566778899aabbccddeeff00010001c5;btcommon.eir_ad.entry.data
1784652835.417631;4b:ae:81:63:06:d3;0x00;33;-58.0;37;e20a39f4-73f5-4bc4-a12f-17d1ad07a961;0;0;-56;0215e20a39f473f54bc4a12f17d1ad07a96100000000c8;btcommon.eir_ad.entry.data
1784652835.43562;4b:ae:81:63:06:d3;0x00;33;-58.0;38;e20a39f4-73f5-4bc4-a12f-17d1ad07a961;0;0;-56;0215e20a39f473f54bc4a12f17d1ad07a96100000000c8;btcommon.eir_ad.entry.data
1784652835.460143;4b:ae:81:63:06:d3;0x00;33;-67.0;39;e20a39a4-7b5c-a9c7-8a9a-cdb22868cce6;50681;742;118;0215e20a39a47b5ca9c78a9acdb22868cce6c5f902e676;btcommon.eir_ad.entry.data
1784652835.563126;65:fd:a9:9d:64:62;0x00;36;-60.0;38;00112233-4455-6677-8899-aabbccddeeff;1;1;-59;021500112233445566778899aabbccddeeff00010001c5;btcommon.eir_ad.entry.data
1784652835.612957;65:fd:a9:9d:64:62;0x00;36;-68.0;39;00112233-4455-6677-8899-aabbccddeeff;1;1;-59;021500112233445566778899aabbccddeeff00010001c5;btcommon.eir_ad.entry.data
1784652835.757225;4b:ae:81:63:06:d3;0x00;33;-59.0;37;e20a39f4-73f5-4bc4-a12f-17d1ad07a961;0;0;-56;0215e20a39f473f54bc4a12f17d1ad07a96100000000c8;btcommon.eir_ad.entry.data
1784652835.79616;4b:ae:81:63:06:d3;0x00;33;-59.0;38;e20a39f4-73f5-4bc4-a12f-17d1ad07a961;0;0;-56;0215e20a39f473f54bc4a12f17d1ad07a96100000000c8;btcommon.eir_ad.entry.data
1784652835.824184;4b:ae:81:63:06:d3;0x00;33;-66.0;39;e20a39f4-73f5-4bc4-a12f-17d1ad07a961;0;0;-56;0215e20a39f473f54bc4a12f17d1ad07a96100000000c8;btcommon.eir_ad.entry.data
1784652835.875442;65:fd:a9:9d:64:62;0x00;36;-60.0;37;00112233-4455-6677-8899-aabbccddeeff;1;1;-59;021500112233445566778899aabbccddeeff00010001c5;btcommon.eir_ad.entry.data
1784652835.915013;65:fd:a9:9d:64:62;0x00;36;-61.0;38;00112233-4455-6677-8899-aabbccddeeff;1;1;-59;021500112233445566778899aabbccddeeff00010001c5;btcommon.eir_ad.entry.data
1784652835.94304;65:fd:a9:9d:64:62;0x00;36;-66.0;39;00112233-4455-6677-8899-aabbccddeeff;1;1;-59;021500112233445566778899aabbccddeeff00010001c5;btcommon.eir_ad.entry.data
1784652835.989171;4b:ae:81:63:06:d3;0x00;33;-61.0;37;e20a39f4-73f5-4bc4-a12f-17d1ad07a961;0;0;-56;0215e20a39f473f54bc4a12f17d1ad07a96100000000c8;btcommon.eir_ad.entry.data
1784652836.01209;4b:ae:81:63:06:d3;0x00;33;-62.0;38;e20a39f4-73f5-4bc4-a12f-17d1ad07a961;0;0;-56;0215e20a39f473f54bc4a12f17d1ad07a96100000000c8;btcommon.eir_ad.entry.data
1784652836.043626;4b:ae:81:63:06:d3;0x00;33;-69.0;39;e20a39f4-73f5-4bc4-a12f-17d1ad07a961;0;0;-56;0215e20a39f473f54bc4a12f17d1ad07a96100000000c8;btcommon.eir_ad.entry.data
1784652836.148728;65:fd:a9:9d:64:62;0x00;36;-62.0;38;00112233-4455-6677-8899-aabbccddeeff;1;1;-59;021500112233445566778899aabbccddeeff00010001c5;btcommon.eir_ad.entry.data
1784652836.201643;65:fd:a9:9d:64:62;0x00;36;-68.0;39;00112233-4455-6677-8899-aabbccddeeff;1;1;-59;021500112233445566778899aabbccddeeff00010001c5;btcommon.eir_ad.entry.data
1784652836.271208;4b:ae:81:63:06:d3;0x00;33;-61.0;37;e20a39f4-73f5-4bc4-a12f-17d1ad07a961;0;0;-56;0215e20a39f473f54bc4a12f17d1ad07a96100000000c8;btcommon.eir_ad.entry.data
1784652836.298951;4b:ae:81:63:06:d3;0x00;33;-62.0;38;e20a39f4-73f5-5bc4-a12f-17d1ad07a961;0;0;-56;0215e20a39f473f55bc4a12f17d1ad07a96100000000c8;btcommon.eir_ad.entry.data
1784652836.300539;4b:ae:81:63:06:d3;0x00;33;-68.0;39;e20a39f4-73f5-4bc4-a12f-17d1ad07a961;0;0;-56;0215e20a39f473f54bc4a12f17d1ad07a96100000000c8;btcommon.eir_ad.entry.data
1784652836.396723;65:fd:a9:9d:64:62;0x00;36;-62.0;38;00112233-4455-6677-8899-aabbccddeeff;1;1;-59;021500112233445566778899aabbccddeeff00010001c5;btcommon.eir_ad.entry.data
1784652836.426037;65:fd:a9:9d:64:62;0x00;36;-68.0;39;00112233-4455-6677-8899-aabbccddeeff;1;1;-59;021500112233445566778899aabbccddeeff00010001c5;btcommon.eir_ad.entry.data
1784652836.515448;4b:ae:81:63:06:d3;0x00;33;-62.0;38;e20a39f4-73f5-4bc4-a12f-17d1ad07a961;0;0;-56;0215e20a39f473f54bc4a12f17d1ad07a96100000000c8;btcommon.eir_ad.entry.data
1784652836.540493;4b:ae:81:63:06:d3;0x00;33;-68.0;39;e20a39f4-73f5-4bc4-a12f-17d1ad07a961;0;0;-56;0215e20a39f473f54bc4a12f17d1ad07a96100000000c8;btcommon.eir_ad.entry.data
1784652836.685847;65:fd:a9:9d:64:62;0x00;36;-62.0;38;00112233-4455-6677-8899-aabbccddeeff;1;1;-59;021500112233445566778899aabbccddeeff00010001c5;btcommon.eir_ad.entry.data
1784652836.709526;65:fd:a9:9d:64:62;0x00;36;-68.0;39;00112233-4455-6677-8899-aabbccddeeff;1;1;-59;021500112233445566778899aabbccddeeff00010001c5;btcommon.eir_ad.entry.data
1784652836.826379;4b:ae:81:63:06:d3;0x00;33;-60.0;37;e20a39f4-73f5-4bc4-a12f-17d1ad07a961;0;0;-56;0215e20a39f473f54bc4a12f17d1ad07a96100000000c8;btcommon.eir_ad.entry.data
1784652836.840751;4b:ae:81:63:06:d3;0x00;33;-61.0;38;e20a39f4-73f5-4bc4-a12f-17d1ad07a961;0;0;-56;0215e20a39f473f54bc4a12f17d1ad07a96100000000c8;btcommon.eir_ad.entry.data
1784652836.84252;4b:ae:81:63:06:d3;0x00;33;-67.0;39;e20a39f4-73f5-4bc4-a12f-17d1ad07a961;0;0;-56;0215e20a39f473f54bc4a12f17d1ad07a96100000000c8;btcommon.eir_ad.entry.data
1784652836.977274;65:fd:a9:9d:64:62;0x00;36;-60.0;37;00112233-4455-6677-8899-aabbccddeeff;1;1;-59;021500112233445566778899aabbccddeeff00010001c5;btcommon.eir_ad.entry.data
1784652836.999718;65:fd:a9:9d:64:62;0x00;36;-60.0;38;00112233-4455-6677-8899-aabbccddeeff;1;1;-59;021500112233445566778899aabbccddeeff00010001c5;btcommon.eir_ad.entry.data
1784652837.041599;65:fd:a9:9d:64:62;0x00;36;-67.0;39;00112233-4455-6677-8899-aabbccddeeff;1;1;-59;021500112233445566778899aabbccddeeff00010001c5;btcommon.eir_ad.entry.data
1784652837.092524;4b:ae:81:63:06:d3;0x00;33;-60.0;37;e20a39f4-73f5-4bc4-a12f-17d1ad07a961;0;0;-56;0215e20a39f473f54bc4a12f17d1ad07a96100000000c8;btcommon.eir_ad.entry.data
