index;device_id;canonical_uuid;address;start_epoch;end_epoch;span_ms;interval_ms;packet_count;channels;pdu_types;length_mean_bytes;rssi_mean_dbm;total_airtime_us;event_energy_j;event_energy_nj;cumulative_energy_j;cumulative_energy_nj
1;Appareil_001;00112233-4455-6677-8899-aabbccddeeff;4b:9c:4c:e8:b6:be;1784758490.022256;1784758490.022256;0.0;;1;38;ADV_IND;36;-58.0;368.0;5.832406948256888e-13;0.0005832406948256888;5.832406948256888e-13;0.0005832406948256888
2;Appareil_001;00112233-4455-6677-8899-aabbccddeeff;4b:9c:4c:e8:b6:be;1784758490.048643;1784758490.048643;0.0;26.38721466064453;1;39;ADV_IND;36;-55.0;368.0;1.1637181789419635e-12;0.0011637181789419635;1.7469588737676522e-12;0.0017469588737676523
3;Appareil_001;00112233-4455-6677-8899-aabbccddeeff;4b:9c:4c:e8:b6:be;1784758490.881249;1784758490.881249;0.0;832.6058387756348;1;37;ADV_IND;36;-55.0;368.0;1.1637181789419635e-12;0.0011637181789419635;2.9106770527096157e-12;0.0029106770527096157
4;Appareil_001;00112233-4455-6677-8899-aabbccddeeff;4b:9c:4c:e8:b6:be;1784758490.908307;1784758490.908307;0.0;27.058124542236328;1;38;ADV_IND;36;-58.0;368.0;5.832406948256888e-13;0.0005832406948256888;3.4939177475353043e-12;0.0034939177475353045
5;Appareil_001;00112233-4455-6677-8899-aabbccddeeff;4b:9c:4c:e8:b6:be;1784758490.941035;1784758490.941035;0.0;32.727956771850586;1;39;ADV_IND;36;-55.0;368.0;1.1637181789419635e-12;0.0011637181789419635;4.657635926477268e-12;0.004657635926477268
6;Appareil_001;00112233-4455-6677-8899-aabbccddeeff;4b:9c:4c:e8:b6:be;1784758491.180299;1784758491.180299;0.0;239.26401138305664;1;38;ADV_IND;36;-58.0;368.0;5.832406948256888e-13;0.0005832406948256888;5.240876621302957e-12;0.005240876621302957
7;Appareil_001;00112233-4455-6677-8899-aabbccddeeff;4b:9c:4c:e8:b6:be;1784758491.206653;1784758491.206653;0.0;26.354074478149414;1;39;ADV_IND;36;-55.0;368.0;1.1637181789419635e-12;0.0011637181789419635;6.404594800244921e-12;0.006404594800244921
8;Appareil_001;00112233-4455-6677-8899-aabbccddeeff;4b:9c:4c:e8:b6:be;1784758491.46087;1784758491.46087;0.0;254.21690940856934;1;38;ADV_IND;36;-58.0;368.0;5.832406948256888e-13;0.0005832406948256888;6.98783549507061e-12;0.00698783549507061
9;Appareil_001;00112233-4455-6677-8899-aabbccddeeff;4b:9c:4c:e8:b6:be;1784758491.487476;1784758491.487476;0.0;26.606082916259766;1;39;ADV_IND;36;-55.0;368.0;1.1637181789419635e-12;0.0011637181789419635;8.151553674012574e-12;0.008151553674012574
10;Appareil_001;00112233-4455-6677-8899-aabbccddeeff;4b:9c:4c:e8:b6:be;1784758491.772758;1784758491.772758;0.0;285.2818965911865;1;38;ADV_IND;36;-58.0;368.0;5.832406948256888e-13;0.0005832406948256888;8.734794368838263e-12;0.008734794368838263
11;Appareil_001;00112233-4455-6677-8899-aabbccddeeff;4b:9c:4c:e8:b6:be;1784758491.798942;1784758491.798942;0.0;26.18408203125;1;39;ADV_IND;36;-55.0;368.0;1.1637181789419635e-12;0.0011637181789419635;9.898512547780227e-12;0.009898512547780227
12;Appareil_001;00112233-4455-6677-8899-aabbccddeeff;4b:9c:4c:e8:b6:be;1784758492.024656;1784758492.024656;0.0;225.71396827697754;1;38;ADV_IND;36;-58.0;368.0;5.832406948256888e-13;0.0005832406948256888;1.0481753242605916e-11;0.010481753242605916
13;Appareil_001;00112233-4455-6677-8899-aabbccddeeff;4b:9c:4c:e8:b6:be;1784758492.050906;1784758492.050906;0.0;26.24988555908203;1;39;ADV_IND;36;-55.0;368.0;1.1637181789419635e-12;0.0011637181789419635;1.164547142154788e-11;0.011645471421547881
14;Appareil_001;00112233-4455-6677-8899-aabbccddeeff;4b:9c:4c:e8:b6:be;1784758492.322381;1784758492.322381;0.0;271.47507667541504;1;38;ADV_IND;36;-58.0;368.0;5.832406948256888e-13;0.0005832406948256888;1.2228712116373569e-11;0.01222871211637357
15;Appareil_001;00112233-4455-6677-8899-aabbccddeeff;4b:9c:4c:e8:b6:be;1784758492.34406;1784758492.34406;0.0;21.678924560546875;1;39;ADV_IND;36;-55.0;368.0;1.1637181789419635e-12;0.0011637181789419635;1.3392430295315533e-11;0.013392430295315533
16;Appareil_001;00112233-4455-6677-8899-aabbccddeeff;4b:9c:4c:e8:b6:be;1784758492.636113;1784758492.636113;0.0;292.0529842376709;1;38;ADV_IND;36;-58.0;368.0;5.832406948256888e-13;0.0005832406948256888;1.3975670990141222e-11;0.013975670990141222
17;Appareil_001;00112233-4455-6677-8899-aabbccddeeff;4b:9c:4c:e8:b6:be;1784758492.677676;1784758492.677676;0.0;41.56303405761719;1;39;ADV_IND;36;-55.0;368.0;1.1637181789419635e-12;0.0011637181789419635;1.5139389169083186e-11;0.015139389169083186
18;Appareil_001;00112233-4455-6677-8899-aabbccddeeff;4b:9c:4c:e8:b6:be;1784758493.189543;1784758493.189543;0.0;511.8670463562012;1;38;ADV_IND;36;-58.0;368.0;5.832406948256888e-13;0.0005832406948256888;1.5722629863908874e-11;0.015722629863908873
19;Appareil_001;00112233-4455-6677-8899-aabbccddeeff;4b:9c:4c:e8:b6:be;1784758493.227376;1784758493.227376;0.0;37.83297538757324;1;39;ADV_IND;36;-55.0;368.0;1.1637181789419635e-12;0.0011637181789419635;1.6886348042850836e-11;0.016886348042850836
20;Appareil_001;00112233-4455-6677-8899-aabbccddeeff;4b:9c:4c:e8:b6:be;1784758493.469584;1784758493.470552;0.9679794311523438;242.20800399780273;2;38,39;ADV_IND;36;-57.0;736.0;1.6270027304822166e-12;0.0016270027304822166;1.8513350773333052e-11;0.01851335077333305
21;Appareil_001;00112233-4455-6677-8899-aabbccddeeff;4b:9c:4c:e8:b6:be;1784758494.044873;1784758494.044873;0.0;575.2890110015869;1;38;ADV_IND;36;-58.0;368.0;5.832406948256888e-13;0.0005832406948256888;1.909659146815874e-11;0.01909659146815874
22;Appareil_001;00112233-4455-6677-8899-aabbccddeeff;4b:9c:4c:e8:b6:be;1784758494.076237;1784758494.076237;0.0;31.363964080810547;1;39;ADV_IND;36;-55.0;368.0;1.1637181789419635e-12;0.0011637181789419635;2.0260309647100702e-11;0.020260309647100704
23;Appareil_001;00112233-4455-6677-8899-aabbccddeeff;4b:9c:4c:e8:b6:be;1784758494.610991;1784758494.627836;16.844987869262695;534.7540378570557;2;38,39;ADV_IND;36;-56.5;736.0;1.7469588737676522e-12;0.0017469588737676523;2.2007268520868355e-11;0.022007268520868355
24;Appareil_001;00112233-4455-6677-8899-aabbccddeeff;4b:9c:4c:e8:b6:be;1784758494.905199;1784758494.905199;0.0;294.2080497741699;1;37;ADV_IND;36;-55.0;368.0;1.1637181789419635e-12;0.0011637181789419635;2.3170986699810317e-11;0.02317098669981032
25;Appareil_001;00112233-4455-6677-8899-aabbccddeeff;4b:9c:4c:e8:b6:be;1784758494.941651;1784758494.941651;0.0;36.45205497741699;1;38;ADV_IND;36;-58.0;368.0;5.832406948256888e-13;0.0005832406948256888;2.3754227394636005e-11;0.023754227394636004
26;Appareil_001;00112233-4455-6677-8899-aabbccddeeff;4b:9c:4c:e8:b6:be;1784758494.978765;1784758494.978765;0.0;37.11390495300293;1;39;ADV_IND;36;-55.0;368.0;1.1637181789419635e-12;0.0011637181789419635;2.4917945573577967e-11;0.024917945573577967
27;Appareil_001;00112233-4455-6677-8899-aabbccddeeff;4b:9c:4c:e8:b6:be;1784758495.180636;1784758495.180636;0.0;201.87091827392578;1;38;ADV_IND;36;-58.0;368.0;5.832406948256888e-13;0.0005832406948256888;2.5501186268403654e-11;0.025501186268403656
28;Appareil_001;00112233-4455-6677-8899-aabbccddeeff;4b:9c:4c:e8:b6:be;1784758495.201778;1784758495.201778;0.0;21.142005920410156;1;39;ADV_IND;36;-55.0;368.0;1.1637181789419635e-12;0.0011637181789419635;2.6664904447345617e-11;0.026664904447345615
29;Appareil_001;00112233-4455-6677-8899-aabbccddeeff;4b:9c:4c:e8:b6:be;1784758495.467201;1784758495.467201;0.0;265.423059463501;1;38;ADV_IND;36;-58.0;368.0;5.832406948256888e-13;0.0005832406948256888;2.7248145142171304e-11;0.027248145142171304
30;Appareil_001;00112233-4455-6677-8899-aabbccddeeff;4b:9c:4c:e8:b6:be;1784758495.488645;1784758495.488645;0.0;21.444082260131836;1;39;ADV_IND;36;-55.0;368.0;1.1637181789419635e-12;0.0011637181789419635;2.8411863321113266e-11;0.028411863321113267
31;Appareil_001;00112233-4455-6677-8899-aabbccddeeff;4b:9c:4c:e8:b6:be;1784758495.742516;1784758495.742516;0.0;253.87096405029297;1;38;ADV_IND;36;-58.0;368.0;5.832406948256888e-13;0.0005832406948256888;2.8995104015938954e-11;0.028995104015938952
32;Appareil_001;00112233-4455-6677-8899-aabbccddeeff;4b:9c:4c:e8:b6:be;1784758495.768664;1784758495.768664;0.0;26.147842407226562;1;39;ADV_IND;36;-55.0;368.0;1.1637181789419635e-12;0.0011637181789419635;3.0158822194880916e-11;0.030158822194880915
33;Appareil_001;00112233-4455-6677-8899-aabbccddeeff;4b:9c:4c:e8:b6:be;1784758496.041715;1784758496.041715;0.0;273.05102348327637;1;38;ADV_IND;36;-58.0;368.0;5.832406948256888e-13;0.0005832406948256888;3.0742062889706604e-11;0.030742062889706604
34;Appareil_001;00112233-4455-6677-8899-aabbccddeeff;4b:9c:4c:e8:b6:be;1784758496.068237;1784758496.068237;0.0;26.522159576416016;1;39;ADV_IND;36;-55.0;368.0;1.1637181789419635e-12;0.0011637181789419635;3.190578106864857e-11;0.03190578106864857
35;Appareil_001;00112233-4455-6677-8899-aabbccddeeff;4b:9c:4c:e8:b6:be;1784758496.612627;1784758496.612627;0.0;544.3899631500244;1;38;ADV_IND;36;-58.0;368.0;5.832406948256888e-13;0.0005832406948256888;3.2489021763474257e-11;0.032489021763474256
36;Appareil_001;00112233-4455-6677-8899-aabbccddeeff;4b:9c:4c:e8:b6:be;1784758496.639323;1784758496.639323;0.0;26.695966720581055;1;39;ADV_IND;36;-55.0;368.0;1.1637181789419635e-12;0.0011637181789419635;3.365273994241622e-11;0.03365273994241622
37;Appareil_001;00112233-4455-6677-8899-aabbccddeeff;4b:9c:4c:e8:b6:be;1784758496.910009;1784758496.910009;0.0;270.68591117858887;1;38;ADV_IND;36;-58.0;368.0;5.832406948256888e-13;0.0005832406948256888;3.423598063724191e-11;0.03423598063724191
38;Appareil_001;00112233-4455-6677-8899-aabbccddeeff;4b:9c:4c:e8:b6:be;1784758496.94209;1784758496.94209;0.0;32.08112716674805;1;39;ADV_IND;36;-55.0;368.0;1.1637181789419635e-12;0.0011637181789419635;3.5399698816183875e-11;0.03539969881618388
39;Appareil_001;00112233-4455-6677-8899-aabbccddeeff;4b:9c:4c:e8:b6:be;1784758497.198432;1784758497.198432;0.0;256.34193420410156;1;38;ADV_IND;36;-58.0;368.0;5.832406948256888e-13;0.0005832406948256888;3.598293951100956e-11;0.03598293951100956
40;Appareil_001;00112233-4455-6677-8899-aabbccddeeff;4b:9c:4c:e8:b6:be;1784758497.224739;1784758497.224739;0.0;26.307106018066406;1;39;ADV_IND;36;-55.0;368.0;1.1637181789419635e-12;0.0011637181789419635;3.714665768995153e-11;0.037146657689951526
41;Appareil_001;00112233-4455-6677-8899-aabbccddeeff;4b:9c:4c:e8:b6:be;1784758497.480291;1784758497.480291;0.0;255.55181503295898;1;38;ADV_IND;36;-58.0;368.0;5.832406948256888e-13;0.0005832406948256888;3.7729898384777216e-11;0.037729898384777215
42;Appareil_001;00112233-4455-6677-8899-aabbccddeeff;4b:9c:4c:e8:b6:be;1784758497.50747;1784758497.50747;0.0;27.17900276184082;1;39;ADV_IND;36;-55.0;368.0;1.1637181789419635e-12;0.0011637181789419635;3.889361656371918e-11;0.03889361656371918
43;Appareil_001;00112233-4455-6677-8899-aabbccddeeff;4b:9c:4c:e8:b6:be;1784758498.039028;1784758498.039028;0.0;531.5580368041992;1;38;ADV_IND;36;-58.0;368.0;5.832406948256888e-13;0.0005832406948256888;3.947685725854487e-11;0.03947685725854487
44;Appareil_001;00112233-4455-6677-8899-aabbccddeeff;4b:9c:4c:e8:b6:be;1784758498.065209;1784758498.065209;0.0;26.18098258972168;1;39;ADV_IND;36;-55.0;368.0;1.1637181789419635e-12;0.0011637181789419635;4.0640575437486834e-11;0.04064057543748684
45;Appareil_001;00112233-4455-6677-8899-aabbccddeeff;4b:9c:4c:e8:b6:be;1784758498.334725;1784758498.334725;0.0;269.5159912109375;1;38;ADV_IND;36;-58.0;368.0;5.832406948256888e-13;0.0005832406948256888;4.122381613231252e-11;0.04122381613231252
46;Appareil_001;00112233-4455-6677-8899-aabbccddeeff;4b:9c:4c:e8:b6:be;1784758498.356815;1784758498.356815;0.0;22.09019660949707;1;39;ADV_IND;36;-55.0;368.0;1.1637181789419635e-12;0.0011637181789419635;4.238753431125449e-11;0.042387534311254485
47;Appareil_001;00112233-4455-6677-8899-aabbccddeeff;4b:9c:4c:e8:b6:be;1784758498.62019;1784758498.62019;0.0;263.37480545043945;1;38;ADV_IND;36;-58.0;368.0;5.832406948256888e-13;0.0005832406948256888;4.2970775006080174e-11;0.042970775006080174
48;Appareil_001;00112233-4455-6677-8899-aabbccddeeff;4b:9c:4c:e8:b6:be;1784758498.661879;1784758498.661879;0.0;41.689157485961914;1;39;ADV_IND;36;-55.0;368.0;1.1637181789419635e-12;0.0011637181789419635;4.413449318502214e-11;0.04413449318502214
49;Appareil_001;00112233-4455-6677-8899-aabbccddeeff;4b:9c:4c:e8:b6:be;1784758498.889954;1784758498.889954;0.0;228.0750274658203;1;38;ADV_IND;36;-58.0;368.0;5.832406948256888e-13;0.0005832406948256888;4.471773387984783e-11;0.04471773387984783
50;Appareil_001;00112233-4455-6677-8899-aabbccddeeff;4b:9c:4c:e8:b6:be;1784758498.931062;1784758498.931062;0.0;41.107892990112305;1;39;ADV_IND;36;-55.0;368.0;1.1637181789419635e-12;0.0011637181789419635;4.588145205878979e-11;0.045881452058789796
51;Appareil_001;00112233-4455-6677-8899-aabbccddeeff;4b:9c:4c:e8:b6:be;1784758499.191978;1784758499.191978;0.0;260.91599464416504;1;38;ADV_IND;36;-58.0;368.0;5.832406948256888e-13;0.0005832406948256888;4.646469275361548e-11;0.04646469275361548
52;Appareil_001;00112233-4455-6677-8899-aabbccddeeff;4b:9c:4c:e8:b6:be;1784758499.219268;1784758499.219268;0.0;27.29010581970215;1;39;ADV_IND;36;-55.0;368.0;1.1637181789419635e-12;0.0011637181789419635;4.7628410932557446e-11;0.047628410932557444
53;Appareil_001;00112233-4455-6677-8899-aabbccddeeff;4b:9c:4c:e8:b6:be;1784758499.471042;1784758499.471042;0.0;251.77383422851562;1;38;ADV_IND;36;-58.0;368.0;5.832406948256888e-13;0.0005832406948256888;4.8211651627383133e-11;0.04821165162738313
54;Appareil_001;00112233-4455-6677-8899-aabbccddeeff;4b:9c:4c:e8:b6:be;1784758499.497323;1784758499.497323;0.0;26.281118392944336;1;39;ADV_IND;36;-55.0;368.0;1.1637181789419635e-12;0.0011637181789419635;4.93753698063251e-11;0.0493753698063251
55;Appareil_001;00112233-4455-6677-8899-aabbccddeeff;4b:9c:4c:e8:b6:be;1784758499.738222;1784758499.738222;0.0;240.89884757995605;1;38;ADV_IND;36;-58.0;368.0;5.832406948256888e-13;0.0005832406948256888;4.9958610501150786e-11;0.04995861050115079
56;Appareil_001;00112233-4455-6677-8899-aabbccddeeff;4b:9c:4c:e8:b6:be;1784758499.759464;1784758499.759464;0.0;21.242141723632812;1;39;ADV_IND;36;-54.0;368.0;1.4650343876368687e-12;0.0014650343876368686;5.142364488878765e-11;0.05142364488878765
57;Appareil_001;00112233-4455-6677-8899-aabbccddeeff;4b:9c:4c:e8:b6:be;1784758500.038028;1784758500.038028;0.0;278.5639762878418;1;38;ADV_IND;36;-58.0;368.0;5.832406948256888e-13;0.0005832406948256888;5.200688558361334e-11;0.05200688558361334
58;Appareil_001;00112233-4455-6677-8899-aabbccddeeff;4b:9c:4c:e8:b6:be;1784758500.065053;1784758500.065053;0.0;27.02498435974121;1;39;ADV_IND;36;-55.0;368.0;1.1637181789419635e-12;0.0011637181789419635;5.3170603762555306e-11;0.05317060376255531
59;Appareil_001;00112233-4455-6677-8899-aabbccddeeff;4b:9c:4c:e8:b6:be;1784758500.337866;1784758500.337866;0.0;272.813081741333;1;38;ADV_IND;36;-58.0;368.0;5.832406948256888e-13;0.0005832406948256888;5.3753844457380994e-11;0.053753844457380996
60;Appareil_001;00112233-4455-6677-8899-aabbccddeeff;4b:9c:4c:e8:b6:be;1784758500.369405;1784758500.369405;0.0;31.538963317871094;1;39;ADV_IND;36;-55.0;368.0;1.1637181789419635e-12;0.0011637181789419635;5.491756263632296e-11;0.054917562636322956
61;Appareil_001;00112233-4455-6677-8899-aabbccddeeff;4b:9c:4c:e8:b6:be;1784758500.616458;1784758500.616458;0.0;247.0529079437256;1;38;ADV_IND;36;-58.0;368.0;5.832406948256888e-13;0.0005832406948256888;5.5500803331148647e-11;0.055500803331148645
62;Appareil_001;00112233-4455-6677-8899-aabbccddeeff;4b:9c:4c:e8:b6:be;1784758500.648406;1784758500.648406;0.0;31.948089599609375;1;39;ADV_IND;36;-54.0;368.0;1.4650343876368687e-12;0.0014650343876368686;5.6965837718785513e-11;0.056965837718785516
63;Appareil_001;00112233-4455-6677-8899-aabbccddeeff;4b:9c:4c:e8:b6:be;1784758500.91974;1784758500.930863;11.122941970825195;271.3339328765869;2;38,39;ADV_IND;36;-56.5;736.0;1.7469588737676522e-12;0.0017469588737676523;5.871279659255317e-11;0.058712796592553164
64;Appareil_001;00112233-4455-6677-8899-aabbccddeeff;4b:9c:4c:e8:b6:be;1784758501.188783;1784758501.188783;0.0;269.04296875;1;38;ADV_IND;36;-58.0;368.0;5.832406948256888e-13;0.0005832406948256888;5.929603728737885e-11;0.05929603728737885
65;Appareil_001;00112233-4455-6677-8899-aabbccddeeff;4b:9c:4c:e8:b6:be;1784758501.240994;1784758501.240994;0.0;52.21104621887207;1;39;ADV_IND;36;-54.0;368.0;1.4650343876368687e-12;0.0014650343876368686;6.076107167501572e-11;0.060761071675015724
66;Appareil_001;00112233-4455-6677-8899-aabbccddeeff;4b:9c:4c:e8:b6:be;1784758501.474109;1784758501.474109;0.0;233.11495780944824;1;38;ADV_IND;36;-58.0;368.0;5.832406948256888e-13;0.0005832406948256888;6.134431236984141e-11;0.061344312369841406
67;Appareil_001;00112233-4455-6677-8899-aabbccddeeff;4b:9c:4c:e8:b6:be;1784758501.507585;1784758501.507585;0.0;33.47611427307129;1;39;ADV_IND;36;-55.0;368.0;1.1637181789419635e-12;0.0011637181789419635;6.250803054878337e-11;0.06250803054878337
68;Appareil_001;00112233-4455-6677-8899-aabbccddeeff;4b:9c:4c:e8:b6:be;1784758501.75708;1784758501.75708;0.0;249.4950294494629;1;38;ADV_IND;36;-58.0;368.0;5.832406948256888e-13;0.0005832406948256888;6.309127124360906e-11;0.06309127124360907
69;Appareil_001;00112233-4455-6677-8899-aabbccddeeff;4b:9c:4c:e8:b6:be;1784758501.793798;1784758501.793798;0.0;36.717891693115234;1;39;ADV_IND;36;-55.0;368.0;1.1637181789419635e-12;0.0011637181789419635;6.425498942255103e-11;0.06425498942255102
70;Appareil_001;00112233-4455-6677-8899-aabbccddeeff;4b:9c:4c:e8:b6:be;1784758502.033252;1784758502.033252;0.0;239.4540309906006;1;37;ADV_IND;36;-55.0;368.0;1.1637181789419635e-12;0.0011637181789419635;6.541870760149299e-11;0.06541870760149299
71;Appareil_001;00112233-4455-6677-8899-aabbccddeeff;4b:9c:4c:e8:b6:be;1784758502.080965;1784758502.080965;0.0;47.71304130554199;1;38;ADV_IND;36;-58.0;368.0;5.832406948256888e-13;0.0005832406948256888;6.600194829631868e-11;0.06600194829631868
72;Appareil_001;00112233-4455-6677-8899-aabbccddeeff;4b:9c:4c:e8:b6:be;1784758502.118466;1784758502.118466;0.0;37.500858306884766;1;39;ADV_IND;36;-55.0;368.0;1.1637181789419635e-12;0.0011637181789419635;6.716566647526065e-11;0.06716566647526065
73;Appareil_001;00112233-4455-6677-8899-aabbccddeeff;4b:9c:4c:e8:b6:be;1784758502.332234;1784758502.332234;0.0;213.76800537109375;1;38;ADV_IND;36;-59.0;368.0;4.632845515402531e-13;0.00046328455154025314;6.76289510268009e-11;0.0676289510268009
74;Appareil_001;00112233-4455-6677-8899-aabbccddeeff;4b:9c:4c:e8:b6:be;1784758502.354373;1784758502.354373;0.0;22.13907241821289;1;39;ADV_IND;36;-55.0;368.0;1.1637181789419635e-12;0.0011637181789419635;6.879266920574286e-11;0.06879266920574287
75;Appareil_001;00112233-4455-6677-8899-aabbccddeeff;4b:9c:4c:e8:b6:be;1784758502.640221;1784758502.640221;0.0;285.84814071655273;1;38;ADV_IND;36;-58.0;368.0;5.832406948256888e-13;0.0005832406948256888;6.937590990056855e-11;0.06937590990056855
76;Appareil_001;00112233-4455-6677-8899-aabbccddeeff;4b:9c:4c:e8:b6:be;1784758502.676628;1784758502.676628;0.0;36.4069938659668;1;39;ADV_IND;36;-55.0;368.0;1.1637181789419635e-12;0.0011637181789419635;7.053962807951051e-11;0.07053962807951052
77;Appareil_001;00112233-4455-6677-8899-aabbccddeeff;4b:9c:4c:e8:b6:be;1784758502.887047;1784758502.887047;0.0;210.4189395904541;1;38;ADV_IND;36;-58.0;368.0;5.832406948256888e-13;0.0005832406948256888;7.11228687743362e-11;0.0711228687743362
78;Appareil_001;00112233-4455-6677-8899-aabbccddeeff;4b:9c:4c:e8:b6:be;1784758502.913213;1784758502.913213;0.0;26.16596221923828;1;39;ADV_IND;36;-55.0;368.0;1.1637181789419635e-12;0.0011637181789419635;7.228658695327817e-11;0.07228658695327816
79;Appareil_001;00112233-4455-6677-8899-aabbccddeeff;4b:9c:4c:e8:b6:be;1784758503.17888;1784758503.17888;0.0;265.6669616699219;1;38;ADV_IND;36;-58.0;368.0;5.832406948256888e-13;0.0005832406948256888;7.286982764810386e-11;0.07286982764810386
80;Appareil_001;00112233-4455-6677-8899-aabbccddeeff;4b:9c:4c:e8:b6:be;1784758503.200304;1784758503.200304;0.0;21.424055099487305;1;39;ADV_IND;36;-55.0;368.0;1.1637181789419635e-12;0.0011637181789419635;7.403354582704582e-11;0.07403354582704583
81;Appareil_001;00112233-4455-6677-8899-aabbccddeeff;4b:9c:4c:e8:b6:be;1784758503.492254;1784758503.492254;0.0;291.949987411499;1;38;ADV_IND;36;-58.0;368.0;5.832406948256888e-13;0.0005832406948256888;7.461678652187151e-11;0.07461678652187151
82;Appareil_001;00112233-4455-6677-8899-aabbccddeeff;4b:9c:4c:e8:b6:be;1784758503.746922;1784758503.746922;0.0;254.6679973602295;1;38;ADV_IND;36;-58.0;368.0;5.832406948256888e-13;0.0005832406948256888;7.52000272166972e-11;0.07520002721669719
83;Appareil_001;00112233-4455-6677-8899-aabbccddeeff;4b:9c:4c:e8:b6:be;1784758503.77328;1784758503.77328;0.0;26.35788917541504;1;39;ADV_IND;36;-55.0;368.0;1.1637181789419635e-12;0.0011637181789419635;7.636374539563916e-11;0.07636374539563916
84;Appareil_001;00112233-4455-6677-8899-aabbccddeeff;4b:9c:4c:e8:b6:be;1784758504.053734;1784758504.053734;0.0;280.454158782959;1;38;ADV_IND;36;-58.0;368.0;5.832406948256888e-13;0.0005832406948256888;7.694698609046485e-11;0.07694698609046485
85;Appareil_001;00112233-4455-6677-8899-aabbccddeeff;4b:9c:4c:e8:b6:be;1784758504.086476;1784758504.086476;0.0;32.74202346801758;1;39;ADV_IND;36;-55.0;368.0;1.1637181789419635e-12;0.0011637181789419635;7.811070426940681e-11;0.07811070426940682
86;Appareil_001;00112233-4455-6677-8899-aabbccddeeff;4b:9c:4c:e8:b6:be;1784758504.708542;1784758504.708542;0.0;622.0660209655762;1;37;ADV_IND;36;-55.0;368.0;1.1637181789419635e-12;0.0011637181789419635;7.927442244834878e-11;0.07927442244834879
87;Appareil_001;00112233-4455-6677-8899-aabbccddeeff;4b:9c:4c:e8:b6:be;1784758504.745258;1784758504.745258;0.0;36.71598434448242;1;38;ADV_IND;36;-58.0;368.0;5.832406948256888e-13;0.0005832406948256888;7.985766314317447e-11;0.07985766314317447
88;Appareil_001;00112233-4455-6677-8899-aabbccddeeff;4b:9c:4c:e8:b6:be;1784758504.776538;1784758504.776538;0.0;31.279802322387695;1;39;ADV_IND;36;-55.0;368.0;1.1637181789419635e-12;0.0011637181789419635;8.102138132211643e-11;0.08102138132211643
89;Appareil_001;00112233-4455-6677-8899-aabbccddeeff;4b:9c:4c:e8:b6:be;1784758504.916603;1784758504.916603;0.0;140.06519317626953;1;38;ADV_IND;36;-58.0;368.0;5.832406948256888e-13;0.0005832406948256888;8.160462201694212e-11;0.08160462201694212
90;Appareil_001;00112233-4455-6677-8899-aabbccddeeff;4b:9c:4c:e8:b6:be;1784758504.939078;1784758504.939078;0.0;22.475004196166992;1;39;ADV_IND;36;-55.0;368.0;1.1637181789419635e-12;0.0011637181789419635;8.276834019588409e-11;0.08276834019588408
91;Appareil_001;00112233-4455-6677-8899-aabbccddeeff;4b:9c:4c:e8:b6:be;1784758505.202664;1784758505.202664;0.0;263.58580589294434;1;38;ADV_IND;36;-58.0;368.0;5.832406948256888e-13;0.0005832406948256888;8.335158089070977e-11;0.08335158089070978
92;Appareil_001;00112233-4455-6677-8899-aabbccddeeff;4b:9c:4c:e8:b6:be;1784758505.255068;1784758505.255068;0.0;52.404165267944336;1;39;ADV_IND;36;-55.0;368.0;1.1637181789419635e-12;0.0011637181789419635;8.451529906965174e-11;0.08451529906965174
93;Appareil_001;00112233-4455-6677-8899-aabbccddeeff;4b:9c:4c:e8:b6:be;1784758505.465946;1784758505.465946;0.0;210.8778953552246;1;38;ADV_IND;36;-58.0;368.0;5.832406948256888e-13;0.0005832406948256888;8.509853976447743e-11;0.08509853976447743
94;Appareil_001;00112233-4455-6677-8899-aabbccddeeff;4b:9c:4c:e8:b6:be;1784758505.493321;1784758505.493321;0.0;27.374982833862305;1;39;ADV_IND;36;-55.0;368.0;1.1637181789419635e-12;0.0011637181789419635;8.626225794341939e-11;0.0862622579434194
95;Appareil_001;00112233-4455-6677-8899-aabbccddeeff;4b:9c:4c:e8:b6:be;1784758505.770971;1784758505.770971;0.0;277.6501178741455;1;38;ADV_IND;36;-58.0;368.0;5.832406948256888e-13;0.0005832406948256888;8.684549863824508e-11;0.08684549863824507
96;Appareil_001;00112233-4455-6677-8899-aabbccddeeff;4b:9c:4c:e8:b6:be;1784758505.807674;1784758505.807674;0.0;36.702871322631836;1;39;ADV_IND;36;-55.0;368.0;1.1637181789419635e-12;0.0011637181789419635;8.800921681718704e-11;0.08800921681718704
97;Appareil_001;00112233-4455-6677-8899-aabbccddeeff;4b:9c:4c:e8:b6:be;1784758506.047823;1784758506.047823;0.0;240.14902114868164;1;37;ADV_IND;36;-55.0;368.0;1.1637181789419635e-12;0.0011637181789419635;8.917293499612901e-11;0.08917293499612901
98;Appareil_001;00112233-4455-6677-8899-aabbccddeeff;4b:9c:4c:e8:b6:be;1784758506.08484;1784758506.08484;0.0;37.017107009887695;1;38;ADV_IND;36;-58.0;368.0;5.832406948256888e-13;0.0005832406948256888;8.97561756909547e-11;0.0897561756909547
99;Appareil_001;00112233-4455-6677-8899-aabbccddeeff;4b:9c:4c:e8:b6:be;1784758506.122602;1784758506.122602;0.0;37.76192665100098;1;39;ADV_IND;36;-55.0;368.0;1.1637181789419635e-12;0.0011637181789419635;9.091989386989666e-11;0.09091989386989666
100;Appareil_001;00112233-4455-6677-8899-aabbccddeeff;4b:9c:4c:e8:b6:be;1784758506.352534;1784758506.359296;6.762027740478516;229.93206977844238;2;37,38;ADV_IND;36;-56.5;736.0;1.7469588737676522e-12;0.0017469588737676523;9.266685274366432e-11;0.09266685274366432
101;Appareil_001;00112233-4455-6677-8899-aabbccddeeff;4b:9c:4c:e8:b6:be;1784758506.386456;1784758506.386456;0.0;33.92195701599121;1;39;ADV_IND;36;-55.0;368.0;1.1637181789419635e-12;0.0011637181789419635;9.383057092260628e-11;0.09383057092260629
102;Appareil_001;00112233-4455-6677-8899-aabbccddeeff;4b:9c:4c:e8:b6:be;1784758506.613229;1784758506.613229;0.0;226.77302360534668;1;38;ADV_IND;36;-58.0;368.0;5.832406948256888e-13;0.0005832406948256888;9.441381161743197e-11;0.09441381161743197
103;Appareil_001;00112233-4455-6677-8899-aabbccddeeff;4b:9c:4c:e8:b6:be;1784758506.657053;1784758506.657053;0.0;43.823957443237305;1;39;ADV_IND;36;-55.0;368.0;1.1637181789419635e-12;0.0011637181789419635;9.557752979637393e-11;0.09557752979637393
104;Appareil_001;00112233-4455-6677-8899-aabbccddeeff;4b:9c:4c:e8:b6:be;1784758506.892211;1784758506.892211;0.0;235.15796661376953;1;38;ADV_IND;36;-58.0;368.0;5.832406948256888e-13;0.0005832406948256888;9.616077049119962e-11;0.09616077049119962
105;Appareil_001;00112233-4455-6677-8899-aabbccddeeff;4b:9c:4c:e8:b6:be;1784758506.923707;1784758506.923707;0.0;31.496047973632812;1;39;ADV_IND;36;-55.0;368.0;1.1637181789419635e-12;0.0011637181789419635;9.732448867014159e-11;0.09732448867014158
106;Appareil_001;00112233-4455-6677-8899-aabbccddeeff;4b:9c:4c:e8:b6:be;1784758507.206696;1784758507.206696;0.0;282.9890251159668;1;38;ADV_IND;36;-58.0;368.0;5.832406948256888e-13;0.0005832406948256888;9.790772936496727e-11;0.09790772936496728
107;Appareil_001;00112233-4455-6677-8899-aabbccddeeff;4b:9c:4c:e8:b6:be;1784758507.228216;1784758507.228216;0.0;21.519899368286133;1;39;ADV_IND;36;-55.0;368.0;1.1637181789419635e-12;0.0011637181789419635;9.907144754390924e-11;0.09907144754390924
108;Appareil_001;00112233-4455-6677-8899-aabbccddeeff;4b:9c:4c:e8:b6:be;1784758507.460957;1784758507.460957;0.0;232.741117477417;1;38;ADV_IND;36;-58.0;368.0;5.832406948256888e-13;0.0005832406948256888;9.965468823873493e-11;0.09965468823873493
109;Appareil_001;00112233-4455-6677-8899-aabbccddeeff;4b:9c:4c:e8:b6:be;1784758507.487432;1784758507.487432;0.0;26.474952697753906;1;39;ADV_IND;36;-55.0;368.0;1.1637181789419635e-12;0.0011637181789419635;1.0081840641767689e-10;0.10081840641767689
110;Appareil_001;00112233-4455-6677-8899-aabbccddeeff;4b:9c:4c:e8:b6:be;1784758507.763752;1784758507.763752;0.0;276.3199806213379;1;38;ADV_IND;36;-58.0;368.0;5.832406948256888e-13;0.0005832406948256888;1.0140164711250258e-10;0.10140164711250257
111;Appareil_001;00112233-4455-6677-8899-aabbccddeeff;4b:9c:4c:e8:b6:be;1784758507.79469;1784758507.79469;0.0;30.937910079956055;1;39;ADV_IND;36;-55.0;368.0;1.1637181789419635e-12;0.0011637181789419635;1.0256536529144455e-10;0.10256536529144454
112;Appareil_001;00112233-4455-6677-8899-aabbccddeeff;4b:9c:4c:e8:b6:be;1784758508.053159;1784758508.053159;0.0;258.4691047668457;1;38;ADV_IND;36;-58.0;368.0;5.832406948256888e-13;0.0005832406948256888;1.0314860598627023e-10;0.10314860598627024
113;Appareil_001;00112233-4455-6677-8899-aabbccddeeff;4b:9c:4c:e8:b6:be;1784758508.079566;1784758508.079566;0.0;26.40700340270996;1;39;ADV_IND;36;-55.0;368.0;1.1637181789419635e-12;0.0011637181789419635;1.043123241652122e-10;0.1043123241652122
114;Appareil_001;00112233-4455-6677-8899-aabbccddeeff;4b:9c:4c:e8:b6:be;1784758508.35349;1784758508.35349;0.0;273.9241123199463;1;38;ADV_IND;36;-58.0;368.0;5.832406948256888e-13;0.0005832406948256888;1.0489556486003789e-10;0.10489556486003788
115;Appareil_001;00112233-4455-6677-8899-aabbccddeeff;4b:9c:4c:e8:b6:be;1784758508.379825;1784758508.379825;0.0;26.33500099182129;1;39;ADV_IND;36;-55.0;368.0;1.1637181789419635e-12;0.0011637181789419635;1.0605928303897985e-10;0.10605928303897985
116;Appareil_001;00112233-4455-6677-8899-aabbccddeeff;4b:9c:4c:e8:b6:be;1784758508.623294;1784758508.634926;11.631965637207031;243.4689998626709;2;38,39;ADV_IND;36;-56.5;736.0;1.7469588737676522e-12;0.0017469588737676523;1.078062419127475e-10;0.1078062419127475
117;Appareil_001;00112233-4455-6677-8899-aabbccddeeff;4b:9c:4c:e8:b6:be;1784758508.934754;1784758508.934754;0.0;311.4597797393799;1;37;ADV_IND;36;-55.0;368.0;1.1637181789419635e-12;0.0011637181789419635;1.0896996009168947e-10;0.10896996009168947
118;Appareil_001;00112233-4455-6677-8899-aabbccddeeff;4b:9c:4c:e8:b6:be;1784758508.965993;1784758508.965993;0.0;31.239032745361328;1;38;ADV_IND;36;-58.0;368.0;5.832406948256888e-13;0.0005832406948256888;1.0955320078651516e-10;0.10955320078651516
119;Appareil_001;00112233-4455-6677-8899-aabbccddeeff;4b:9c:4c:e8:b6:be;1784758508.992254;1784758508.992254;0.0;26.261091232299805;1;39;ADV_IND;36;-55.0;368.0;1.1637181789419635e-12;0.0011637181789419635;1.1071691896545712e-10;0.11071691896545713
120;Appareil_001;00112233-4455-6677-8899-aabbccddeeff;4b:9c:4c:e8:b6:be;1784758509.196318;1784758509.196318;0.0;204.06389236450195;1;38;ADV_IND;36;-58.0;368.0;5.832406948256888e-13;0.0005832406948256888;1.1130015966028281e-10;0.11130015966028281
121;Appareil_001;00112233-4455-6677-8899-aabbccddeeff;4b:9c:4c:e8:b6:be;1784758509.223564;1784758509.223564;0.0;27.24599838256836;1;39;ADV_IND;36;-55.0;368.0;1.1637181789419635e-12;0.0011637181789419635;1.1246387783922478e-10;0.11246387783922478
122;Appareil_001;00112233-4455-6677-8899-aabbccddeeff;4b:9c:4c:e8:b6:be;1784758509.496652;1784758509.496652;0.0;273.0879783630371;1;38;ADV_IND;36;-58.0;368.0;5.832406948256888e-13;0.0005832406948256888;1.1304711853405046e-10;0.11304711853405046
123;Appareil_001;00112233-4455-6677-8899-aabbccddeeff;4b:9c:4c:e8:b6:be;1784758509.528617;1784758509.528617;0.0;31.965017318725586;1;39;ADV_IND;36;-55.0;368.0;1.1637181789419635e-12;0.0011637181789419635;1.1421083671299243e-10;0.11421083671299243
124;Appareil_001;00112233-4455-6677-8899-aabbccddeeff;4b:9c:4c:e8:b6:be;1784758509.770281;1784758509.770281;0.0;241.66417121887207;1;38;ADV_IND;36;-58.0;368.0;5.832406948256888e-13;0.0005832406948256888;1.1479407740781812e-10;0.11479407740781812
125;Appareil_001;00112233-4455-6677-8899-aabbccddeeff;4b:9c:4c:e8:b6:be;1784758510.331571;1784758510.331571;0.0;561.2900257110596;1;37;ADV_IND;36;-55.0;368.0;1.1637181789419635e-12;0.0011637181789419635;1.1595779558676008e-10;0.11595779558676009
126;Appareil_001;00112233-4455-6677-8899-aabbccddeeff;4b:9c:4c:e8:b6:be;1784758510.369114;1784758510.369114;0.0;37.54281997680664;1;38;ADV_IND;36;-59.0;368.0;4.632845515402531e-13;0.00046328455154025314;1.1642108013830033e-10;0.11642108013830034
127;Appareil_001;00112233-4455-6677-8899-aabbccddeeff;4b:9c:4c:e8:b6:be;1784758510.401641;1784758510.401641;0.0;32.52696990966797;1;39;ADV_IND;36;-55.0;368.0;1.1637181789419635e-12;0.0011637181789419635;1.1758479831724229e-10;0.11758479831724229
128;Appareil_001;00112233-4455-6677-8899-aabbccddeeff;4b:9c:4c:e8:b6:be;1784758510.898646;1784758510.898646;0.0;497.0052242279053;1;38;ADV_IND;36;-58.0;368.0;5.832406948256888e-13;0.0005832406948256888;1.1816803901206797e-10;0.11816803901206797
129;Appareil_001;00112233-4455-6677-8899-aabbccddeeff;4b:9c:4c:e8:b6:be;1784758510.925487;1784758510.925487;0.0;26.840925216674805;1;39;ADV_IND;36;-55.0;368.0;1.1637181789419635e-12;0.0011637181789419635;1.1933175719100993e-10;0.11933175719100993
130;Appareil_001;00112233-4455-6677-8899-aabbccddeeff;4b:9c:4c:e8:b6:be;1784758511.208153;1784758511.208153;0.0;282.6659679412842;1;38;ADV_IND;36;-58.0;368.0;5.832406948256888e-13;0.0005832406948256888;1.1991499788583561e-10;0.11991499788583561
131;Appareil_001;00112233-4455-6677-8899-aabbccddeeff;4b:9c:4c:e8:b6:be;1784758511.244986;1784758511.244986;0.0;36.83304786682129;1;39;ADV_IND;36;-55.0;368.0;1.1637181789419635e-12;0.0011637181789419635;1.2107871606477757e-10;0.12107871606477756
132;Appareil_001;00112233-4455-6677-8899-aabbccddeeff;4b:9c:4c:e8:b6:be;1784758511.49855;1784758511.49855;0.0;253.56388092041016;1;38;ADV_IND;36;-58.0;368.0;5.832406948256888e-13;0.0005832406948256888;1.2166195675960325e-10;0.12166195675960326
133;Appareil_001;00112233-4455-6677-8899-aabbccddeeff;4b:9c:4c:e8:b6:be;1784758511.520139;1784758511.520139;0.0;21.589040756225586;1;39;ADV_IND;36;-55.0;368.0;1.1637181789419635e-12;0.0011637181789419635;1.228256749385452e-10;0.12282567493854521
134;Appareil_001;00112233-4455-6677-8899-aabbccddeeff;4b:9c:4c:e8:b6:be;1784758511.764946;1784758511.782105;17.158985137939453;244.80700492858887;2;38,39;ADV_IND;36;-57.0;736.0;1.6270027304822166e-12;0.0016270027304822166;1.2445267766902744e-10;0.12445267766902744
135;Appareil_001;00112233-4455-6677-8899-aabbccddeeff;4b:9c:4c:e8:b6:be;1784758512.05313;1784758512.05313;0.0;288.18392753601074;1;37;ADV_IND;36;-55.0;368.0;1.1637181789419635e-12;0.0011637181789419635;1.256163958479694e-10;0.12561639584796938
136;Appareil_001;00112233-4455-6677-8899-aabbccddeeff;4b:9c:4c:e8:b6:be;1784758512.079582;1784758512.079582;0.0;26.452064514160156;1;38;ADV_IND;36;-59.0;368.0;4.632845515402531e-13;0.00046328455154025314;1.2607968039950964e-10;0.12607968039950965
137;Appareil_001;00112233-4455-6677-8899-aabbccddeeff;4b:9c:4c:e8:b6:be;1784758512.100756;1784758512.100756;0.0;21.173954010009766;1;39;ADV_IND;36;-55.0;368.0;1.1637181789419635e-12;0.0011637181789419635;1.272433985784516e-10;0.1272433985784516
138;Appareil_001;00112233-4455-6677-8899-aabbccddeeff;4b:9c:4c:e8:b6:be;1784758512.36782;1784758512.36782;0.0;267.06409454345703;1;38;ADV_IND;36;-58.0;368.0;5.832406948256888e-13;0.0005832406948256888;1.2782663927327728e-10;0.12782663927327728
139;Appareil_001;00112233-4455-6677-8899-aabbccddeeff;4b:9c:4c:e8:b6:be;1784758512.394117;1784758512.394117;0.0;26.29709243774414;1;39;ADV_IND;36;-55.0;368.0;1.1637181789419635e-12;0.0011637181789419635;1.2899035745221923e-10;0.12899035745221923
140;Appareil_001;00112233-4455-6677-8899-aabbccddeeff;4b:9c:4c:e8:b6:be;1784758512.906475;1784758512.906475;0.0;512.3579502105713;1;38;ADV_IND;36;-58.0;368.0;5.832406948256888e-13;0.0005832406948256888;1.2957359814704492e-10;0.12957359814704492
141;Appareil_001;00112233-4455-6677-8899-aabbccddeeff;4b:9c:4c:e8:b6:be;1784758512.948163;1784758512.948163;0.0;41.687965393066406;1;39;ADV_IND;36;-55.0;368.0;1.1637181789419635e-12;0.0011637181789419635;1.3073731632598687e-10;0.13073731632598687
142;Appareil_001;00112233-4455-6677-8899-aabbccddeeff;4b:9c:4c:e8:b6:be;1784758513.192486;1784758513.192486;0.0;244.3230152130127;1;38;ADV_IND;36;-58.0;368.0;5.832406948256888e-13;0.0005832406948256888;1.3132055702081256e-10;0.13132055702081255
143;Appareil_001;00112233-4455-6677-8899-aabbccddeeff;4b:9c:4c:e8:b6:be;1784758513.229827;1784758513.229827;0.0;37.34087944030762;1;39;ADV_IND;36;-55.0;368.0;1.1637181789419635e-12;0.0011637181789419635;1.324842751997545e-10;0.1324842751997545
144;Appareil_001;00112233-4455-6677-8899-aabbccddeeff;4b:9c:4c:e8:b6:be;1784758513.50128;1784758513.50128;0.0;271.4531421661377;1;38;ADV_IND;36;-58.0;368.0;5.832406948256888e-13;0.0005832406948256888;1.330675158945802e-10;0.1330675158945802
145;Appareil_001;00112233-4455-6677-8899-aabbccddeeff;4b:9c:4c:e8:b6:be;1784758513.749299;1784758513.75029;0.9908676147460938;248.01898002624512;2;38,39;ADV_IND;36;-56.5;736.0;1.7469588737676522e-12;0.0017469588737676523;1.3481447476834784e-10;0.13481447476834785
146;Appareil_001;00112233-4455-6677-8899-aabbccddeeff;4b:9c:4c:e8:b6:be;1784758514.062425;1784758514.062425;0.0;313.1258487701416;1;38;ADV_IND;36;-58.0;368.0;5.832406948256888e-13;0.0005832406948256888;1.3539771546317353e-10;0.13539771546317353
147;Appareil_001;00112233-4455-6677-8899-aabbccddeeff;4b:9c:4c:e8:b6:be;1784758514.097363;1784758514.097363;0.0;34.93809700012207;1;39;ADV_IND;36;-55.0;368.0;1.1637181789419635e-12;0.0011637181789419635;1.3656143364211548e-10;0.13656143364211548
148;Appareil_001;00112233-4455-6677-8899-aabbccddeeff;4b:9c:4c:e8:b6:be;1784758514.319613;1784758514.321424;1.8110275268554688;222.24998474121094;2;38,39;ADV_IND;36;-56.5;736.0;1.7469588737676522e-12;0.0017469588737676523;1.3830839251588312e-10;0.13830839251588312
149;Appareil_001;00112233-4455-6677-8899-aabbccddeeff;4b:9c:4c:e8:b6:be;1784758514.637544;1784758514.637544;0.0;317.9309368133545;1;38;ADV_IND;36;-58.0;368.0;5.832406948256888e-13;0.0005832406948256888;1.388916332107088e-10;0.1388916332107088
150;Appareil_001;00112233-4455-6677-8899-aabbccddeeff;4b:9c:4c:e8:b6:be;1784758514.659056;1784758514.659056;0.0;21.51203155517578;1;39;ADV_IND;36;-53.0;368.0;1.8443690197483587e-12;0.0018443690197483588;1.4073600223045717e-10;0.14073600223045718
151;Appareil_001;00112233-4455-6677-8899-aabbccddeeff;4b:9c:4c:e8:b6:be;1784758514.897513;1784758514.898619;1.1060237884521484;238.45696449279785;2;38,39;ADV_IND;36;-56.5;736.0;1.7469588737676522e-12;0.0017469588737676523;1.4248296110422481e-10;0.14248296110422481
152;Appareil_001;00112233-4455-6677-8899-aabbccddeeff;4b:9c:4c:e8:b6:be;1784758515.184448;1784758515.203493;19.045114517211914;286.93509101867676;2;38,39;ADV_IND;36;-56.5;736.0;1.7469588737676522e-12;0.0017469588737676523;1.4422991997799245e-10;0.14422991997799245
153;Appareil_001;00112233-4455-6677-8899-aabbccddeeff;4b:9c:4c:e8:b6:be;1784758515.494767;1784758515.494767;0.0;310.3189468383789;1;38;ADV_IND;36;-58.0;368.0;5.832406948256888e-13;0.0005832406948256888;1.4481316067281814e-10;0.14481316067281813
154;Appareil_001;00112233-4455-6677-8899-aabbccddeeff;4b:9c:4c:e8:b6:be;1784758515.527198;1784758515.527198;0.0;32.43112564086914;1;39;ADV_IND;36;-55.0;368.0;1.1637181789419635e-12;0.0011637181789419635;1.459768788517601e-10;0.14597687885176008
155;Appareil_001;00112233-4455-6677-8899-aabbccddeeff;4b:9c:4c:e8:b6:be;1784758515.771177;1784758515.772934;1.756906509399414;243.97897720336914;2;38,39;ADV_IND;36;-56.5;736.0;1.7469588737676522e-12;0.0017469588737676523;1.4772383772552773e-10;0.14772383772552775
156;Appareil_001;00112233-4455-6677-8899-aabbccddeeff;4b:9c:4c:e8:b6:be;1784758516.066949;1784758516.068001;1.0521411895751953;295.77183723449707;2;38,39;ADV_IND;36;-56.5;736.0;1.7469588737676522e-12;0.0017469588737676523;1.4947079659929537e-10;0.14947079659929538
157;Appareil_001;00112233-4455-6677-8899-aabbccddeeff;4b:9c:4c:e8:b6:be;1784758516.325556;1784758516.325556;0.0;258.6071491241455;1;38;ADV_IND;36;-58.0;368.0;5.832406948256888e-13;0.0005832406948256888;1.5005403729412106e-10;0.15005403729412106
158;Appareil_001;00112233-4455-6677-8899-aabbccddeeff;4b:9c:4c:e8:b6:be;1784758516.357072;1784758516.357072;0.0;31.516075134277344;1;39;ADV_IND;36;-55.0;368.0;1.1637181789419635e-12;0.0011637181789419635;1.5121775547306301e-10;0.15121775547306301
159;Appareil_001;00112233-4455-6677-8899-aabbccddeeff;4b:9c:4c:e8:b6:be;1784758516.63949;1784758516.63949;0.0;282.41777420043945;1;38;ADV_IND;36;-58.0;368.0;5.832406948256888e-13;0.0005832406948256888;1.518009961678887e-10;0.1518009961678887
160;Appareil_001;00112233-4455-6677-8899-aabbccddeeff;4b:9c:4c:e8:b6:be;1784758516.661522;1784758516.661522;0.0;22.03202247619629;1;39;ADV_IND;36;-55.0;368.0;1.1637181789419635e-12;0.0011637181789419635;1.5296471434683065e-10;0.15296471434683065
161;Appareil_001;00112233-4455-6677-8899-aabbccddeeff;4b:9c:4c:e8:b6:be;1784758516.931012;1784758516.931012;0.0;269.49000358581543;1;38;ADV_IND;36;-58.0;368.0;5.832406948256888e-13;0.0005832406948256888;1.5354795504165634e-10;0.15354795504165633
162;Appareil_001;00112233-4455-6677-8899-aabbccddeeff;4b:9c:4c:e8:b6:be;1784758516.957799;1784758516.957799;0.0;26.78704261779785;1;39;ADV_IND;36;-55.0;368.0;1.1637181789419635e-12;0.0011637181789419635;1.547116732205983e-10;0.15471167322059828
163;Appareil_001;00112233-4455-6677-8899-aabbccddeeff;4b:9c:4c:e8:b6:be;1784758517.21092;1784758517.21092;0.0;253.12113761901855;1;38;ADV_IND;36;-58.0;368.0;5.832406948256888e-13;0.0005832406948256888;1.5529491391542398e-10;0.155294913915424
164;Appareil_001;00112233-4455-6677-8899-aabbccddeeff;4b:9c:4c:e8:b6:be;1784758517.245253;1784758517.245253;0.0;34.332990646362305;1;39;ADV_IND;36;-54.0;368.0;1.4650343876368687e-12;0.0014650343876368686;1.5675994830306086e-10;0.15675994830306086
165;Appareil_001;00112233-4455-6677-8899-aabbccddeeff;4b:9c:4c:e8:b6:be;1784758517.524831;1784758517.524831;0.0;279.57797050476074;1;39;ADV_IND;36;-55.0;368.0;1.1637181789419635e-12;0.0011637181789419635;1.5792366648200281e-10;0.15792366648200282
166;Appareil_001;00112233-4455-6677-8899-aabbccddeeff;4b:9c:4c:e8:b6:be;1784758517.780153;1784758517.789059;8.905887603759766;255.32197952270508;2;38,39;ADV_IND;36;-56.5;736.0;1.7469588737676522e-12;0.0017469588737676523;1.5967062535577045e-10;0.15967062535577045
167;Appareil_001;00112233-4455-6677-8899-aabbccddeeff;4b:9c:4c:e8:b6:be;1784758518.073468;1784758518.073468;0.0;293.31493377685547;1;38;ADV_IND;36;-58.0;368.0;5.832406948256888e-13;0.0005832406948256888;1.6025386605059614e-10;0.16025386605059613
168;Appareil_001;00112233-4455-6677-8899-aabbccddeeff;4b:9c:4c:e8:b6:be;1784758518.101799;1784758518.101799;0.0;28.33104133605957;1;39;ADV_IND;36;-55.0;368.0;1.1637181789419635e-12;0.0011637181789419635;1.614175842295381e-10;0.16141758422953809
169;Appareil_001;00112233-4455-6677-8899-aabbccddeeff;4b:9c:4c:e8:b6:be;1784758518.392077;1784758518.392077;0.0;290.27795791625977;1;37;ADV_IND;36;-55.0;368.0;1.1637181789419635e-12;0.0011637181789419635;1.6258130240848005e-10;0.16258130240848004
170;Appareil_001;00112233-4455-6677-8899-aabbccddeeff;4b:9c:4c:e8:b6:be;1784758518.42436;1784758518.441308;16.94798469543457;32.28306770324707;2;38,39;ADV_IND;36;-56.5;736.0;1.7469588737676522e-12;0.0017469588737676523;1.6432826128224769e-10;0.1643282612822477
171;Appareil_001;00112233-4455-6677-8899-aabbccddeeff;4b:9c:4c:e8:b6:be;1784758518.654389;1784758518.654389;0.0;230.02886772155762;1;38;ADV_IND;36;-58.0;368.0;5.832406948256888e-13;0.0005832406948256888;1.6491150197707337e-10;0.16491150197707338
172;Appareil_001;00112233-4455-6677-8899-aabbccddeeff;4b:9c:4c:e8:b6:be;1784758518.68368;1784758518.68368;0.0;29.291152954101562;1;39;ADV_IND;36;-55.0;368.0;1.1637181789419635e-12;0.0011637181789419635;1.6607522015601533e-10;0.16607522015601534
173;Appareil_001;00112233-4455-6677-8899-aabbccddeeff;4b:9c:4c:e8:b6:be;1784758518.924584;1784758518.924584;0.0;240.9038543701172;1;38;ADV_IND;36;-59.0;368.0;4.632845515402531e-13;0.00046328455154025314;1.6653850470755558e-10;0.16653850470755557
174;Appareil_001;00112233-4455-6677-8899-aabbccddeeff;4b:9c:4c:e8:b6:be;1784758518.9511;1784758518.9511;0.0;26.516199111938477;1;39;ADV_IND;36;-55.0;368.0;1.1637181789419635e-12;0.0011637181789419635;1.6770222288649753e-10;0.16770222288649753
175;Appareil_001;00112233-4455-6677-8899-aabbccddeeff;4b:9c:4c:e8:b6:be;1784758519.217293;1784758519.217293;0.0;266.1929130554199;1;38;ADV_IND;36;-58.0;368.0;5.832406948256888e-13;0.0005832406948256888;1.6828546358132322e-10;0.1682854635813232
176;Appareil_001;00112233-4455-6677-8899-aabbccddeeff;4b:9c:4c:e8:b6:be;1784758519.243696;1784758519.243696;0.0;26.402950286865234;1;39;ADV_IND;36;-55.0;368.0;1.1637181789419635e-12;0.0011637181789419635;1.6944918176026517e-10;0.16944918176026516
177;Appareil_001;00112233-4455-6677-8899-aabbccddeeff;4b:9c:4c:e8:b6:be;1784758519.495427;1784758519.495427;0.0;251.73091888427734;1;38;ADV_IND;36;-58.0;368.0;5.832406948256888e-13;0.0005832406948256888;1.7003242245509086e-10;0.17003242245509087
178;Appareil_001;00112233-4455-6677-8899-aabbccddeeff;4b:9c:4c:e8:b6:be;1784758519.517901;1784758519.517901;0.0;22.474050521850586;1;39;ADV_IND;36;-54.0;368.0;1.4650343876368687e-12;0.0014650343876368686;1.7149745684272774e-10;0.17149745684272774
179;Appareil_001;00112233-4455-6677-8899-aabbccddeeff;4b:9c:4c:e8:b6:be;1784758519.790889;1784758519.790889;0.0;272.98808097839355;1;38;ADV_IND;36;-58.0;368.0;5.832406948256888e-13;0.0005832406948256888;1.7208069753755343e-10;0.17208069753755342
180;Appareil_001;00112233-4455-6677-8899-aabbccddeeff;4b:9c:4c:e8:b6:be;1784758519.822763;1784758519.822763;0.0;31.87394142150879;1;39;ADV_IND;36;-55.0;368.0;1.1637181789419635e-12;0.0011637181789419635;1.7324441571649538e-10;0.17324441571649538
181;Appareil_001;00112233-4455-6677-8899-aabbccddeeff;4b:9c:4c:e8:b6:be;1784758520.076492;1784758520.076492;0.0;253.72910499572754;1;39;ADV_IND;36;-55.0;368.0;1.1637181789419635e-12;0.0011637181789419635;1.7440813389543733e-10;0.17440813389543733
182;Appareil_001;00112233-4455-6677-8899-aabbccddeeff;4b:9c:4c:e8:b6:be;1784758520.371665;1784758520.371665;0.0;295.17292976379395;1;37;ADV_IND;36;-54.0;368.0;1.4650343876368687e-12;0.0014650343876368686;1.758731682830742e-10;0.1758731682830742
183;Appareil_001;00112233-4455-6677-8899-aabbccddeeff;4b:9c:4c:e8:b6:be;1784758520.393552;1784758520.393552;0.0;21.88706398010254;1;38;ADV_IND;36;-58.0;368.0;5.832406948256888e-13;0.0005832406948256888;1.764564089778999e-10;0.1764564089778999
184;Appareil_001;00112233-4455-6677-8899-aabbccddeeff;4b:9c:4c:e8:b6:be;1784758520.415163;1784758520.415163;0.0;21.61097526550293;1;39;ADV_IND;36;-55.0;368.0;1.1637181789419635e-12;0.0011637181789419635;1.7762012715684185e-10;0.17762012715684186
185;Appareil_001;00112233-4455-6677-8899-aabbccddeeff;4b:9c:4c:e8:b6:be;1784758520.649299;1784758520.649299;0.0;234.13586616516113;1;38;ADV_IND;36;-58.0;368.0;5.832406948256888e-13;0.0005832406948256888;1.7820336785166754e-10;0.17820336785166754
186;Appareil_001;00112233-4455-6677-8899-aabbccddeeff;4b:9c:4c:e8:b6:be;1784758520.689697;1784758520.689697;0.0;40.39812088012695;1;39;ADV_IND;36;-55.0;368.0;1.1637181789419635e-12;0.0011637181789419635;1.793670860306095e-10;0.1793670860306095
187;Appareil_001;00112233-4455-6677-8899-aabbccddeeff;4b:9c:4c:e8:b6:be;1784758520.9178;1784758520.919184;1.3840198516845703;228.1029224395752;2;38,39;ADV_IND;36;-56.5;736.0;1.7469588737676522e-12;0.0017469588737676523;1.8111404490437713e-10;0.18111404490437713
188;Appareil_001;00112233-4455-6677-8899-aabbccddeeff;4b:9c:4c:e8:b6:be;1784758521.220265;1784758521.220265;0.0;302.46496200561523;1;38;ADV_IND;36;-58.0;368.0;5.832406948256888e-13;0.0005832406948256888;1.8169728559920282e-10;0.1816972855992028
189;Appareil_001;00112233-4455-6677-8899-aabbccddeeff;4b:9c:4c:e8:b6:be;1784758521.247537;1784758521.247537;0.0;27.27198600769043;1;39;ADV_IND;36;-55.0;368.0;1.1637181789419635e-12;0.0011637181789419635;1.8286100377814477e-10;0.18286100377814477
190;Appareil_001;00112233-4455-6677-8899-aabbccddeeff;4b:9c:4c:e8:b6:be;1784758521.499868;1784758521.499868;0.0;252.33101844787598;1;38;ADV_IND;36;-58.0;368.0;5.832406948256888e-13;0.0005832406948256888;1.8344424447297046e-10;0.18344424447297045
191;Appareil_001;00112233-4455-6677-8899-aabbccddeeff;4b:9c:4c:e8:b6:be;1784758521.528067;1784758521.528067;0.0;28.199195861816406;1;39;ADV_IND;36;-55.0;368.0;1.1637181789419635e-12;0.0011637181789419635;1.846079626519124e-10;0.1846079626519124
192;Appareil_001;00112233-4455-6677-8899-aabbccddeeff;4b:9c:4c:e8:b6:be;1784758521.814769;1784758521.814769;0.0;286.70191764831543;1;38;ADV_IND;36;-58.0;368.0;5.832406948256888e-13;0.0005832406948256888;1.851912033467381e-10;0.1851912033467381
193;Appareil_001;00112233-4455-6677-8899-aabbccddeeff;4b:9c:4c:e8:b6:be;1784758521.842351;1784758521.842351;0.0;27.58193016052246;1;39;ADV_IND;36;-55.0;368.0;1.1637181789419635e-12;0.0011637181789419635;1.8635492152568005e-10;0.18635492152568006
194;Appareil_001;00112233-4455-6677-8899-aabbccddeeff;4b:9c:4c:e8:b6:be;1784758522.092455;1784758522.092455;0.0;250.10395050048828;1;38;ADV_IND;36;-59.0;368.0;4.632845515402531e-13;0.00046328455154025314;1.868182060772203e-10;0.1868182060772203
195;Appareil_001;00112233-4455-6677-8899-aabbccddeeff;4b:9c:4c:e8:b6:be;1784758522.119113;1784758522.119113;0.0;26.658058166503906;1;39;ADV_IND;36;-55.0;368.0;1.1637181789419635e-12;0.0011637181789419635;1.8798192425616225e-10;0.18798192425616225
196;Appareil_001;00112233-4455-6677-8899-aabbccddeeff;4b:9c:4c:e8:b6:be;1784758522.362205;1784758522.362205;0.0;243.09206008911133;1;37;ADV_IND;36;-55.0;368.0;1.1637181789419635e-12;0.0011637181789419635;1.891456424351042e-10;0.1891456424351042
197;Appareil_001;00112233-4455-6677-8899-aabbccddeeff;4b:9c:4c:e8:b6:be;1784758522.38485;1784758522.402264;17.414093017578125;22.644996643066406;2;38,39;ADV_IND;36;-56.0;736.0;2.0482750824625575e-12;0.0020482750824625576;1.9119391751756677e-10;0.19119391751756679
198;Appareil_001;00112233-4455-6677-8899-aabbccddeeff;4b:9c:4c:e8:b6:be;1784758522.653031;1784758522.653031;0.0;268.18108558654785;1;38;ADV_IND;36;-58.0;368.0;5.832406948256888e-13;0.0005832406948256888;1.9177715821239246e-10;0.19177715821239247
199;Appareil_001;00112233-4455-6677-8899-aabbccddeeff;4b:9c:4c:e8:b6:be;1784758522.681362;1784758522.681362;0.0;28.33080291748047;1;39;ADV_IND;36;-55.0;368.0;1.1637181789419635e-12;0.0011637181789419635;1.9294087639133441e-10;0.19294087639133442
200;Appareil_001;00112233-4455-6677-8899-aabbccddeeff;4b:9c:4c:e8:b6:be;1784758522.947607;1784758522.947607;0.0;266.24512672424316;1;38;ADV_IND;36;-58.0;368.0;5.832406948256888e-13;0.0005832406948256888;1.935241170861601e-10;0.1935241170861601
201;Appareil_001;00112233-4455-6677-8899-aabbccddeeff;4b:9c:4c:e8:b6:be;1784758522.975414;1784758522.975414;0.0;27.806997299194336;1;39;ADV_IND;36;-54.0;368.0;1.4650343876368687e-12;0.0014650343876368686;1.9498915147379698e-10;0.19498915147379697
202;Appareil_001;00112233-4455-6677-8899-aabbccddeeff;4b:9c:4c:e8:b6:be;1784758523.227619;1784758523.227619;0.0;252.20489501953125;1;38;ADV_IND;36;-58.0;368.0;5.832406948256888e-13;0.0005832406948256888;1.9557239216862267e-10;0.19557239216862266
203;Appareil_001;00112233-4455-6677-8899-aabbccddeeff;4b:9c:4c:e8:b6:be;1784758523.249682;1784758523.249682;0.0;22.063016891479492;1;39;ADV_IND;36;-55.0;368.0;1.1637181789419635e-12;0.0011637181789419635;1.9673611034756462e-10;0.1967361103475646
204;Appareil_001;00112233-4455-6677-8899-aabbccddeeff;4b:9c:4c:e8:b6:be;1784758523.515211;1784758523.516237;1.0259151458740234;265.5291557312012;2;38,39;ADV_IND;36;-56.5;736.0;1.7469588737676522e-12;0.0017469588737676523;1.9848306922133226e-10;0.19848306922133227
205;Appareil_001;00112233-4455-6677-8899-aabbccddeeff;4b:9c:4c:e8:b6:be;1784758523.779061;1784758523.782809;3.7479400634765625;263.84997367858887;2;38,39;ADV_IND;36;-56.5;736.0;1.7469588737676522e-12;0.0017469588737676523;2.002300280950999e-10;0.2002300280950999
206;Appareil_001;00112233-4455-6677-8899-aabbccddeeff;4b:9c:4c:e8:b6:be;1784758524.073549;1784758524.073549;0.0;294.48795318603516;1;38;ADV_IND;36;-58.0;368.0;5.832406948256888e-13;0.0005832406948256888;2.008132687899256e-10;0.2008132687899256
207;Appareil_001;00112233-4455-6677-8899-aabbccddeeff;4b:9c:4c:e8:b6:be;1784758524.095396;1784758524.095396;0.0;21.847009658813477;1;39;ADV_IND;36;-55.0;368.0;1.1637181789419635e-12;0.0011637181789419635;2.0197698696886754e-10;0.20197698696886754
208;Appareil_001;00112233-4455-6677-8899-aabbccddeeff;4b:9c:4c:e8:b6:be;1784758524.390472;1784758524.391537;1.0650157928466797;295.0758934020996;2;37,38;ADV_IND;36;-56.5;736.0;1.7469588737676522e-12;0.0017469588737676523;2.0372394584263518e-10;0.20372394584263517
209;Appareil_001;00112233-4455-6677-8899-aabbccddeeff;4b:9c:4c:e8:b6:be;1784758524.414571;1784758524.414571;0.0;24.099111557006836;1;39;ADV_IND;36;-55.0;368.0;1.1637181789419635e-12;0.0011637181789419635;2.0488766402157713e-10;0.20488766402157713
210;Appareil_001;00112233-4455-6677-8899-aabbccddeeff;4b:9c:4c:e8:b6:be;1784758524.670189;1784758524.685028;14.83917236328125;255.61785697937012;2;38,39;ADV_IND;36;-56.5;736.0;1.7469588737676522e-12;0.0017469588737676523;2.0663462289534477e-10;0.20663462289534476
211;Appareil_001;00112233-4455-6677-8899-aabbccddeeff;4b:9c:4c:e8:b6:be;1784758524.936549;1784758524.937816;1.2669563293457031;266.3600444793701;2;38,39;ADV_IND;36;-56.0;736.0;2.0482750824625575e-12;0.0020482750824625576;2.0868289797780734e-10;0.20868289797780734
212;Appareil_001;00112233-4455-6677-8899-aabbccddeeff;4b:9c:4c:e8:b6:be;1784758525.228415;1784758525.228415;0.0;291.8660640716553;1;38;ADV_IND;36;-58.0;368.0;5.832406948256888e-13;0.0005832406948256888;2.0926613867263303e-10;0.20926613867263302
213;Appareil_001;00112233-4455-6677-8899-aabbccddeeff;4b:9c:4c:e8:b6:be;1784758525.272372;1784758525.272372;0.0;43.95699501037598;1;39;ADV_IND;36;-55.0;368.0;1.1637181789419635e-12;0.0011637181789419635;2.1042985685157498e-10;0.21042985685157498
214;Appareil_001;00112233-4455-6677-8899-aabbccddeeff;4b:9c:4c:e8:b6:be;1784758525.532286;1784758525.532286;0.0;259.9139213562012;1;38;ADV_IND;36;-58.0;368.0;5.832406948256888e-13;0.0005832406948256888;2.1101309754640067e-10;0.21101309754640066
215;Appareil_001;00112233-4455-6677-8899-aabbccddeeff;4b:9c:4c:e8:b6:be;1784758525.559336;1784758525.559336;0.0;27.050018310546875;1;39;ADV_IND;36;-54.0;368.0;1.4650343876368687e-12;0.0014650343876368686;2.1247813193403755e-10;0.21247813193403756
216;Appareil_001;00112233-4455-6677-8899-aabbccddeeff;4b:9c:4c:e8:b6:be;1784758525.791448;1784758525.791448;0.0;232.11216926574707;1;38;ADV_IND;36;-58.0;368.0;5.832406948256888e-13;0.0005832406948256888;2.1306137262886324e-10;0.21306137262886324
217;Appareil_001;00112233-4455-6677-8899-aabbccddeeff;4b:9c:4c:e8:b6:be;1784758525.814868;1784758525.814868;0.0;23.419857025146484;1;39;ADV_IND;36;-55.0;368.0;1.1637181789419635e-12;0.0011637181789419635;2.142250908078052e-10;0.2142250908078052
218;Appareil_001;00112233-4455-6677-8899-aabbccddeeff;4b:9c:4c:e8:b6:be;1784758526.086691;1784758526.086691;0.0;271.8229293823242;1;39;ADV_IND;36;-55.0;368.0;1.1637181789419635e-12;0.0011637181789419635;2.1538880898674714e-10;0.21538880898674714
219;Appareil_001;00112233-4455-6677-8899-aabbccddeeff;4b:9c:4c:e8:b6:be;1784758526.385064;1784758526.397711;12.647151947021484;298.3729839324951;2;37,38;ADV_IND;36;-56.5;736.0;1.7469588737676522e-12;0.0017469588737676523;2.1713576786051478e-10;0.21713576786051478
220;Appareil_001;00112233-4455-6677-8899-aabbccddeeff;4b:9c:4c:e8:b6:be;1784758526.431255;1784758526.431255;0.0;46.19121551513672;1;39;ADV_IND;36;-55.0;368.0;1.1637181789419635e-12;0.0011637181789419635;2.1829948603945673e-10;0.21829948603945673
221;Appareil_001;00112233-4455-6677-8899-aabbccddeeff;4b:9c:4c:e8:b6:be;1784758526.676891;1784758526.676891;0.0;245.635986328125;1;38;ADV_IND;36;-59.0;368.0;4.632845515402531e-13;0.00046328455154025314;2.1876277059099698e-10;0.218762770590997
222;Appareil_001;00112233-4455-6677-8899-aabbccddeeff;4b:9c:4c:e8:b6:be;1784758526.700465;1784758526.700465;0.0;23.573875427246094;1;39;ADV_IND;36;-55.0;368.0;1.1637181789419635e-12;0.0011637181789419635;2.1992648876993894e-10;0.21992648876993895
223;Appareil_001;00112233-4455-6677-8899-aabbccddeeff;4b:9c:4c:e8:b6:be;1784758526.953245;1784758526.955793;2.5479793548583984;252.77996063232422;2;38,39;ADV_IND;36;-56.5;736.0;1.7469588737676522e-12;0.0017469588737676523;2.2167344764370658e-10;0.22167344764370658
224;Appareil_001;00112233-4455-6677-8899-aabbccddeeff;4b:9c:4c:e8:b6:be;1784758527.234498;1784758527.245858;11.359930038452148;281.2530994415283;2;38,39;ADV_IND;36;-56.5;736.0;1.7469588737676522e-12;0.0017469588737676523;2.2342040651747422e-10;0.22342040651747422
225;Appareil_001;00112233-4455-6677-8899-aabbccddeeff;4b:9c:4c:e8:b6:be;1784758527.5108;1784758527.511821;1.0211467742919922;276.3018608093262;2;38,39;ADV_IND;36;-56.0;736.0;2.0482750824625575e-12;0.0020482750824625576;2.2546868159993678e-10;0.22546868159993677
226;Appareil_001;00112233-4455-6677-8899-aabbccddeeff;4b:9c:4c:e8:b6:be;1784758527.802758;1784758527.802758;0.0;291.9580936431885;1;38;ADV_IND;36;-58.0;368.0;5.832406948256888e-13;0.0005832406948256888;2.2605192229476247e-10;0.22605192229476248
227;Appareil_001;00112233-4455-6677-8899-aabbccddeeff;4b:9c:4c:e8:b6:be;1784758527.835275;1784758527.835275;0.0;32.5169563293457;1;39;ADV_IND;36;-55.0;368.0;1.1637181789419635e-12;0.0011637181789419635;2.2721564047370442e-10;0.22721564047370443
228;Appareil_001;00112233-4455-6677-8899-aabbccddeeff;4b:9c:4c:e8:b6:be;1784758528.099996;1784758528.099996;0.0;264.721155166626;1;38;ADV_IND;36;-58.0;368.0;5.832406948256888e-13;0.0005832406948256888;2.277988811685301e-10;0.22779888116853012
229;Appareil_001;00112233-4455-6677-8899-aabbccddeeff;4b:9c:4c:e8:b6:be;1784758528.130078;1784758528.130078;0.0;30.081987380981445;1;39;ADV_IND;36;-54.0;368.0;1.4650343876368687e-12;0.0014650343876368686;2.29263915556167e-10;0.229263915556167
230;Appareil_001;00112233-4455-6677-8899-aabbccddeeff;4b:9c:4c:e8:b6:be;1784758528.397082;1784758528.413686;16.603946685791016;267.00401306152344;2;38,39;ADV_IND;36;-56.5;736.0;1.7469588737676522e-12;0.0017469588737676523;2.3101087442993463e-10;0.23101087442993462
231;Appareil_001;00112233-4455-6677-8899-aabbccddeeff;4b:9c:4c:e8:b6:be;1784758528.718868;1784758528.718868;0.0;321.78592681884766;1;38;ADV_IND;36;-58.0;368.0;5.832406948256888e-13;0.0005832406948256888;2.3159411512476032e-10;0.23159411512476033
232;Appareil_001;00112233-4455-6677-8899-aabbccddeeff;4b:9c:4c:e8:b6:be;1784758528.746685;1784758528.746685;0.0;27.8170108795166;1;39;ADV_IND;36;-55.0;368.0;1.1637181789419635e-12;0.0011637181789419635;2.3275783330370227e-10;0.23275783330370228
233;Appareil_001;00112233-4455-6677-8899-aabbccddeeff;4b:9c:4c:e8:b6:be;1784758528.956163;1784758528.97288;16.716957092285156;209.47790145874023;2;38,39;ADV_IND;36;-56.5;736.0;1.7469588737676522e-12;0.0017469588737676523;2.3450479217746994e-10;0.23450479217746995
234;Appareil_001;00112233-4455-6677-8899-aabbccddeeff;4b:9c:4c:e8:b6:be;1784758529.250349;1784758529.250349;0.0;294.1861152648926;1;38;ADV_IND;36;-58.0;368.0;5.832406948256888e-13;0.0005832406948256888;2.350880328722956e-10;0.23508803287229563
235;Appareil_001;00112233-4455-6677-8899-aabbccddeeff;4b:9c:4c:e8:b6:be;1784758529.283782;1784758529.283782;0.0;33.432960510253906;1;39;ADV_IND;36;-55.0;368.0;1.1637181789419635e-12;0.0011637181789419635;2.362517510512376e-10;0.2362517510512376
236;Appareil_001;00112233-4455-6677-8899-aabbccddeeff;4b:9c:4c:e8:b6:be;1784758529.540047;1784758529.540047;0.0;256.26492500305176;1;39;ADV_IND;36;-55.0;368.0;1.1637181789419635e-12;0.0011637181789419635;2.374154692301796e-10;0.2374154692301796
237;Appareil_001;00112233-4455-6677-8899-aabbccddeeff;4b:9c:4c:e8:b6:be;1784758529.812348;1784758529.812348;0.0;272.30095863342285;1;38;ADV_IND;36;-58.0;368.0;5.832406948256888e-13;0.0005832406948256888;2.3799870992500527e-10;0.23799870992500527
238;Appareil_001;00112233-4455-6677-8899-aabbccddeeff;4b:9c:4c:e8:b6:be;1784758529.849866;1784758529.849866;0.0;37.51802444458008;1;39;ADV_IND;36;-55.0;368.0;1.1637181789419635e-12;0.0011637181789419635;2.3916242810394725e-10;0.23916242810394725
239;Appareil_001;00112233-4455-6677-8899-aabbccddeeff;4b:9c:4c:e8:b6:be;1784758530.068153;1784758530.069964;1.8110275268554688;218.28699111938477;2;38,39;ADV_IND;36;-56.5;736.0;1.7469588737676522e-12;0.0017469588737676523;2.409093869777149e-10;0.2409093869777149
240;Appareil_001;00112233-4455-6677-8899-aabbccddeeff;4b:9c:4c:e8:b6:be;1784758530.367985;1784758530.367985;0.0;299.8321056365967;1;37;ADV_IND;36;-55.0;368.0;1.1637181789419635e-12;0.0011637181789419635;2.420731051566569e-10;0.2420731051566569
241;Appareil_001;00112233-4455-6677-8899-aabbccddeeff;4b:9c:4c:e8:b6:be;1784758530.408059;1784758530.417946;9.887218475341797;40.07387161254883;2;38,39;ADV_IND;36;-56.0;736.0;2.0482750824625575e-12;0.0020482750824625576;2.4412138023911943e-10;0.24412138023911945
242;Appareil_001;00112233-4455-6677-8899-aabbccddeeff;4b:9c:4c:e8:b6:be;1784758530.661114;1784758530.661114;0.0;253.05509567260742;1;37;ADV_IND;36;-55.0;368.0;1.1637181789419635e-12;0.0011637181789419635;2.452850984180614e-10;0.24528509841806143
243;Appareil_001;00112233-4455-6677-8899-aabbccddeeff;4b:9c:4c:e8:b6:be;1784758530.697194;1784758530.698713;1.5189647674560547;36.080121994018555;2;38,39;ADV_IND;36;-56.0;736.0;2.0482750824625575e-12;0.0020482750824625576;2.4733337350052395e-10;0.24733337350052395
244;Appareil_001;00112233-4455-6677-8899-aabbccddeeff;4b:9c:4c:e8:b6:be;1784758530.935124;1784758530.935124;0.0;237.9298210144043;1;38;ADV_IND;36;-58.0;368.0;5.832406948256888e-13;0.0005832406948256888;2.4791661419534964e-10;0.24791661419534963
245;Appareil_001;00112233-4455-6677-8899-aabbccddeeff;4b:9c:4c:e8:b6:be;1784758530.961709;1784758530.961709;0.0;26.585102081298828;1;39;ADV_IND;36;-55.0;368.0;1.1637181789419635e-12;0.0011637181789419635;2.490803323742916e-10;0.2490803323742916
246;Appareil_001;00112233-4455-6677-8899-aabbccddeeff;4b:9c:4c:e8:b6:be;1784758531.226827;1784758531.226827;0.0;265.117883682251;1;38;ADV_IND;36;-58.0;368.0;5.832406948256888e-13;0.0005832406948256888;2.496635730691173e-10;0.2496635730691173
247;Appareil_001;00112233-4455-6677-8899-aabbccddeeff;4b:9c:4c:e8:b6:be;1784758531.258801;1784758531.258801;0.0;31.974077224731445;1;39;ADV_IND;36;-55.0;368.0;1.1637181789419635e-12;0.0011637181789419635;2.508272912480593e-10;0.2508272912480593
248;Appareil_001;00112233-4455-6677-8899-aabbccddeeff;4b:9c:4c:e8:b6:be;1784758531.513829;1784758531.513829;0.0;255.02800941467285;1;38;ADV_IND;36;-58.0;368.0;5.832406948256888e-13;0.0005832406948256888;2.5141053194288497e-10;0.251410531942885
249;Appareil_001;00112233-4455-6677-8899-aabbccddeeff;4b:9c:4c:e8:b6:be;1784758531.550497;1784758531.550497;0.0;36.66806221008301;1;39;ADV_IND;36;-55.0;368.0;1.1637181789419635e-12;0.0011637181789419635;2.5257425012182695e-10;0.25257425012182694
250;Appareil_001;00112233-4455-6677-8899-aabbccddeeff;4b:9c:4c:e8:b6:be;1784758531.792776;1784758531.792776;0.0;242.279052734375;1;38;ADV_IND;36;-58.0;368.0;5.832406948256888e-13;0.0005832406948256888;2.5315749081665264e-10;0.2531574908166526
251;Appareil_001;00112233-4455-6677-8899-aabbccddeeff;4b:9c:4c:e8:b6:be;1784758531.819107;1784758531.819107;0.0;26.330947875976562;1;39;ADV_IND;36;-55.0;368.0;1.1637181789419635e-12;0.0011637181789419635;2.543212089955946e-10;0.2543212089955946
252;Appareil_001;00112233-4455-6677-8899-aabbccddeeff;4b:9c:4c:e8:b6:be;1784758532.111944;1784758532.111944;0.0;292.83690452575684;1;39;ADV_IND;36;-55.0;368.0;1.1637181789419635e-12;0.0011637181789419635;2.554849271745366e-10;0.2554849271745366
253;Appareil_001;00112233-4455-6677-8899-aabbccddeeff;4b:9c:4c:e8:b6:be;1784758532.362118;1784758532.386534;24.415969848632812;250.17404556274414;3;37,38,39;ADV_IND;36;-56.0;1104.0;2.9106770527096157e-12;0.0029106770527096157;2.583956042272462e-10;0.25839560422724617
254;Appareil_001;00112233-4455-6677-8899-aabbccddeeff;4b:9c:4c:e8:b6:be;1784758532.677504;1784758532.694224;16.720056533813477;315.3860569000244;2;38,39;ADV_IND;36;-56.5;736.0;1.7469588737676522e-12;0.0017469588737676523;2.6014256310101385e-10;0.26014256310101386
255;Appareil_001;00112233-4455-6677-8899-aabbccddeeff;4b:9c:4c:e8:b6:be;1784758532.957389;1784758532.957389;0.0;279.88505363464355;1;38;ADV_IND;36;-58.0;368.0;5.832406948256888e-13;0.0005832406948256888;2.6072580379583954e-10;0.26072580379583954
256;Appareil_001;00112233-4455-6677-8899-aabbccddeeff;4b:9c:4c:e8:b6:be;1784758532.980427;1784758532.980427;0.0;23.03791046142578;1;39;ADV_IND;36;-55.0;368.0;1.1637181789419635e-12;0.0011637181789419635;2.618895219747815e-10;0.26188952197478155
257;Appareil_001;00112233-4455-6677-8899-aabbccddeeff;4b:9c:4c:e8:b6:be;1784758533.229084;1784758533.231442;2.357959747314453;248.6569881439209;2;38,39;ADV_IND;36;-56.0;736.0;2.0482750824625575e-12;0.0020482750824625576;2.6393779705724406e-10;0.2639377970572441
258;Appareil_001;00112233-4455-6677-8899-aabbccddeeff;4b:9c:4c:e8:b6:be;1784758533.517205;1784758533.517205;0.0;288.12098503112793;1;38;ADV_IND;36;-58.0;368.0;5.832406948256888e-13;0.0005832406948256888;2.6452103775206975e-10;0.26452103775206975
259;Appareil_001;00112233-4455-6677-8899-aabbccddeeff;4b:9c:4c:e8:b6:be;1784758533.539002;1784758533.539002;0.0;21.79694175720215;1;39;ADV_IND;36;-55.0;368.0;1.1637181789419635e-12;0.0011637181789419635;2.6568475593101173e-10;0.2656847559310117
260;Appareil_001;00112233-4455-6677-8899-aabbccddeeff;4b:9c:4c:e8:b6:be;1784758533.829805;1784758533.829805;0.0;290.8029556274414;1;38;ADV_IND;36;-58.0;368.0;5.832406948256888e-13;0.0005832406948256888;2.662679966258374e-10;0.2662679966258374
261;Appareil_001;00112233-4455-6677-8899-aabbccddeeff;4b:9c:4c:e8:b6:be;1784758533.857398;1784758533.857398;0.0;27.593135833740234;1;39;ADV_IND;36;-54.0;368.0;1.4650343876368687e-12;0.0014650343876368686;2.6773303101347427e-10;0.2677330310134743
262;Appareil_001;00112233-4455-6677-8899-aabbccddeeff;4b:9c:4c:e8:b6:be;1784758534.117371;1784758534.117371;0.0;259.97304916381836;1;38;ADV_IND;36;-58.0;368.0;5.832406948256888e-13;0.0005832406948256888;2.6831627170829996e-10;0.26831627170829997
263;Appareil_001;00112233-4455-6677-8899-aabbccddeeff;4b:9c:4c:e8:b6:be;1784758534.145166;1784758534.145166;0.0;27.794837951660156;1;39;ADV_IND;36;-55.0;368.0;1.1637181789419635e-12;0.0011637181789419635;2.6947998988724193e-10;0.2694799898872419
264;Appareil_001;00112233-4455-6677-8899-aabbccddeeff;4b:9c:4c:e8:b6:be;1784758534.397807;1784758534.397807;0.0;252.640962600708;1;37;ADV_IND;36;-55.0;368.0;1.1637181789419635e-12;0.0011637181789419635;2.706437080661839e-10;0.27064370806618393
265;Appareil_001;00112233-4455-6677-8899-aabbccddeeff;4b:9c:4c:e8:b6:be;1784758534.435325;1784758534.435325;0.0;37.51802444458008;1;38;ADV_IND;36;-58.0;368.0;5.832406948256888e-13;0.0005832406948256888;2.712269487610096e-10;0.2712269487610096
266;Appareil_001;00112233-4455-6677-8899-aabbccddeeff;4b:9c:4c:e8:b6:be;1784758534.457531;1784758534.457531;0.0;22.20606803894043;1;39;ADV_IND;36;-55.0;368.0;1.1637181789419635e-12;0.0011637181789419635;2.723906669399516e-10;0.27239066693995156
267;Appareil_001;00112233-4455-6677-8899-aabbccddeeff;4b:9c:4c:e8:b6:be;1784758534.687407;1784758534.705346;17.939090728759766;229.87604141235352;2;38,39;ADV_IND;36;-56.5;736.0;1.7469588737676522e-12;0.0017469588737676523;2.7413762581371925e-10;0.27413762581371925
268;Appareil_001;00112233-4455-6677-8899-aabbccddeeff;4b:9c:4c:e8:b6:be;1784758534.968039;1784758534.968039;0.0;280.63201904296875;1;38;ADV_IND;36;-58.0;368.0;5.832406948256888e-13;0.0005832406948256888;2.7472086650854493e-10;0.27472086650854494
269;Appareil_001;00112233-4455-6677-8899-aabbccddeeff;4b:9c:4c:e8:b6:be;1784758534.994602;1784758534.994602;0.0;26.562929153442383;1;39;ADV_IND;36;-55.0;368.0;1.1637181789419635e-12;0.0011637181789419635;2.758845846874869e-10;0.2758845846874869
270;Appareil_001;00112233-4455-6677-8899-aabbccddeeff;4b:9c:4c:e8:b6:be;1784758535.242389;1784758535.242389;0.0;247.7869987487793;1;38;ADV_IND;36;-58.0;368.0;5.832406948256888e-13;0.0005832406948256888;2.764678253823126e-10;0.27646782538231257
271;Appareil_001;00112233-4455-6677-8899-aabbccddeeff;4b:9c:4c:e8:b6:be;1784758535.263918;1784758535.263918;0.0;21.528959274291992;1;39;ADV_IND;36;-55.0;368.0;1.1637181789419635e-12;0.0011637181789419635;2.776315435612546e-10;0.2776315435612546
272;Appareil_001;00112233-4455-6677-8899-aabbccddeeff;4b:9c:4c:e8:b6:be;1784758535.529309;1784758535.529309;0.0;265.39111137390137;1;38;ADV_IND;36;-58.0;368.0;5.832406948256888e-13;0.0005832406948256888;2.7821478425608026e-10;0.27821478425608026
273;Appareil_001;00112233-4455-6677-8899-aabbccddeeff;4b:9c:4c:e8:b6:be;1784758535.560817;1784758535.560817;0.0;31.50796890258789;1;39;ADV_IND;36;-55.0;368.0;1.1637181789419635e-12;0.0011637181789419635;2.7937850243502224e-10;0.27937850243502227
274;Appareil_001;00112233-4455-6677-8899-aabbccddeeff;4b:9c:4c:e8:b6:be;1784758535.829636;1784758535.829636;0.0;268.81909370422363;1;38;ADV_IND;36;-58.0;368.0;5.832406948256888e-13;0.0005832406948256888;2.7996174312984793e-10;0.27996174312984795
275;Appareil_001;00112233-4455-6677-8899-aabbccddeeff;4b:9c:4c:e8:b6:be;1784758535.861873;1784758535.861873;0.0;32.23681449890137;1;39;ADV_IND;36;-55.0;368.0;1.1637181789419635e-12;0.0011637181789419635;2.811254613087899e-10;0.2811254613087899
276;Appareil_001;00112233-4455-6677-8899-aabbccddeeff;4b:9c:4c:e8:b6:be;1784758536.118527;1784758536.118527;0.0;256.6540241241455;1;38;ADV_IND;36;-58.0;368.0;5.832406948256888e-13;0.0005832406948256888;2.817087020036156e-10;0.2817087020036156
277;Appareil_001;00112233-4455-6677-8899-aabbccddeeff;4b:9c:4c:e8:b6:be;1784758536.150569;1784758536.150569;0.0;32.04202651977539;1;39;ADV_IND;36;-55.0;368.0;1.1637181789419635e-12;0.0011637181789419635;2.828724201825576e-10;0.2828724201825576
278;Appareil_001;00112233-4455-6677-8899-aabbccddeeff;4b:9c:4c:e8:b6:be;1784758536.404788;1784758536.421439;16.650915145874023;254.21905517578125;2;38,39;ADV_IND;36;-56.0;736.0;2.0482750824625575e-12;0.0020482750824625576;2.849206952650201e-10;0.2849206952650201
279;Appareil_001;00112233-4455-6677-8899-aabbccddeeff;4b:9c:4c:e8:b6:be;1784758536.692005;1784758536.692005;0.0;287.2169017791748;1;38;ADV_IND;36;-59.0;368.0;4.632845515402531e-13;0.00046328455154025314;2.853839798165604e-10;0.2853839798165604
280;Appareil_001;00112233-4455-6677-8899-aabbccddeeff;4b:9c:4c:e8:b6:be;1784758536.724628;1784758536.724628;0.0;32.6230525970459;1;39;ADV_IND;36;-55.0;368.0;1.1637181789419635e-12;0.0011637181789419635;2.8654769799550237e-10;0.2865476979955024
281;Appareil_001;00112233-4455-6677-8899-aabbccddeeff;4b:9c:4c:e8:b6:be;1784758536.978331;1784758536.978331;0.0;253.70311737060547;1;38;ADV_IND;36;-58.0;368.0;5.832406948256888e-13;0.0005832406948256888;2.8713093869032806e-10;0.2871309386903281
282;Appareil_001;00112233-4455-6677-8899-aabbccddeeff;4b:9c:4c:e8:b6:be;1784758537.009728;1784758537.009728;0.0;31.396865844726562;1;39;ADV_IND;36;-55.0;368.0;1.1637181789419635e-12;0.0011637181789419635;2.8829465686927004e-10;0.28829465686927
283;Appareil_001;00112233-4455-6677-8899-aabbccddeeff;4b:9c:4c:e8:b6:be;1784758537.260538;1784758537.260538;0.0;250.8101463317871;1;38;ADV_IND;36;-58.0;368.0;5.832406948256888e-13;0.0005832406948256888;2.888778975640957e-10;0.2888778975640957
284;Appareil_001;00112233-4455-6677-8899-aabbccddeeff;4b:9c:4c:e8:b6:be;1784758537.297222;1784758537.297222;0.0;36.68379783630371;1;39;ADV_IND;36;-55.0;368.0;1.1637181789419635e-12;0.0011637181789419635;2.900416157430377e-10;0.2900416157430377
285;Appareil_001;00112233-4455-6677-8899-aabbccddeeff;4b:9c:4c:e8:b6:be;1784758537.540699;1784758537.540699;0.0;243.47710609436035;1;38;ADV_IND;36;-58.0;368.0;5.832406948256888e-13;0.0005832406948256888;2.906248564378634e-10;0.2906248564378634
286;Appareil_001;00112233-4455-6677-8899-aabbccddeeff;4b:9c:4c:e8:b6:be;1784758537.563379;1784758537.563379;0.0;22.680044174194336;1;39;ADV_IND;36;-55.0;368.0;1.1637181789419635e-12;0.0011637181789419635;2.9178857461680537e-10;0.29178857461680535
287;Appareil_001;00112233-4455-6677-8899-aabbccddeeff;4b:9c:4c:e8:b6:be;1784758537.815558;1784758537.815558;0.0;252.17890739440918;1;38;ADV_IND;36;-59.0;368.0;4.632845515402531e-13;0.00046328455154025314;2.9225185916834565e-10;0.2922518591683456
288;Appareil_001;00112233-4455-6677-8899-aabbccddeeff;4b:9c:4c:e8:b6:be;1784758537.847017;1784758537.847017;0.0;31.45909309387207;1;39;ADV_IND;36;-55.0;368.0;1.1637181789419635e-12;0.0011637181789419635;2.934155773472876e-10;0.2934155773472876
289;Appareil_001;00112233-4455-6677-8899-aabbccddeeff;4b:9c:4c:e8:b6:be;1784758538.100517;1784758538.100517;0.0;253.49998474121094;1;38;ADV_IND;36;-58.0;368.0;5.832406948256888e-13;0.0005832406948256888;2.939988180421133e-10;0.2939988180421133
290;Appareil_001;00112233-4455-6677-8899-aabbccddeeff;4b:9c:4c:e8:b6:be;1784758538.131934;1784758538.131934;0.0;31.416893005371094;1;39;ADV_IND;36;-55.0;368.0;1.1637181789419635e-12;0.0011637181789419635;2.951625362210553e-10;0.2951625362210553
291;Appareil_001;00112233-4455-6677-8899-aabbccddeeff;4b:9c:4c:e8:b6:be;1784758538.413769;1784758538.413769;0.0;281.83507919311523;1;37;ADV_IND;36;-54.0;368.0;1.4650343876368687e-12;0.0014650343876368686;2.9662757060869214e-10;0.29662757060869216
292;Appareil_001;00112233-4455-6677-8899-aabbccddeeff;4b:9c:4c:e8:b6:be;1784758538.443192;1784758538.460783;17.590999603271484;29.422998428344727;2;38,39;ADV_IND;36;-56.0;736.0;2.0482750824625575e-12;0.0020482750824625576;2.986758456911547e-10;0.2986758456911547
293;Appareil_001;00112233-4455-6677-8899-aabbccddeeff;4b:9c:4c:e8:b6:be;1784758538.664915;1784758538.664915;0.0;221.72307968139648;1;39;ADV_IND;36;-55.0;368.0;1.1637181789419635e-12;0.0011637181789419635;2.9983956387009666e-10;0.29983956387009664
294;Appareil_001;00112233-4455-6677-8899-aabbccddeeff;4b:9c:4c:e8:b6:be;1784758538.948935;1784758538.948935;0.0;284.01994705200195;1;38;ADV_IND;36;-58.0;368.0;5.832406948256888e-13;0.0005832406948256888;3.0042280456492235e-10;0.3004228045649224
295;Appareil_001;00112233-4455-6677-8899-aabbccddeeff;4b:9c:4c:e8:b6:be;1784758538.980389;1784758538.980389;0.0;31.454086303710938;1;39;ADV_IND;36;-54.0;368.0;1.4650343876368687e-12;0.0014650343876368686;3.018878389525592e-10;0.3018878389525592
296;Appareil_001;00112233-4455-6677-8899-aabbccddeeff;4b:9c:4c:e8:b6:be;1784758539.255011;1784758539.255011;0.0;274.62196350097656;1;38;ADV_IND;36;-58.0;368.0;5.832406948256888e-13;0.0005832406948256888;3.024710796473849e-10;0.3024710796473849
297;Appareil_001;00112233-4455-6677-8899-aabbccddeeff;4b:9c:4c:e8:b6:be;1784758539.291657;1784758539.291657;0.0;36.64588928222656;1;39;ADV_IND;36;-55.0;368.0;1.1637181789419635e-12;0.0011637181789419635;3.0363479782632687e-10;0.30363479782632685
298;Appareil_001;00112233-4455-6677-8899-aabbccddeeff;4b:9c:4c:e8:b6:be;1784758539.537539;1784758539.537539;0.0;245.8820343017578;1;37;ADV_IND;36;-54.0;368.0;1.4650343876368687e-12;0.0014650343876368686;3.050998322139637e-10;0.30509983221396375
299;Appareil_001;00112233-4455-6677-8899-aabbccddeeff;4b:9c:4c:e8:b6:be;1784758539.569638;1784758539.569638;0.0;32.099008560180664;1;38;ADV_IND;36;-58.0;368.0;5.832406948256888e-13;0.0005832406948256888;3.056830729087894e-10;0.30568307290878943
300;Appareil_001;00112233-4455-6677-8899-aabbccddeeff;4b:9c:4c:e8:b6:be;1784758539.591981;1784758539.591981;0.0;22.342920303344727;1;39;ADV_IND;36;-55.0;368.0;1.1637181789419635e-12;0.0011637181789419635;3.068467910877314e-10;0.3068467910877314
301;Appareil_001;00112233-4455-6677-8899-aabbccddeeff;4b:9c:4c:e8:b6:be;1784758539.826254;1784758539.826254;0.0;234.27295684814453;1;38;ADV_IND;36;-59.0;368.0;4.632845515402531e-13;0.00046328455154025314;3.0731007563927167e-10;0.30731007563927165
302;Appareil_001;00112233-4455-6677-8899-aabbccddeeff;4b:9c:4c:e8:b6:be;1784758539.858593;1784758539.858593;0.0;32.33909606933594;1;39;ADV_IND;36;-54.0;368.0;1.4650343876368687e-12;0.0014650343876368686;3.087751100269085e-10;0.3087751100269085
303;Appareil_001;00112233-4455-6677-8899-aabbccddeeff;4b:9c:4c:e8:b6:be;1784758540.119647;1784758540.119647;0.0;261.05403900146484;1;38;ADV_IND;36;-58.0;368.0;5.832406948256888e-13;0.0005832406948256888;3.093583507217342e-10;0.30935835072173423
304;Appareil_001;00112233-4455-6677-8899-aabbccddeeff;4b:9c:4c:e8:b6:be;1784758540.146112;1784758540.146112;0.0;26.46493911743164;1;39;ADV_IND;36;-55.0;368.0;1.1637181789419635e-12;0.0011637181789419635;3.105220689006762e-10;0.3105220689006762
305;Appareil_001;00112233-4455-6677-8899-aabbccddeeff;4b:9c:4c:e8:b6:be;1784758540.403243;1784758540.403243;0.0;257.13109970092773;1;37;ADV_IND;36;-55.0;368.0;1.1637181789419635e-12;0.0011637181789419635;3.1168578707961817e-10;0.3116857870796182
306;Appareil_001;00112233-4455-6677-8899-aabbccddeeff;4b:9c:4c:e8:b6:be;1784758540.44038;1784758540.44038;0.0;37.13703155517578;1;38;ADV_IND;36;-59.0;368.0;4.632845515402531e-13;0.00046328455154025314;3.1214907163115844e-10;0.31214907163115846
307;Appareil_001;00112233-4455-6677-8899-aabbccddeeff;4b:9c:4c:e8:b6:be;1784758540.469452;1784758540.469452;0.0;29.071807861328125;1;39;ADV_IND;36;-54.0;368.0;1.4650343876368687e-12;0.0014650343876368686;3.136141060187953e-10;0.3136141060187953
308;Appareil_001;00112233-4455-6677-8899-aabbccddeeff;4b:9c:4c:e8:b6:be;1784758540.704148;1784758540.704148;0.0;234.6961498260498;1;38;ADV_IND;36;-58.0;368.0;5.832406948256888e-13;0.0005832406948256888;3.14197346713621e-10;0.314197346713621
309;Appareil_001;00112233-4455-6677-8899-aabbccddeeff;4b:9c:4c:e8:b6:be;1784758540.732616;1784758540.732616;0.0;28.467893600463867;1;39;ADV_IND;36;-55.0;368.0;1.1637181789419635e-12;0.0011637181789419635;3.1536106489256296e-10;0.31536106489256294
310;Appareil_001;00112233-4455-6677-8899-aabbccddeeff;4b:9c:4c:e8:b6:be;1784758540.990434;1784758540.990434;0.0;257.81798362731934;1;38;ADV_IND;36;-58.0;368.0;5.832406948256888e-13;0.0005832406948256888;3.1594430558738865e-10;0.3159443055873887
311;Appareil_001;00112233-4455-6677-8899-aabbccddeeff;4b:9c:4c:e8:b6:be;1784758541.017383;1784758541.017383;0.0;26.949167251586914;1;39;ADV_IND;36;-55.0;368.0;1.1637181789419635e-12;0.0011637181789419635;3.1710802376633063e-10;0.3171080237663306
312;Appareil_001;00112233-4455-6677-8899-aabbccddeeff;4b:9c:4c:e8:b6:be;1784758541.244743;1784758541.244743;0.0;227.36001014709473;1;38;ADV_IND;36;-56.0;368.0;9.24374206795526e-13;0.0009243742067955261;3.1803239797312613e-10;0.31803239797312616
313;Appareil_001;00112233-4455-6677-8899-aabbccddeeff;4b:9c:4c:e8:b6:be;1784758541.271237;1784758541.271237;0.0;26.49378776550293;1;39;ADV_IND;36;-55.0;368.0;1.1637181789419635e-12;0.0011637181789419635;3.191961161520681e-10;0.3191961161520681
314;Appareil_001;00112233-4455-6677-8899-aabbccddeeff;4b:9c:4c:e8:b6:be;1784758541.535399;1784758541.535399;0.0;264.1620635986328;1;38;ADV_IND;36;-56.0;368.0;9.24374206795526e-13;0.0009243742067955261;3.201204903588636e-10;0.3201204903588636
315;Appareil_001;00112233-4455-6677-8899-aabbccddeeff;4b:9c:4c:e8:b6:be;1784758541.561834;1784758541.561834;0.0;26.435136795043945;1;39;ADV_IND;36;-55.0;368.0;1.1637181789419635e-12;0.0011637181789419635;3.212842085378056e-10;0.3212842085378056
316;Appareil_001;00112233-4455-6677-8899-aabbccddeeff;4b:9c:4c:e8:b6:be;1784758541.837267;1784758541.837267;0.0;275.432825088501;1;38;ADV_IND;36;-57.0;368.0;7.342565319085488e-13;0.0007342565319085489;3.2201846506971414e-10;0.32201846506971415
317;Appareil_001;00112233-4455-6677-8899-aabbccddeeff;4b:9c:4c:e8:b6:be;1784758541.880487;1784758541.880487;0.0;43.22004318237305;1;39;ADV_IND;36;-55.0;368.0;1.1637181789419635e-12;0.0011637181789419635;3.231821832486561e-10;0.3231821832486561
318;Appareil_001;00112233-4455-6677-8899-aabbccddeeff;4b:9c:4c:e8:b6:be;1784758542.121258;1784758542.121258;0.0;240.77105522155762;1;38;ADV_IND;36;-57.0;368.0;7.342565319085488e-13;0.0007342565319085489;3.2391643978056467e-10;0.32391643978056467
319;Appareil_001;00112233-4455-6677-8899-aabbccddeeff;4b:9c:4c:e8:b6:be;1784758542.147518;1784758542.147518;0.0;26.259899139404297;1;39;ADV_IND;36;-55.0;368.0;1.1637181789419635e-12;0.0011637181789419635;3.2508015795950664e-10;0.3250801579595066
320;Appareil_001;00112233-4455-6677-8899-aabbccddeeff;4b:9c:4c:e8:b6:be;1784758542.406539;1784758542.406539;0.0;259.0210437774658;1;38;ADV_IND;36;-58.0;368.0;5.832406948256888e-13;0.0005832406948256888;3.2566339865433233e-10;0.32566339865433236
321;Appareil_001;00112233-4455-6677-8899-aabbccddeeff;4b:9c:4c:e8:b6:be;1784758542.443202;1784758542.443202;0.0;36.663055419921875;1;39;ADV_IND;36;-55.0;368.0;1.1637181789419635e-12;0.0011637181789419635;3.268271168332743e-10;0.3268271168332743
322;Appareil_001;00112233-4455-6677-8899-aabbccddeeff;4b:9c:4c:e8:b6:be;1784758542.713675;1784758542.713675;0.0;270.4730033874512;1;38;ADV_IND;36;-60.0;368.0;3.68e-13;0.000368;3.271951168332743e-10;0.3271951168332743
323;Appareil_001;00112233-4455-6677-8899-aabbccddeeff;4b:9c:4c:e8:b6:be;1784758542.737833;1784758542.737833;0.0;24.158000946044922;1;39;ADV_IND;36;-55.0;368.0;1.1637181789419635e-12;0.0011637181789419635;3.283588350122163e-10;0.3283588350122163
324;Appareil_001;00112233-4455-6677-8899-aabbccddeeff;4b:9c:4c:e8:b6:be;1784758543.004564;1784758543.004564;0.0;266.73102378845215;1;38;ADV_IND;36;-58.0;368.0;5.832406948256888e-13;0.0005832406948256888;3.28942075707042e-10;0.328942075707042
325;Appareil_001;00112233-4455-6677-8899-aabbccddeeff;4b:9c:4c:e8:b6:be;1784758543.041153;1784758543.041153;0.0;36.58890724182129;1;39;ADV_IND;36;-55.0;368.0;1.1637181789419635e-12;0.0011637181789419635;3.3010579388598396e-10;0.33010579388598393
326;Appareil_001;00112233-4455-6677-8899-aabbccddeeff;4b:9c:4c:e8:b6:be;1784758543.267776;1784758543.267776;0.0;226.6230583190918;1;38;ADV_IND;36;-58.0;368.0;5.832406948256888e-13;0.0005832406948256888;3.3068903458080964e-10;0.33068903458080967
327;Appareil_001;00112233-4455-6677-8899-aabbccddeeff;4b:9c:4c:e8:b6:be;1784758543.299995;1784758543.299995;0.0;32.21893310546875;1;39;ADV_IND;36;-55.0;368.0;1.1637181789419635e-12;0.0011637181789419635;3.318527527597516e-10;0.3318527527597516
328;Appareil_001;00112233-4455-6677-8899-aabbccddeeff;4b:9c:4c:e8:b6:be;1784758543.558005;1784758543.558005;0.0;258.0101490020752;1;37;ADV_IND;36;-55.0;368.0;1.1637181789419635e-12;0.0011637181789419635;3.330164709386936e-10;0.3330164709386936
329;Appareil_001;00112233-4455-6677-8899-aabbccddeeff;4b:9c:4c:e8:b6:be;1784758543.591896;1784758543.591896;0.0;33.89096260070801;1;38;ADV_IND;36;-57.0;368.0;7.342565319085488e-13;0.0007342565319085489;3.3375072747060215e-10;0.33375072747060214
330;Appareil_001;00112233-4455-6677-8899-aabbccddeeff;4b:9c:4c:e8:b6:be;1784758543.613937;1784758543.613937;0.0;22.040843963623047;1;39;ADV_IND;36;-55.0;368.0;1.1637181789419635e-12;0.0011637181789419635;3.3491444564954413e-10;0.33491444564954415
331;Appareil_001;00112233-4455-6677-8899-aabbccddeeff;4b:9c:4c:e8:b6:be;1784758543.833792;1784758543.833792;0.0;219.85507011413574;1;37;ADV_IND;36;-54.0;368.0;1.4650343876368687e-12;0.0014650343876368686;3.36379480037181e-10;0.336379480037181
332;Appareil_001;00112233-4455-6677-8899-aabbccddeeff;4b:9c:4c:e8:b6:be;1784758543.860433;1784758543.860433;0.0;26.641130447387695;1;38;ADV_IND;36;-58.0;368.0;5.832406948256888e-13;0.0005832406948256888;3.3696272073200667e-10;0.33696272073200667
333;Appareil_001;00112233-4455-6677-8899-aabbccddeeff;4b:9c:4c:e8:b6:be;1784758543.887965;1784758543.887965;0.0;27.531862258911133;1;39;ADV_IND;36;-55.0;368.0;1.1637181789419635e-12;0.0011637181789419635;3.3812643891094865e-10;0.3381264389109486
334;Appareil_001;00112233-4455-6677-8899-aabbccddeeff;4b:9c:4c:e8:b6:be;1784758544.124;1784758544.124;0.0;236.03510856628418;1;38;ADV_IND;36;-57.0;368.0;7.342565319085488e-13;0.0007342565319085489;3.388606954428572e-10;0.3388606954428572
335;Appareil_001;00112233-4455-6677-8899-aabbccddeeff;4b:9c:4c:e8:b6:be;1784758544.155508;1784758544.155508;0.0;31.50796890258789;1;39;ADV_IND;36;-55.0;368.0;1.1637181789419635e-12;0.0011637181789419635;3.400244136217992e-10;0.3400244136217992
336;Appareil_001;00112233-4455-6677-8899-aabbccddeeff;4b:9c:4c:e8:b6:be;1784758544.421059;1784758544.421059;0.0;265.5508518218994;1;37;ADV_IND;36;-55.0;368.0;1.1637181789419635e-12;0.0011637181789419635;3.4118813180074115e-10;0.34118813180074115
337;Appareil_001;00112233-4455-6677-8899-aabbccddeeff;4b:9c:4c:e8:b6:be;1784758544.458753;1784758544.458753;0.0;37.69421577453613;1;38;ADV_IND;36;-57.0;368.0;7.342565319085488e-13;0.0007342565319085489;3.419223883326497e-10;0.3419223883326497
338;Appareil_001;00112233-4455-6677-8899-aabbccddeeff;4b:9c:4c:e8:b6:be;1784758544.491611;1784758544.491611;0.0;32.85789489746094;1;39;ADV_IND;36;-55.0;368.0;1.1637181789419635e-12;0.0011637181789419635;3.430861065115917e-10;0.34308610651159166
339;Appareil_001;00112233-4455-6677-8899-aabbccddeeff;4b:9c:4c:e8:b6:be;1784758544.711047;1784758544.711047;0.0;219.4359302520752;1;38;ADV_IND;36;-58.0;368.0;5.832406948256888e-13;0.0005832406948256888;3.4366934720641737e-10;0.34366934720641734
340;Appareil_001;00112233-4455-6677-8899-aabbccddeeff;4b:9c:4c:e8:b6:be;1784758544.752687;1784758544.752687;0.0;41.64004325866699;1;39;ADV_IND;36;-54.0;368.0;1.4650343876368687e-12;0.0014650343876368686;3.451343815940542e-10;0.34513438159405424
341;Appareil_001;00112233-4455-6677-8899-aabbccddeeff;4b:9c:4c:e8:b6:be;1784758544.985038;1784758544.985038;0.0;232.35106468200684;1;38;ADV_IND;36;-57.0;368.0;7.342565319085488e-13;0.0007342565319085489;3.4586863812596277e-10;0.34586863812596275
342;Appareil_001;00112233-4455-6677-8899-aabbccddeeff;4b:9c:4c:e8:b6:be;1784758545.011804;1784758545.011804;0.0;26.766061782836914;1;39;ADV_IND;36;-55.0;368.0;1.1637181789419635e-12;0.0011637181789419635;3.4703235630490475e-10;0.34703235630490475
343;Appareil_001;00112233-4455-6677-8899-aabbccddeeff;4b:9c:4c:e8:b6:be;1784758545.287122;1784758545.287122;0.0;275.317907333374;1;38;ADV_IND;36;-58.0;368.0;5.832406948256888e-13;0.0005832406948256888;3.4761559699973044e-10;0.34761559699973044
344;Appareil_001;00112233-4455-6677-8899-aabbccddeeff;4b:9c:4c:e8:b6:be;1784758545.314049;1784758545.314049;0.0;26.92699432373047;1;39;ADV_IND;36;-55.0;368.0;1.1637181789419635e-12;0.0011637181789419635;3.487793151786724e-10;0.3487793151786724
345;Appareil_001;00112233-4455-6677-8899-aabbccddeeff;4b:9c:4c:e8:b6:be;1784758545.587959;1784758545.587959;0.0;273.9100456237793;1;39;ADV_IND;36;-54.0;368.0;1.4650343876368687e-12;0.0014650343876368686;3.5024434956630927e-10;0.3502443495663093
346;Appareil_001;00112233-4455-6677-8899-aabbccddeeff;4b:9c:4c:e8:b6:be;1784758545.850511;1784758545.850511;0.0;262.55202293395996;1;38;ADV_IND;36;-58.0;368.0;5.832406948256888e-13;0.0005832406948256888;3.5082759026113496e-10;0.35082759026113497
347;Appareil_001;00112233-4455-6677-8899-aabbccddeeff;4b:9c:4c:e8:b6:be;1784758545.878906;1784758545.878906;0.0;28.39493751525879;1;39;ADV_IND;36;-55.0;368.0;1.1637181789419635e-12;0.0011637181789419635;3.5199130844007694e-10;0.3519913084400769
348;Appareil_001;00112233-4455-6677-8899-aabbccddeeff;4b:9c:4c:e8:b6:be;1784758546.148295;1784758546.148295;0.0;269.38891410827637;1;38;ADV_IND;36;-58.0;368.0;5.832406948256888e-13;0.0005832406948256888;3.525745491349026e-10;0.3525745491349026
349;Appareil_001;00112233-4455-6677-8899-aabbccddeeff;4b:9c:4c:e8:b6:be;1784758546.179867;1784758546.179867;0.0;31.57210350036621;1;39;ADV_IND;36;-55.0;368.0;1.1637181789419635e-12;0.0011637181789419635;3.537382673138446e-10;0.3537382673138446
350;Appareil_001;00112233-4455-6677-8899-aabbccddeeff;4b:9c:4c:e8:b6:be;1784758546.696455;1784758546.696455;0.0;516.5879726409912;1;38;ADV_IND;36;-58.0;368.0;5.832406948256888e-13;0.0005832406948256888;3.543215080086703e-10;0.3543215080086703
351;Appareil_001;00112233-4455-6677-8899-aabbccddeeff;4b:9c:4c:e8:b6:be;1784758546.723492;1784758546.723492;0.0;27.03690528869629;1;39;ADV_IND;36;-55.0;368.0;1.1637181789419635e-12;0.0011637181789419635;3.5548522618761227e-10;0.35548522618761225
352;Appareil_001;00112233-4455-6677-8899-aabbccddeeff;4b:9c:4c:e8:b6:be;1784758547.007078;1784758547.007078;0.0;283.5860252380371;1;38;ADV_IND;36;-58.0;368.0;5.832406948256888e-13;0.0005832406948256888;3.5606846688243796e-10;0.35606846688243793
353;Appareil_001;00112233-4455-6677-8899-aabbccddeeff;4b:9c:4c:e8:b6:be;1784758547.038615;1784758547.038615;0.0;31.53705596923828;1;39;ADV_IND;36;-55.0;368.0;1.1637181789419635e-12;0.0011637181789419635;3.5723218506137993e-10;0.35723218506137994
354;Appareil_001;00112233-4455-6677-8899-aabbccddeeff;4b:9c:4c:e8:b6:be;1784758547.295728;1784758547.295728;0.0;257.112979888916;1;38;ADV_IND;36;-58.0;368.0;5.832406948256888e-13;0.0005832406948256888;3.578154257562056e-10;0.3578154257562056
355;Appareil_001;00112233-4455-6677-8899-aabbccddeeff;4b:9c:4c:e8:b6:be;1784758547.322646;1784758547.322646;0.0;26.91793441772461;1;39;ADV_IND;36;-55.0;368.0;1.1637181789419635e-12;0.0011637181789419635;3.589791439351476e-10;0.3589791439351476
356;Appareil_001;00112233-4455-6677-8899-aabbccddeeff;4b:9c:4c:e8:b6:be;1784758547.57553;1784758547.57553;0.0;252.8841495513916;1;38;ADV_IND;36;-58.0;368.0;5.832406948256888e-13;0.0005832406948256888;3.595623846299733e-10;0.3595623846299733
357;Appareil_001;00112233-4455-6677-8899-aabbccddeeff;4b:9c:4c:e8:b6:be;1784758547.61929;1784758547.61929;0.0;43.760061264038086;1;39;ADV_IND;36;-55.0;368.0;1.1637181789419635e-12;0.0011637181789419635;3.6072610280891527e-10;0.36072610280891526
358;Appareil_001;00112233-4455-6677-8899-aabbccddeeff;4b:9c:4c:e8:b6:be;1784758547.881036;1784758547.881036;0.0;261.7459297180176;1;38;ADV_IND;36;-58.0;368.0;5.832406948256888e-13;0.0005832406948256888;3.6130934350374095e-10;0.36130934350374094
359;Appareil_001;00112233-4455-6677-8899-aabbccddeeff;4b:9c:4c:e8:b6:be;1784758547.90731;1784758547.90731;0.0;26.27396583557129;1;39;ADV_IND;36;-55.0;368.0;1.1637181789419635e-12;0.0011637181789419635;3.6247306168268293e-10;0.36247306168268295
360;Appareil_001;00112233-4455-6677-8899-aabbccddeeff;4b:9c:4c:e8:b6:be;1784758548.154417;1784758548.154417;0.0;247.10702896118164;1;38;ADV_IND;36;-58.0;368.0;5.832406948256888e-13;0.0005832406948256888;3.630563023775086e-10;0.36305630237750863
361;Appareil_001;00112233-4455-6677-8899-aabbccddeeff;4b:9c:4c:e8:b6:be;1784758548.186104;1784758548.186104;0.0;31.687021255493164;1;39;ADV_IND;36;-55.0;368.0;1.1637181789419635e-12;0.0011637181789419635;3.642200205564506e-10;0.3642200205564506
362;Appareil_001;00112233-4455-6677-8899-aabbccddeeff;4b:9c:4c:e8:b6:be;1784758548.448727;1784758548.448727;0.0;262.6228332519531;1;38;ADV_IND;36;-58.0;368.0;5.832406948256888e-13;0.0005832406948256888;3.648032612512763e-10;0.36480326125127627
363;Appareil_001;00112233-4455-6677-8899-aabbccddeeff;4b:9c:4c:e8:b6:be;1784758548.471158;1784758548.471158;0.0;22.431135177612305;1;39;ADV_IND;36;-55.0;368.0;1.1637181789419635e-12;0.0011637181789419635;3.6596697943021826e-10;0.3659669794302183
364;Appareil_001;00112233-4455-6677-8899-aabbccddeeff;4b:9c:4c:e8:b6:be;1784758548.724492;1784758548.724492;0.0;253.33404541015625;1;38;ADV_IND;36;-58.0;368.0;5.832406948256888e-13;0.0005832406948256888;3.6655022012504395e-10;0.36655022012504396
365;Appareil_001;00112233-4455-6677-8899-aabbccddeeff;4b:9c:4c:e8:b6:be;1784758548.745739;1784758548.745739;0.0;21.246910095214844;1;39;ADV_IND;36;-55.0;368.0;1.1637181789419635e-12;0.0011637181789419635;3.6771393830398593e-10;0.3677139383039859
366;Appareil_001;00112233-4455-6677-8899-aabbccddeeff;4b:9c:4c:e8:b6:be;1784758549.020644;1784758549.020644;0.0;274.9049663543701;1;38;ADV_IND;36;-58.0;368.0;5.832406948256888e-13;0.0005832406948256888;3.682971789988116e-10;0.3682971789988116
367;Appareil_001;00112233-4455-6677-8899-aabbccddeeff;4b:9c:4c:e8:b6:be;1784758549.047002;1784758549.047002;0.0;26.35812759399414;1;39;ADV_IND;36;-55.0;368.0;1.1637181789419635e-12;0.0011637181789419635;3.694608971777536e-10;0.3694608971777536
368;Appareil_001;00112233-4455-6677-8899-aabbccddeeff;4b:9c:4c:e8:b6:be;1784758549.333122;1784758549.333122;0.0;286.1199378967285;1;37;ADV_IND;36;-55.0;368.0;1.1637181789419635e-12;0.0011637181789419635;3.7062461535669557e-10;0.37062461535669555
369;Appareil_001;00112233-4455-6677-8899-aabbccddeeff;4b:9c:4c:e8:b6:be;1784758549.35594;1784758549.35594;0.0;22.81808853149414;1;38;ADV_IND;36;-58.0;368.0;5.832406948256888e-13;0.0005832406948256888;3.7120785605152126e-10;0.37120785605152123
370;Appareil_001;00112233-4455-6677-8899-aabbccddeeff;4b:9c:4c:e8:b6:be;1784758549.389309;1784758549.389309;0.0;33.368825912475586;1;39;ADV_IND;36;-55.0;368.0;1.1637181789419635e-12;0.0011637181789419635;3.7237157423046324e-10;0.37237157423046324
371;Appareil_001;00112233-4455-6677-8899-aabbccddeeff;4b:9c:4c:e8:b6:be;1784758549.596924;1784758549.596924;0.0;207.61513710021973;1;38;ADV_IND;36;-58.0;368.0;5.832406948256888e-13;0.0005832406948256888;3.7295481492528893e-10;0.3729548149252889
372;Appareil_001;00112233-4455-6677-8899-aabbccddeeff;4b:9c:4c:e8:b6:be;1784758549.623778;1784758549.623778;0.0;26.85403823852539;1;39;ADV_IND;36;-55.0;368.0;1.1637181789419635e-12;0.0011637181789419635;3.741185331042309e-10;0.37411853310423093
373;Appareil_001;00112233-4455-6677-8899-aabbccddeeff;4b:9c:4c:e8:b6:be;1784758549.891966;1784758549.891966;0.0;268.1879997253418;1;38;ADV_IND;36;-58.0;368.0;5.832406948256888e-13;0.0005832406948256888;3.747017737990566e-10;0.3747017737990566
374;Appareil_001;00112233-4455-6677-8899-aabbccddeeff;4b:9c:4c:e8:b6:be;1784758549.913475;1784758549.913475;0.0;21.50893211364746;1;39;ADV_IND;36;-55.0;368.0;1.1637181789419635e-12;0.0011637181789419635;3.7586549197799857e-10;0.37586549197799857
